station,timestamp,pH,turbidity,temperature,specific_conductance
USGS-01649190,2024-01-01 00:00:00+00:00,7.6,1.4,7.2,339
USGS-01649190,2024-01-01 00:05:00+00:00,7.6,1.4,7.2,339
USGS-01649190,2024-01-01 00:10:00+00:00,7.6,1.4,7.2,339
USGS-01649190,2024-01-01 00:15:00+00:00,7.6,1.4,7.2,339
USGS-01649190,2024-01-01 00:20:00+00:00,7.6,1.4,7.1,339
USGS-01649190,2024-01-01 00:25:00+00:00,7.6,1.4,7.1,339
USGS-01649190,2024-01-01 00:30:00+00:00,7.6,1.4,7.1,339
USGS-01649190,2024-01-01 00:35:00+00:00,7.6,1.4,7.1,339
USGS-01649190,2024-01-01 00:40:00+00:00,7.6,1.3,7.1,339
USGS-01649190,2024-01-01 00:45:00+00:00,7.6,1.3,7.1,339
USGS-01649190,2024-01-01 00:50:00+00:00,7.6,1.4,7.1,339
USGS-01649190,2024-01-01 00:55:00+00:00,7.6,1.4,7.1,339
USGS-01649190,2024-01-01 01:00:00+00:00,7.6,1.4,7.1,339
USGS-01649190,2024-01-01 01:05:00+00:00,7.6,1.3,7.1,339
USGS-01649190,2024-01-01 01:10:00+00:00,7.6,1.3,7.1,339
USGS-01649190,2024-01-01 01:15:00+00:00,7.6,1.3,7.1,339
USGS-01649190,2024-01-01 01:20:00+00:00,7.6,1.4,7.0,340
USGS-01649190,2024-01-01 01:25:00+00:00,7.6,1.3,7.1,339
USGS-01649190,2024-01-01 01:30:00+00:00,7.6,1.4,7.0,340
USGS-01649190,2024-01-01 01:35:00+00:00,7.6,1.4,7.0,340
USGS-01649190,2024-01-01 01:40:00+00:00,7.6,1.4,7.0,340
USGS-01649190,2024-01-01 01:45:00+00:00,7.6,1.3,7.0,340
USGS-01649190,2024-01-01 01:50:00+00:00,7.6,1.3,7.0,340
USGS-01649190,2024-01-01 01:55:00+00:00,7.6,1.3,7.0,340
USGS-01649190,2024-01-01 02:00:00+00:00,7.6,1.4,7.0,340
USGS-01649190,2024-01-01 02:05:00+00:00,7.6,1.3,7.0,340
USGS-01649190,2024-01-01 02:10:00+00:00,7.6,1.3,7.0,340
USGS-01649190,2024-01-01 02:15:00+00:00,7.6,1.3,7.0,340
USGS-01649190,2024-01-01 02:20:00+00:00,7.6,1.3,7.0,340
USGS-01649190,2024-01-01 02:25:00+00:00,7.6,1.3,7.0,340
USGS-01649190,2024-01-01 02:30:00+00:00,7.6,1.3,6.9,341
USGS-01649190,2024-01-01 02:35:00+00:00,7.6,1.4,6.9,341
USGS-01649190,2024-01-01 02:40:00+00:00,7.6,1.3,6.9,341
USGS-01649190,2024-01-01 02:45:00+00:00,7.6,1.3,6.9,341
USGS-01649190,2024-01-01 02:50:00+00:00,7.6,1.3,6.9,341
USGS-01649190,2024-01-01 02:55:00+00:00,7.6,1.3,6.9,341
USGS-01649190,2024-01-01 03:00:00+00:00,7.5,1.2,6.9,341
USGS-01649190,2024-01-01 03:05:00+00:00,7.5,1.3,6.9,341
USGS-01649190,2024-01-01 03:10:00+00:00,7.5,1.3,6.9,341
USGS-01649190,2024-01-01 03:15:00+00:00,7.5,1.3,6.9,341
USGS-01649190,2024-01-01 03:20:00+00:00,7.5,1.3,6.9,341
USGS-01649190,2024-01-01 03:25:00+00:00,7.5,1.4,6.9,341
USGS-01649190,2024-01-01 03:30:00+00:00,7.5,1.3,6.9,341
USGS-01649190,2024-01-01 03:35:00+00:00,7.5,1.3,6.9,341
USGS-01649190,2024-01-01 03:40:00+00:00,7.5,1.3,6.9,341
USGS-01649190,2024-01-01 03:45:00+00:00,7.5,1.3,6.9,341
USGS-01649190,2024-01-01 03:50:00+00:00,7.5,1.3,6.9,342
USGS-01649190,2024-01-01 03:55:00+00:00,7.5,1.3,6.9,341
USGS-01649190,2024-01-01 04:00:00+00:00,7.5,1.4,6.9,342
USGS-01649190,2024-01-01 04:05:00+00:00,7.5,1.2,6.9,342
USGS-01649190,2024-01-01 04:10:00+00:00,7.5,1.3,6.9,342
USGS-01649190,2024-01-01 04:15:00+00:00,7.5,1.2,6.9,342
USGS-01649190,2024-01-01 04:20:00+00:00,7.5,1.3,6.9,342
USGS-01649190,2024-01-01 04:25:00+00:00,7.5,1.2,6.9,342
USGS-01649190,2024-01-01 04:30:00+00:00,7.5,1.2,6.9,342
USGS-01649190,2024-01-01 04:35:00+00:00,7.5,1.3,6.9,342
USGS-01649190,2024-01-01 04:40:00+00:00,7.5,1.3,6.9,342
USGS-01649190,2024-01-01 04:45:00+00:00,7.5,1.3,6.8,342
USGS-01649190,2024-01-01 04:50:00+00:00,7.5,1.2,6.8,342
USGS-01649190,2024-01-01 04:55:00+00:00,7.5,1.3,6.8,342
USGS-01649190,2024-01-01 05:00:00+00:00,7.5,1.2,6.8,342
USGS-01649190,2024-01-01 05:05:00+00:00,7.5,1.3,6.8,343
USGS-01649190,2024-01-01 05:10:00+00:00,7.5,1.3,6.8,343
USGS-01649190,2024-01-01 05:15:00+00:00,7.5,1.2,6.8,343
USGS-01649190,2024-01-01 05:20:00+00:00,7.5,1.3,6.8,343
USGS-01649190,2024-01-01 05:25:00+00:00,7.5,1.2,6.8,343
USGS-01649190,2024-01-01 05:30:00+00:00,7.5,1.2,6.8,343
USGS-01649190,2024-01-01 05:35:00+00:00,7.5,1.3,6.7,343
USGS-01649190,2024-01-01 05:40:00+00:00,7.5,1.3,6.7,343
USGS-01649190,2024-01-01 05:45:00+00:00,7.5,1.3,6.7,343
USGS-01649190,2024-01-01 05:50:00+00:00,7.5,1.2,6.7,343
USGS-01649190,2024-01-01 05:55:00+00:00,7.5,1.3,6.7,343
USGS-01649190,2024-01-01 06:00:00+00:00,7.5,1.3,6.7,343
USGS-01649190,2024-01-01 06:05:00+00:00,7.5,1.3,6.7,343
USGS-01649190,2024-01-01 06:10:00+00:00,7.5,1.3,6.7,343
USGS-01649190,2024-01-01 06:15:00+00:00,7.5,1.3,6.7,344
USGS-01649190,2024-01-01 06:20:00+00:00,7.5,1.2,6.6,344
USGS-01649190,2024-01-01 06:25:00+00:00,7.5,1.3,6.6,344
USGS-01649190,2024-01-01 06:30:00+00:00,7.5,1.3,6.6,344
USGS-01649190,2024-01-01 06:35:00+00:00,7.5,1.3,6.6,344
USGS-01649190,2024-01-01 06:40:00+00:00,7.5,1.3,6.6,344
USGS-01649190,2024-01-01 06:45:00+00:00,7.5,1.3,6.6,344
USGS-01649190,2024-01-01 06:50:00+00:00,7.5,1.2,6.6,344
USGS-01649190,2024-01-01 06:55:00+00:00,7.5,1.3,6.6,344
USGS-01649190,2024-01-01 07:00:00+00:00,7.5,1.3,6.6,344
USGS-01649190,2024-01-01 07:05:00+00:00,7.5,1.2,6.6,344
USGS-01649190,2024-01-01 07:10:00+00:00,7.5,1.3,6.6,344
USGS-01649190,2024-01-01 07:15:00+00:00,7.5,1.3,6.6,344
USGS-01649190,2024-01-01 07:20:00+00:00,7.5,1.2,6.6,344
USGS-01649190,2024-01-01 07:25:00+00:00,7.5,1.2,6.6,344
USGS-01649190,2024-01-01 07:30:00+00:00,7.5,1.2,6.6,344
USGS-01649190,2024-01-01 07:35:00+00:00,7.5,1.3,6.6,344
USGS-01649190,2024-01-01 07:40:00+00:00,7.5,1.2,6.5,345
USGS-01649190,2024-01-01 07:45:00+00:00,7.5,1.2,6.5,345
USGS-01649190,2024-01-01 07:50:00+00:00,7.5,1.3,6.5,345
USGS-01649190,2024-01-01 07:55:00+00:00,7.5,1.2,6.5,345
USGS-01649190,2024-01-01 08:00:00+00:00,7.5,1.3,6.5,345
USGS-01649190,2024-01-01 08:05:00+00:00,7.5,1.2,6.5,345
USGS-01649190,2024-01-01 08:10:00+00:00,7.5,1.3,6.5,345
USGS-01649190,2024-01-01 08:15:00+00:00,7.5,1.3,6.5,345
USGS-01649190,2024-01-01 08:20:00+00:00,7.5,1.4,6.5,345
USGS-01649190,2024-01-01 08:25:00+00:00,7.5,1.4,6.5,345
USGS-01649190,2024-01-01 08:30:00+00:00,7.5,1.4,6.5,345
USGS-01649190,2024-01-01 08:35:00+00:00,7.5,1.5,6.5,345
USGS-01649190,2024-01-01 08:40:00+00:00,7.5,1.4,6.5,345
USGS-01649190,2024-01-01 08:45:00+00:00,7.5,1.5,6.5,345
USGS-01649190,2024-01-01 08:50:00+00:00,7.5,1.4,6.5,345
USGS-01649190,2024-01-01 08:55:00+00:00,7.5,1.5,6.5,346
USGS-01649190,2024-01-01 09:00:00+00:00,7.5,1.5,6.5,346
USGS-01649190,2024-01-01 09:05:00+00:00,7.5,1.4,6.5,345
USGS-01649190,2024-01-01 09:10:00+00:00,7.5,1.4,6.5,346
USGS-01649190,2024-01-01 09:15:00+00:00,7.5,1.4,6.5,346
USGS-01649190,2024-01-01 09:20:00+00:00,7.5,1.3,6.5,346
USGS-01649190,2024-01-01 09:25:00+00:00,7.5,1.4,6.5,346
USGS-01649190,2024-01-01 09:30:00+00:00,7.5,1.5,6.5,346
USGS-01649190,2024-01-01 09:35:00+00:00,7.5,1.5,6.4,346
USGS-01649190,2024-01-01 09:40:00+00:00,7.5,1.5,6.4,346
USGS-01649190,2024-01-01 09:45:00+00:00,7.5,1.4,6.4,346
USGS-01649190,2024-01-01 09:50:00+00:00,7.5,1.4,6.4,346
USGS-01649190,2024-01-01 09:55:00+00:00,7.5,1.5,6.4,346
USGS-01649190,2024-01-01 10:00:00+00:00,7.5,1.6,6.4,346
USGS-01649190,2024-01-01 10:05:00+00:00,7.5,1.6,6.4,346
USGS-01649190,2024-01-01 10:10:00+00:00,7.5,1.6,6.4,346
USGS-01649190,2024-01-01 10:15:00+00:00,7.5,1.6,6.4,346
USGS-01649190,2024-01-01 10:20:00+00:00,7.5,1.6,6.4,346
USGS-01649190,2024-01-01 10:25:00+00:00,7.5,1.6,6.4,347
USGS-01649190,2024-01-01 10:30:00+00:00,7.5,1.5,6.4,347
USGS-01649190,2024-01-01 10:35:00+00:00,7.5,1.6,6.4,347
USGS-01649190,2024-01-01 10:40:00+00:00,7.5,1.4,6.4,347
USGS-01649190,2024-01-01 10:45:00+00:00,7.5,1.5,6.4,347
USGS-01649190,2024-01-01 10:50:00+00:00,7.5,1.8,6.4,347
USGS-01649190,2024-01-01 10:55:00+00:00,7.5,1.9,6.3,347
USGS-01649190,2024-01-01 11:00:00+00:00,7.5,1.8,6.3,347
USGS-01649190,2024-01-01 11:05:00+00:00,7.5,1.7,6.3,347
USGS-01649190,2024-01-01 11:10:00+00:00,7.5,1.9,6.3,347
USGS-01649190,2024-01-01 11:15:00+00:00,7.5,1.8,6.3,347
USGS-01649190,2024-01-01 11:20:00+00:00,7.5,1.6,6.3,347
USGS-01649190,2024-01-01 11:25:00+00:00,7.5,1.8,6.3,347
USGS-01649190,2024-01-01 11:30:00+00:00,7.5,1.6,6.3,347
USGS-01649190,2024-01-01 11:35:00+00:00,7.5,1.6,6.3,347
USGS-01649190,2024-01-01 11:40:00+00:00,7.5,1.6,6.3,347
USGS-01649190,2024-01-01 11:45:00+00:00,7.5,1.5,6.3,348
USGS-01649190,2024-01-01 11:50:00+00:00,7.5,1.5,6.3,348
USGS-01649190,2024-01-01 11:55:00+00:00,7.5,1.5,6.3,348
USGS-01649190,2024-01-01 12:00:00+00:00,7.5,1.4,6.3,348
USGS-01649190,2024-01-01 12:05:00+00:00,7.5,1.4,6.3,348
USGS-01649190,2024-01-01 12:10:00+00:00,7.5,1.4,6.3,348
USGS-01649190,2024-01-01 12:15:00+00:00,7.5,1.3,6.3,348
USGS-01649190,2024-01-01 12:20:00+00:00,7.5,1.4,6.2,348
USGS-01649190,2024-01-01 12:25:00+00:00,7.5,1.3,6.2,348
USGS-01649190,2024-01-01 12:30:00+00:00,7.5,1.2,6.2,348
USGS-01649190,2024-01-01 12:35:00+00:00,7.5,1.3,6.2,348
USGS-01649190,2024-01-01 12:40:00+00:00,7.5,1.3,6.2,348
USGS-01649190,2024-01-01 12:45:00+00:00,7.5,1.3,6.2,348
USGS-01649190,2024-01-01 12:50:00+00:00,7.5,1.3,6.2,348
USGS-01649190,2024-01-01 12:55:00+00:00,7.5,1.2,6.2,348
USGS-01649190,2024-01-01 13:00:00+00:00,7.5,1.3,6.2,348
USGS-01649190,2024-01-01 13:05:00+00:00,7.5,1.3,6.2,348
USGS-01649190,2024-01-01 13:10:00+00:00,7.5,1.3,6.2,348
USGS-01649190,2024-01-01 13:15:00+00:00,7.5,1.2,6.2,348
USGS-01649190,2024-01-01 13:20:00+00:00,7.5,1.2,6.1,349
USGS-01649190,2024-01-01 13:25:00+00:00,7.5,1.2,6.1,349
USGS-01649190,2024-01-01 13:30:00+00:00,7.5,1.2,6.1,349
USGS-01649190,2024-01-01 13:35:00+00:00,7.5,1.2,6.1,349
USGS-01649190,2024-01-01 13:40:00+00:00,7.5,1.2,6.1,349
USGS-01649190,2024-01-01 13:45:00+00:00,7.5,1.2,6.1,349
USGS-01649190,2024-01-01 13:50:00+00:00,7.5,1.2,6.1,349
USGS-01649190,2024-01-01 13:55:00+00:00,7.5,1.2,6.1,349
USGS-01649190,2024-01-01 14:00:00+00:00,7.5,1.2,6.1,349
USGS-01649190,2024-01-01 14:05:00+00:00,7.5,1.2,6.1,349
USGS-01649190,2024-01-01 14:10:00+00:00,7.5,1.2,6.1,349
USGS-01649190,2024-01-01 14:15:00+00:00,7.5,1.1,6.1,349
USGS-01649190,2024-01-01 14:20:00+00:00,7.5,1.1,6.1,349
USGS-01649190,2024-01-01 14:25:00+00:00,7.5,1.2,6.1,349
USGS-01649190,2024-01-01 14:30:00+00:00,7.5,1.1,6.1,349
USGS-01649190,2024-01-01 14:35:00+00:00,7.6,1.2,6.1,349
USGS-01649190,2024-01-01 14:40:00+00:00,7.6,1.1,6.2,349
USGS-01649190,2024-01-01 14:45:00+00:00,7.6,1.1,6.2,349
USGS-01649190,2024-01-01 14:50:00+00:00,7.6,1.1,6.2,350
USGS-01649190,2024-01-01 14:55:00+00:00,7.6,1.1,6.2,350
USGS-01649190,2024-01-01 15:00:00+00:00,7.6,1.1,6.2,349
USGS-01649190,2024-01-01 15:05:00+00:00,7.6,1.1,6.2,350
USGS-01649190,2024-01-01 15:10:00+00:00,7.6,1.2,6.2,350
USGS-01649190,2024-01-01 15:15:00+00:00,7.6,1.1,6.2,350
USGS-01649190,2024-01-01 15:20:00+00:00,7.6,1.1,6.2,350
USGS-01649190,2024-01-01 15:25:00+00:00,7.6,1.0,6.2,350
USGS-01649190,2024-01-01 15:30:00+00:00,7.6,1.1,6.2,350
USGS-01649190,2024-01-01 15:35:00+00:00,7.6,1.1,6.2,350
USGS-01649190,2024-01-01 15:40:00+00:00,7.6,1.1,6.2,350
USGS-01649190,2024-01-01 15:45:00+00:00,7.6,1.1,6.2,350
USGS-01649190,2024-01-01 15:50:00+00:00,7.6,1.1,6.2,350
USGS-01649190,2024-01-01 15:55:00+00:00,7.6,1.1,6.2,350
USGS-01649190,2024-01-01 16:00:00+00:00,7.6,1.0,6.2,350
USGS-01649190,2024-01-01 16:05:00+00:00,7.6,1.1,6.2,350
USGS-01649190,2024-01-01 16:10:00+00:00,7.6,1.1,6.2,350
USGS-01649190,2024-01-01 16:15:00+00:00,7.6,1.1,6.2,350
USGS-01649190,2024-01-01 16:20:00+00:00,7.6,1.1,6.2,350
USGS-01649190,2024-01-01 16:25:00+00:00,7.6,1.1,6.2,350
USGS-01649190,2024-01-01 16:30:00+00:00,7.6,1.0,6.2,350
USGS-01649190,2024-01-01 16:35:00+00:00,7.6,1.1,6.2,351
USGS-01649190,2024-01-01 16:40:00+00:00,7.6,1.1,6.2,351
USGS-01649190,2024-01-01 16:45:00+00:00,7.6,1.1,6.2,350
USGS-01649190,2024-01-01 16:50:00+00:00,7.6,1.1,6.2,351
USGS-01649190,2024-01-01 16:55:00+00:00,7.6,1.1,6.2,351
USGS-01649190,2024-01-01 17:00:00+00:00,7.6,1.1,6.2,351
USGS-01649190,2024-01-01 17:05:00+00:00,7.6,1.0,6.2,351
USGS-01649190,2024-01-01 17:10:00+00:00,7.6,1.0,6.2,351
USGS-01649190,2024-01-01 17:15:00+00:00,7.6,1.0,6.2,351
USGS-01649190,2024-01-01 17:20:00+00:00,7.6,1.0,6.2,351
USGS-01649190,2024-01-01 17:25:00+00:00,7.6,1.0,6.2,351
USGS-01649190,2024-01-01 17:30:00+00:00,7.6,1.0,6.2,351
USGS-01649190,2024-01-01 17:35:00+00:00,7.6,1.0,6.2,351
USGS-01649190,2024-01-01 17:40:00+00:00,7.6,1.1,6.2,351
USGS-01649190,2024-01-01 17:45:00+00:00,7.6,1.0,6.2,351
USGS-01649190,2024-01-01 17:50:00+00:00,7.6,1.0,6.2,351
USGS-01649190,2024-01-01 17:55:00+00:00,7.6,1.0,6.2,351
USGS-01649190,2024-01-01 18:00:00+00:00,7.6,1.0,6.2,351
USGS-01649190,2024-01-01 18:05:00+00:00,7.6,1.0,6.2,351
USGS-01649190,2024-01-01 18:10:00+00:00,7.6,1.0,6.2,351
USGS-01649190,2024-01-01 18:15:00+00:00,7.6,1.0,6.2,351
USGS-01649190,2024-01-01 18:20:00+00:00,7.6,1.0,6.2,351
USGS-01649190,2024-01-01 18:25:00+00:00,7.6,1.0,6.2,351
USGS-01649190,2024-01-01 18:30:00+00:00,7.6,1.0,6.2,351
USGS-01649190,2024-01-01 18:35:00+00:00,7.6,1.0,6.2,351
USGS-01649190,2024-01-01 18:40:00+00:00,7.6,1.0,6.2,352
USGS-01649190,2024-01-01 18:45:00+00:00,7.6,1.0,6.2,352
USGS-01649190,2024-01-01 18:50:00+00:00,7.6,1.0,6.2,352
USGS-01649190,2024-01-01 18:55:00+00:00,7.6,1.0,6.2,352
USGS-01649190,2024-01-01 19:00:00+00:00,7.6,1.0,6.2,352
USGS-01649190,2024-01-01 19:05:00+00:00,7.6,1.0,6.2,352
USGS-01649190,2024-01-01 19:10:00+00:00,7.6,1.0,6.2,352
USGS-01649190,2024-01-01 19:15:00+00:00,7.6,1.0,6.2,352
USGS-01649190,2024-01-01 19:20:00+00:00,7.6,1.0,6.2,352
USGS-01649190,2024-01-01 19:25:00+00:00,7.6,1.0,6.2,352
USGS-01649190,2024-01-01 19:30:00+00:00,7.6,1.0,6.2,352
USGS-01649190,2024-01-01 19:35:00+00:00,7.6,1.0,6.2,352
USGS-01649190,2024-01-01 19:40:00+00:00,7.6,1.0,6.2,352
USGS-01649190,2024-01-01 19:45:00+00:00,7.6,0.9,6.2,352
USGS-01649190,2024-01-01 19:50:00+00:00,7.6,1.0,6.2,352
USGS-01649190,2024-01-01 19:55:00+00:00,7.6,1.0,6.2,352
USGS-01649190,2024-01-01 20:00:00+00:00,7.6,1.0,6.2,352
USGS-01649190,2024-01-01 20:05:00+00:00,7.6,0.9,6.2,352
USGS-01649190,2024-01-01 20:10:00+00:00,7.6,1.0,6.2,352
USGS-01649190,2024-01-01 20:15:00+00:00,7.6,1.0,6.2,352
USGS-01649190,2024-01-01 20:20:00+00:00,7.6,1.0,6.2,352
USGS-01649190,2024-01-01 20:25:00+00:00,7.6,1.0,6.2,352
USGS-01649190,2024-01-01 20:30:00+00:00,7.6,0.9,6.2,352
USGS-01649190,2024-01-01 20:35:00+00:00,7.6,0.9,6.2,352
USGS-01649190,2024-01-01 20:40:00+00:00,7.6,0.9,6.2,352
USGS-01649190,2024-01-01 20:45:00+00:00,7.6,0.9,6.2,352
USGS-01649190,2024-01-01 20:50:00+00:00,7.6,1.0,6.2,352
USGS-01649190,2024-01-01 20:55:00+00:00,7.6,1.0,6.2,352
USGS-01649190,2024-01-01 21:00:00+00:00,7.6,1.0,6.2,353
USGS-01649190,2024-01-01 21:05:00+00:00,7.6,0.9,6.2,352
USGS-01649190,2024-01-01 21:10:00+00:00,7.6,1.0,6.2,353
USGS-01649190,2024-01-01 21:15:00+00:00,7.6,1.0,6.2,352
USGS-01649190,2024-01-01 21:20:00+00:00,7.6,0.9,6.2,353
USGS-01649190,2024-01-01 21:25:00+00:00,7.6,0.9,6.2,353
USGS-01649190,2024-01-01 21:30:00+00:00,7.6,0.9,6.2,353
USGS-01649190,2024-01-01 21:35:00+00:00,7.6,0.9,6.2,353
USGS-01649190,2024-01-01 21:40:00+00:00,7.6,0.9,6.2,353
USGS-01649190,2024-01-01 21:45:00+00:00,7.6,1.0,6.2,353
USGS-01649190,2024-01-01 21:50:00+00:00,7.6,1.0,6.2,353
USGS-01649190,2024-01-01 21:55:00+00:00,7.6,0.9,6.2,353
USGS-01649190,2024-01-01 22:00:00+00:00,7.6,0.9,6.2,353
USGS-01649190,2024-01-01 22:05:00+00:00,7.6,1.0,6.2,353
USGS-01649190,2024-01-01 22:10:00+00:00,7.6,1.0,6.2,353
USGS-01649190,2024-01-01 22:15:00+00:00,7.6,0.9,6.2,353
USGS-01649190,2024-01-01 22:20:00+00:00,7.6,0.9,6.2,353
USGS-01649190,2024-01-01 22:25:00+00:00,7.6,0.9,6.2,353
USGS-01649190,2024-01-01 22:30:00+00:00,7.6,0.9,6.2,353
USGS-01649190,2024-01-01 22:35:00+00:00,7.6,1.0,6.2,353
USGS-01649190,2024-01-01 22:40:00+00:00,7.6,0.9,6.2,353
USGS-01649190,2024-01-01 22:45:00+00:00,7.6,0.9,6.2,353
USGS-01649190,2024-01-01 22:50:00+00:00,7.6,0.9,6.2,353
USGS-01649190,2024-01-01 22:55:00+00:00,7.6,0.9,6.2,353
USGS-01649190,2024-01-01 23:00:00+00:00,7.6,0.9,6.2,353
USGS-01649190,2024-01-01 23:05:00+00:00,7.6,0.9,6.2,353
USGS-01649190,2024-01-01 23:10:00+00:00,7.6,0.9,6.2,353
USGS-01649190,2024-01-01 23:15:00+00:00,7.6,0.9,6.1,353
USGS-01649190,2024-01-01 23:20:00+00:00,7.6,0.9,6.1,353
USGS-01649190,2024-01-01 23:25:00+00:00,7.6,0.9,6.1,353
USGS-01649190,2024-01-01 23:30:00+00:00,7.6,0.9,6.1,353
USGS-01649190,2024-01-01 23:35:00+00:00,7.6,1.0,6.1,353
USGS-01649190,2024-01-01 23:40:00+00:00,7.6,0.9,6.1,353
USGS-01649190,2024-01-01 23:45:00+00:00,7.6,0.9,6.1,353
USGS-01649190,2024-01-01 23:50:00+00:00,7.6,0.9,6.1,353
USGS-01649190,2024-01-01 23:55:00+00:00,7.6,0.9,6.1,353
USGS-01649190,2024-01-02 00:00:00+00:00,7.6,0.9,6.1,354
USGS-01649190,2024-01-02 00:05:00+00:00,7.6,0.9,6.1,354
USGS-01649190,2024-01-02 00:10:00+00:00,7.6,0.9,6.1,354
USGS-01649190,2024-01-02 00:15:00+00:00,7.6,0.8,6.1,354
USGS-01649190,2024-01-02 00:20:00+00:00,7.6,0.8,6.1,354
USGS-01649190,2024-01-02 00:25:00+00:00,7.6,0.9,6.1,354
USGS-01649190,2024-01-02 00:30:00+00:00,7.6,0.9,6.1,354
USGS-01649190,2024-01-02 00:35:00+00:00,7.6,0.9,6.1,354
USGS-01649190,2024-01-02 00:40:00+00:00,7.6,0.9,6.1,354
USGS-01649190,2024-01-02 00:45:00+00:00,7.6,0.9,6.1,354
USGS-01649190,2024-01-02 00:50:00+00:00,7.6,0.9,6.1,354
USGS-01649190,2024-01-02 00:55:00+00:00,7.6,0.9,6.1,354
USGS-01649190,2024-01-02 01:00:00+00:00,7.6,0.9,6.1,354
USGS-01649190,2024-01-02 01:05:00+00:00,7.6,0.9,6.1,354
USGS-01649190,2024-01-02 01:10:00+00:00,7.6,1.0,6.1,354
USGS-01649190,2024-01-02 01:15:00+00:00,7.6,1.0,6.1,354
USGS-01649190,2024-01-02 01:20:00+00:00,7.6,1.0,6.1,354
USGS-01649190,2024-01-02 01:25:00+00:00,7.6,1.0,6.1,354
USGS-01649190,2024-01-02 01:30:00+00:00,7.6,1.0,6.1,354
USGS-01649190,2024-01-02 01:35:00+00:00,7.6,1.0,6.0,354
USGS-01649190,2024-01-02 01:40:00+00:00,7.6,1.1,6.0,354
USGS-01649190,2024-01-02 01:45:00+00:00,7.6,1.0,6.0,354
USGS-01649190,2024-01-02 01:50:00+00:00,7.6,1.0,6.0,354
USGS-01649190,2024-01-02 01:55:00+00:00,7.6,1.0,6.0,354
USGS-01649190,2024-01-02 02:00:00+00:00,7.6,1.0,6.0,354
USGS-01649190,2024-01-02 02:05:00+00:00,7.6,1.0,6.0,354
USGS-01649190,2024-01-02 02:10:00+00:00,7.6,1.0,6.0,355
USGS-01649190,2024-01-02 02:15:00+00:00,7.6,0.9,6.0,355
USGS-01649190,2024-01-02 02:20:00+00:00,7.6,0.9,6.0,355
USGS-01649190,2024-01-02 02:25:00+00:00,7.6,0.9,6.0,355
USGS-01649190,2024-01-02 02:30:00+00:00,7.6,1.0,6.0,355
USGS-01649190,2024-01-02 02:35:00+00:00,7.6,0.9,6.0,355
USGS-01649190,2024-01-02 02:40:00+00:00,7.6,0.9,6.0,355
USGS-01649190,2024-01-02 02:45:00+00:00,7.6,1.0,6.0,355
USGS-01649190,2024-01-02 02:50:00+00:00,7.6,1.0,6.0,355
USGS-01649190,2024-01-02 02:55:00+00:00,7.6,0.9,6.0,355
USGS-01649190,2024-01-02 03:00:00+00:00,7.6,0.9,6.0,355
USGS-01649190,2024-01-02 03:05:00+00:00,7.6,1.0,6.0,355
USGS-01649190,2024-01-02 03:10:00+00:00,7.6,0.9,6.0,355
USGS-01649190,2024-01-02 03:15:00+00:00,7.6,0.9,6.0,355
USGS-01649190,2024-01-02 03:20:00+00:00,7.6,1.0,6.0,355
USGS-01649190,2024-01-02 03:25:00+00:00,7.6,0.9,5.9,355
USGS-01649190,2024-01-02 03:30:00+00:00,7.6,1.0,5.9,355
USGS-01649190,2024-01-02 03:35:00+00:00,7.6,0.9,5.9,355
USGS-01649190,2024-01-02 03:40:00+00:00,7.6,1.0,5.9,355
USGS-01649190,2024-01-02 03:45:00+00:00,7.6,1.0,5.9,356
USGS-01649190,2024-01-02 03:50:00+00:00,7.6,1.0,5.9,355
USGS-01649190,2024-01-02 03:55:00+00:00,7.6,1.0,5.9,356
USGS-01649190,2024-01-02 04:00:00+00:00,7.6,0.9,5.9,355
USGS-01649190,2024-01-02 04:05:00+00:00,7.6,1.0,5.9,356
USGS-01649190,2024-01-02 04:10:00+00:00,7.6,1.0,5.9,356
USGS-01649190,2024-01-02 04:15:00+00:00,7.6,1.0,5.9,356
USGS-01649190,2024-01-02 04:20:00+00:00,7.6,1.1,5.9,356
USGS-01649190,2024-01-02 04:25:00+00:00,7.6,1.0,5.9,356
USGS-01649190,2024-01-02 04:30:00+00:00,7.6,1.0,5.9,356
USGS-01649190,2024-01-02 04:35:00+00:00,7.6,1.0,5.9,356
USGS-01649190,2024-01-02 04:40:00+00:00,7.6,1.0,5.9,356
USGS-01649190,2024-01-02 04:45:00+00:00,7.6,1.0,5.9,356
USGS-01649190,2024-01-02 04:50:00+00:00,7.6,1.0,5.9,356
USGS-01649190,2024-01-02 04:55:00+00:00,7.6,1.0,5.9,356
USGS-01649190,2024-01-02 05:00:00+00:00,7.6,1.0,5.9,356
USGS-01649190,2024-01-02 05:05:00+00:00,7.6,1.0,5.9,356
USGS-01649190,2024-01-02 05:10:00+00:00,7.6,1.0,5.8,356
USGS-01649190,2024-01-02 05:15:00+00:00,7.6,1.0,5.8,356
USGS-01649190,2024-01-02 05:20:00+00:00,7.5,1.0,5.8,356
USGS-01649190,2024-01-02 05:25:00+00:00,7.5,0.9,5.8,356
USGS-01649190,2024-01-02 05:30:00+00:00,7.6,0.9,5.8,356
USGS-01649190,2024-01-02 05:35:00+00:00,7.5,0.9,5.8,356
USGS-01649190,2024-01-02 05:40:00+00:00,7.5,0.9,5.8,356
USGS-01649190,2024-01-02 05:45:00+00:00,7.5,0.9,5.8,356
USGS-01649190,2024-01-02 05:50:00+00:00,7.5,1.0,5.8,357
USGS-01649190,2024-01-02 05:55:00+00:00,7.5,1.0,5.8,356
USGS-01649190,2024-01-02 06:00:00+00:00,7.5,0.9,5.8,357
USGS-01649190,2024-01-02 06:05:00+00:00,7.5,0.9,5.8,357
USGS-01649190,2024-01-02 06:10:00+00:00,7.5,0.9,5.8,357
USGS-01649190,2024-01-02 06:15:00+00:00,7.5,0.9,5.8,357
USGS-01649190,2024-01-02 06:20:00+00:00,7.5,1.0,5.8,357
USGS-01649190,2024-01-02 06:25:00+00:00,7.5,0.9,5.8,357
USGS-01649190,2024-01-02 06:30:00+00:00,7.5,0.9,5.8,357
USGS-01649190,2024-01-02 06:35:00+00:00,7.5,0.9,5.8,357
USGS-01649190,2024-01-02 06:40:00+00:00,7.5,0.9,5.8,357
USGS-01649190,2024-01-02 06:45:00+00:00,7.5,0.9,5.8,357
USGS-01649190,2024-01-02 06:50:00+00:00,7.5,0.9,5.8,357
USGS-01649190,2024-01-02 06:55:00+00:00,7.5,0.8,5.8,357
USGS-01649190,2024-01-02 07:00:00+00:00,7.5,0.9,5.8,357
USGS-01649190,2024-01-02 07:05:00+00:00,7.5,0.9,5.8,357
USGS-01649190,2024-01-02 07:10:00+00:00,7.5,0.9,5.8,357
USGS-01649190,2024-01-02 07:15:00+00:00,7.5,0.9,5.8,357
USGS-01649190,2024-01-02 07:20:00+00:00,7.5,0.9,5.8,357
USGS-01649190,2024-01-02 07:25:00+00:00,7.5,0.9,5.8,357
USGS-01649190,2024-01-02 07:30:00+00:00,7.5,0.9,5.7,357
USGS-01649190,2024-01-02 07:35:00+00:00,7.5,0.8,5.7,357
USGS-01649190,2024-01-02 07:40:00+00:00,7.5,0.8,5.7,357
USGS-01649190,2024-01-02 07:45:00+00:00,7.5,0.9,5.7,357
USGS-01649190,2024-01-02 07:50:00+00:00,7.5,0.9,5.7,357
USGS-01649190,2024-01-02 07:55:00+00:00,7.5,0.9,5.7,357
USGS-01649190,2024-01-02 08:00:00+00:00,7.5,0.9,5.7,357
USGS-01649190,2024-01-02 08:05:00+00:00,7.5,0.9,5.7,357
USGS-01649190,2024-01-02 08:10:00+00:00,7.5,0.9,5.7,357
USGS-01649190,2024-01-02 08:15:00+00:00,7.5,0.8,5.7,358
USGS-01649190,2024-01-02 08:20:00+00:00,7.5,0.9,5.7,358
USGS-01649190,2024-01-02 08:25:00+00:00,7.5,0.9,5.7,358
USGS-01649190,2024-01-02 08:30:00+00:00,7.5,0.9,5.7,358
USGS-01649190,2024-01-02 08:35:00+00:00,7.5,1.0,5.7,358
USGS-01649190,2024-01-02 08:40:00+00:00,7.5,1.1,5.7,358
USGS-01649190,2024-01-02 08:45:00+00:00,7.5,1.0,5.7,358
USGS-01649190,2024-01-02 08:50:00+00:00,7.5,1.0,5.6,358
USGS-01649190,2024-01-02 08:55:00+00:00,7.5,1.1,5.6,358
USGS-01649190,2024-01-02 09:00:00+00:00,7.5,0.9,5.6,358
USGS-01649190,2024-01-02 09:05:00+00:00,7.5,1.0,5.6,358
USGS-01649190,2024-01-02 09:10:00+00:00,7.5,0.9,5.6,358
USGS-01649190,2024-01-02 09:15:00+00:00,7.5,0.9,5.6,358
USGS-01649190,2024-01-02 09:20:00+00:00,7.5,1.0,5.6,358
USGS-01649190,2024-01-02 09:25:00+00:00,7.5,1.0,5.6,358
USGS-01649190,2024-01-02 09:30:00+00:00,7.5,1.0,5.6,358
USGS-01649190,2024-01-02 09:35:00+00:00,7.5,1.0,5.6,358
USGS-01649190,2024-01-02 09:40:00+00:00,7.5,1.0,5.5,358
USGS-01649190,2024-01-02 09:45:00+00:00,7.5,1.1,5.5,358
USGS-01649190,2024-01-02 09:50:00+00:00,7.5,1.1,5.5,358
USGS-01649190,2024-01-02 09:55:00+00:00,7.5,1.1,5.5,358
USGS-01649190,2024-01-02 10:00:00+00:00,7.5,1.2,5.5,358
USGS-01649190,2024-01-02 10:05:00+00:00,7.5,1.3,5.5,358
USGS-01649190,2024-01-02 10:10:00+00:00,7.5,1.4,5.5,358
USGS-01649190,2024-01-02 10:15:00+00:00,7.5,1.3,5.5,358
USGS-01649190,2024-01-02 10:20:00+00:00,7.5,1.3,5.4,358
USGS-01649190,2024-01-02 10:25:00+00:00,7.5,1.2,5.4,358
USGS-01649190,2024-01-02 10:30:00+00:00,7.5,1.1,5.4,358
USGS-01649190,2024-01-02 10:35:00+00:00,7.5,1.2,5.4,358
USGS-01649190,2024-01-02 10:40:00+00:00,7.5,1.4,5.4,359
USGS-01649190,2024-01-02 10:45:00+00:00,7.5,1.4,5.4,359
USGS-01649190,2024-01-02 10:50:00+00:00,7.5,1.5,5.4,359
USGS-01649190,2024-01-02 10:55:00+00:00,7.5,1.3,5.4,359
USGS-01649190,2024-01-02 11:00:00+00:00,7.5,1.3,5.3,359
USGS-01649190,2024-01-02 11:05:00+00:00,7.5,1.3,5.3,359
USGS-01649190,2024-01-02 11:10:00+00:00,7.5,1.2,5.3,359
USGS-01649190,2024-01-02 11:15:00+00:00,7.5,1.2,5.3,359
USGS-01649190,2024-01-02 11:20:00+00:00,7.5,1.3,5.3,359
USGS-01649190,2024-01-02 11:25:00+00:00,7.5,1.3,5.3,359
USGS-01649190,2024-01-02 11:30:00+00:00,7.5,1.3,5.3,359
USGS-01649190,2024-01-02 11:35:00+00:00,7.5,1.4,5.3,359
USGS-01649190,2024-01-02 11:40:00+00:00,7.5,1.8,5.2,359
USGS-01649190,2024-01-02 11:45:00+00:00,7.5,1.6,5.2,359
USGS-01649190,2024-01-02 11:50:00+00:00,7.5,1.8,5.2,359
USGS-01649190,2024-01-02 11:55:00+00:00,7.5,1.5,5.2,359
USGS-01649190,2024-01-02 12:00:00+00:00,7.5,1.5,5.2,359
USGS-01649190,2024-01-02 12:05:00+00:00,7.5,1.4,5.2,359
USGS-01649190,2024-01-02 12:10:00+00:00,7.5,1.3,5.2,359
USGS-01649190,2024-01-02 12:15:00+00:00,7.5,1.3,5.2,359
USGS-01649190,2024-01-02 12:20:00+00:00,7.5,1.4,5.1,359
USGS-01649190,2024-01-02 12:25:00+00:00,7.5,1.3,5.1,359
USGS-01649190,2024-01-02 12:30:00+00:00,7.5,1.1,5.1,359
USGS-01649190,2024-01-02 12:35:00+00:00,7.5,1.2,5.1,359
USGS-01649190,2024-01-02 12:40:00+00:00,7.5,1.2,5.1,359
USGS-01649190,2024-01-02 12:45:00+00:00,7.5,1.1,5.1,359
USGS-01649190,2024-01-02 12:50:00+00:00,7.5,1.2,5.1,359
USGS-01649190,2024-01-02 12:55:00+00:00,7.5,1.1,5.1,359
USGS-01649190,2024-01-02 13:00:00+00:00,7.5,1.2,5.1,359
USGS-01649190,2024-01-02 13:05:00+00:00,7.6,1.1,5.0,359
USGS-01649190,2024-01-02 13:10:00+00:00,7.6,1.1,5.0,360
USGS-01649190,2024-01-02 13:15:00+00:00,7.5,1.1,5.0,360
USGS-01649190,2024-01-02 13:20:00+00:00,7.6,1.1,5.0,360
USGS-01649190,2024-01-02 13:25:00+00:00,7.6,1.0,5.0,360
USGS-01649190,2024-01-02 13:30:00+00:00,7.6,1.1,5.0,360
USGS-01649190,2024-01-02 13:35:00+00:00,7.6,1.1,5.0,360
USGS-01649190,2024-01-02 13:40:00+00:00,7.6,1.0,5.0,360
USGS-01649190,2024-01-02 13:45:00+00:00,7.6,1.1,5.0,360
USGS-01649190,2024-01-02 13:50:00+00:00,7.6,1.0,5.0,360
USGS-01649190,2024-01-02 13:55:00+00:00,7.6,1.0,5.0,360
USGS-01649190,2024-01-02 14:00:00+00:00,7.6,1.0,5.0,360
USGS-01649190,2024-01-02 14:05:00+00:00,7.6,1.1,5.0,360
USGS-01649190,2024-01-02 14:10:00+00:00,7.6,1.0,5.0,360
USGS-01649190,2024-01-02 14:15:00+00:00,7.6,1.0,5.0,360
USGS-01649190,2024-01-02 14:20:00+00:00,7.6,1.0,5.0,360
USGS-01649190,2024-01-02 14:25:00+00:00,7.6,1.0,5.0,360
USGS-01649190,2024-01-02 14:30:00+00:00,7.6,1.0,5.0,360
USGS-01649190,2024-01-02 14:35:00+00:00,7.6,1.0,5.0,360
USGS-01649190,2024-01-02 14:40:00+00:00,7.6,1.0,5.1,360
USGS-01649190,2024-01-02 14:45:00+00:00,7.6,1.0,5.1,360
USGS-01649190,2024-01-02 14:50:00+00:00,7.6,1.0,5.1,360
USGS-01649190,2024-01-02 14:55:00+00:00,7.6,1.0,5.1,360
USGS-01649190,2024-01-02 15:00:00+00:00,7.6,0.9,5.1,360
USGS-01649190,2024-01-02 15:05:00+00:00,7.6,1.0,5.1,360
USGS-01649190,2024-01-02 15:10:00+00:00,7.6,1.0,5.1,360
USGS-01649190,2024-01-02 15:15:00+00:00,7.6,1.0,5.1,360
USGS-01649190,2024-01-02 15:20:00+00:00,7.6,1.0,5.1,360
USGS-01649190,2024-01-02 15:25:00+00:00,7.6,1.0,5.1,360
USGS-01649190,2024-01-02 15:30:00+00:00,7.6,1.0,5.1,360
USGS-01649190,2024-01-02 15:35:00+00:00,7.6,1.0,5.1,360
USGS-01649190,2024-01-02 15:40:00+00:00,7.6,1.0,5.1,360
USGS-01649190,2024-01-02 15:45:00+00:00,7.6,1.0,5.1,360
USGS-01649190,2024-01-02 15:50:00+00:00,7.6,1.0,5.1,360
USGS-01649190,2024-01-02 15:55:00+00:00,7.6,1.0,5.1,360
USGS-01649190,2024-01-02 16:00:00+00:00,7.6,1.0,5.2,360
USGS-01649190,2024-01-02 16:05:00+00:00,7.6,1.0,5.2,360
USGS-01649190,2024-01-02 16:10:00+00:00,7.6,1.0,5.2,360
USGS-01649190,2024-01-02 16:15:00+00:00,7.6,1.0,5.2,360
USGS-01649190,2024-01-02 16:20:00+00:00,7.6,1.0,5.2,360
USGS-01649190,2024-01-02 16:25:00+00:00,7.6,1.0,5.2,360
USGS-01649190,2024-01-02 16:30:00+00:00,7.6,1.0,5.2,360
USGS-01649190,2024-01-02 16:35:00+00:00,7.6,1.0,5.2,360
USGS-01649190,2024-01-02 16:40:00+00:00,7.6,0.9,5.2,360
USGS-01649190,2024-01-02 16:45:00+00:00,7.6,0.9,5.3,360
USGS-01649190,2024-01-02 16:50:00+00:00,7.6,1.0,5.3,360
USGS-01649190,2024-01-02 16:55:00+00:00,7.6,0.9,5.3,360
USGS-01649190,2024-01-02 17:00:00+00:00,7.6,1.0,5.3,360
USGS-01649190,2024-01-02 17:05:00+00:00,7.6,0.9,5.3,360
USGS-01649190,2024-01-02 17:10:00+00:00,7.6,0.9,5.3,360
USGS-01649190,2024-01-02 17:15:00+00:00,7.6,0.9,5.4,360
USGS-01649190,2024-01-02 17:20:00+00:00,7.6,0.9,5.4,360
USGS-01649190,2024-01-02 17:25:00+00:00,7.6,0.9,5.4,360
USGS-01649190,2024-01-02 17:30:00+00:00,7.6,0.9,5.4,360
USGS-01649190,2024-01-02 17:35:00+00:00,7.6,1.0,5.4,360
USGS-01649190,2024-01-02 17:40:00+00:00,7.6,0.9,5.4,360
USGS-01649190,2024-01-02 17:45:00+00:00,7.6,0.9,5.5,360
USGS-01649190,2024-01-02 17:50:00+00:00,7.6,0.9,5.5,360
USGS-01649190,2024-01-02 17:55:00+00:00,7.6,1.0,5.5,359
USGS-01649190,2024-01-02 18:00:00+00:00,7.6,0.9,5.5,360
USGS-01649190,2024-01-02 18:05:00+00:00,7.6,0.9,5.5,360
USGS-01649190,2024-01-02 18:10:00+00:00,7.6,0.9,5.5,360
USGS-01649190,2024-01-02 18:15:00+00:00,7.6,0.9,5.5,360
USGS-01649190,2024-01-02 18:20:00+00:00,7.6,0.9,5.5,360
USGS-01649190,2024-01-02 18:25:00+00:00,7.6,0.9,5.6,359
USGS-01649190,2024-01-02 18:30:00+00:00,7.6,0.8,5.6,360
USGS-01649190,2024-01-02 18:35:00+00:00,7.6,0.9,5.6,360
USGS-01649190,2024-01-02 18:40:00+00:00,7.6,0.9,5.6,360
USGS-01649190,2024-01-02 18:45:00+00:00,7.6,0.9,5.6,360
USGS-01649190,2024-01-02 18:50:00+00:00,7.6,0.9,5.6,360
USGS-01649190,2024-01-02 18:55:00+00:00,7.6,0.9,5.6,360
USGS-01649190,2024-01-02 19:00:00+00:00,7.6,0.9,5.6,360
USGS-01649190,2024-01-02 19:05:00+00:00,7.6,0.9,5.5,360
USGS-01649190,2024-01-02 19:10:00+00:00,7.6,0.9,5.5,360
USGS-01649190,2024-01-02 19:15:00+00:00,7.6,0.8,5.5,360
USGS-01649190,2024-01-02 19:20:00+00:00,7.6,0.9,5.5,360
USGS-01649190,2024-01-02 19:25:00+00:00,7.6,0.8,5.5,360
USGS-01649190,2024-01-02 19:30:00+00:00,7.6,0.9,5.5,360
USGS-01649190,2024-01-02 19:35:00+00:00,7.6,0.8,5.5,360
USGS-01649190,2024-01-02 19:40:00+00:00,7.6,0.9,5.5,360
USGS-01649190,2024-01-02 19:45:00+00:00,7.6,0.9,5.5,360
USGS-01649190,2024-01-02 19:50:00+00:00,7.6,0.8,5.5,360
USGS-01649190,2024-01-02 19:55:00+00:00,7.6,0.9,5.5,360
USGS-01649190,2024-01-02 20:00:00+00:00,7.6,0.9,5.5,360
USGS-01649190,2024-01-02 20:05:00+00:00,7.6,0.9,5.5,360
USGS-01649190,2024-01-02 20:10:00+00:00,7.6,0.8,5.5,360
USGS-01649190,2024-01-02 20:15:00+00:00,7.6,0.8,5.5,360
USGS-01649190,2024-01-02 20:20:00+00:00,7.6,0.8,5.5,360
USGS-01649190,2024-01-02 20:25:00+00:00,7.6,0.8,5.5,361
USGS-01649190,2024-01-02 20:30:00+00:00,7.6,0.8,5.5,360
USGS-01649190,2024-01-02 20:35:00+00:00,7.6,0.8,5.5,361
USGS-01649190,2024-01-02 20:40:00+00:00,7.6,0.8,5.5,361
USGS-01649190,2024-01-02 20:45:00+00:00,7.6,0.8,5.5,361
USGS-01649190,2024-01-02 20:50:00+00:00,7.6,0.9,5.5,361
USGS-01649190,2024-01-02 20:55:00+00:00,7.6,0.8,5.6,361
USGS-01649190,2024-01-02 21:00:00+00:00,7.6,0.8,5.6,361
USGS-01649190,2024-01-02 21:05:00+00:00,7.6,0.8,5.5,361
USGS-01649190,2024-01-02 21:10:00+00:00,7.6,0.8,5.6,361
USGS-01649190,2024-01-02 21:15:00+00:00,7.6,0.8,5.6,361
USGS-01649190,2024-01-02 21:20:00+00:00,7.6,0.8,5.6,361
USGS-01649190,2024-01-02 21:25:00+00:00,7.6,0.8,5.6,361
USGS-01649190,2024-01-02 21:30:00+00:00,7.6,0.8,5.6,361
USGS-01649190,2024-01-02 21:35:00+00:00,7.6,0.8,5.6,361
USGS-01649190,2024-01-02 21:40:00+00:00,7.6,0.8,5.6,361
USGS-01649190,2024-01-02 21:45:00+00:00,7.6,0.8,5.6,361
USGS-01649190,2024-01-02 21:50:00+00:00,7.6,0.8,5.6,361
USGS-01649190,2024-01-02 21:55:00+00:00,7.6,0.8,5.6,361
USGS-01649190,2024-01-02 22:00:00+00:00,7.6,0.8,5.6,361
USGS-01649190,2024-01-02 22:05:00+00:00,7.6,0.8,5.6,361
USGS-01649190,2024-01-02 22:10:00+00:00,7.6,0.8,5.6,362
USGS-01649190,2024-01-02 22:15:00+00:00,7.6,0.8,5.6,362
USGS-01649190,2024-01-02 22:20:00+00:00,7.6,0.8,5.5,361
USGS-01649190,2024-01-02 22:25:00+00:00,7.6,0.8,5.5,362
USGS-01649190,2024-01-02 22:30:00+00:00,7.6,0.8,5.5,362
USGS-01649190,2024-01-02 22:35:00+00:00,7.6,0.8,5.5,362
USGS-01649190,2024-01-02 22:40:00+00:00,7.6,0.7,5.5,362
USGS-01649190,2024-01-02 22:45:00+00:00,7.6,0.8,5.5,362
USGS-01649190,2024-01-02 22:50:00+00:00,7.6,0.8,5.5,362
USGS-01649190,2024-01-02 22:55:00+00:00,7.6,0.8,5.5,362
USGS-01649190,2024-01-02 23:00:00+00:00,7.6,0.8,5.5,362
USGS-01649190,2024-01-02 23:05:00+00:00,7.6,0.8,5.5,362
USGS-01649190,2024-01-02 23:10:00+00:00,7.6,0.8,5.5,362
USGS-01649190,2024-01-02 23:15:00+00:00,7.6,0.8,5.5,362
USGS-01649190,2024-01-02 23:20:00+00:00,7.6,0.8,5.4,362
USGS-01649190,2024-01-02 23:25:00+00:00,7.6,0.8,5.4,362
USGS-01649190,2024-01-02 23:30:00+00:00,7.6,0.8,5.4,362
USGS-01649190,2024-01-02 23:35:00+00:00,7.6,0.8,5.4,362
USGS-01649190,2024-01-02 23:40:00+00:00,7.6,0.8,5.4,362
USGS-01649190,2024-01-02 23:45:00+00:00,7.6,0.8,5.4,363
USGS-01649190,2024-01-02 23:50:00+00:00,7.6,0.8,5.4,362
USGS-01649190,2024-01-02 23:55:00+00:00,7.6,0.8,5.4,362
USGS-01649190,2024-01-03 00:00:00+00:00,7.6,0.8,5.4,363
USGS-01649190,2024-01-03 00:05:00+00:00,7.6,0.8,5.3,363
USGS-01649190,2024-01-03 00:10:00+00:00,7.6,0.9,5.3,363
USGS-01649190,2024-01-03 00:15:00+00:00,7.6,0.8,5.3,363
USGS-01649190,2024-01-03 00:20:00+00:00,7.6,0.8,5.3,363
USGS-01649190,2024-01-03 00:25:00+00:00,7.6,0.8,5.3,363
USGS-01649190,2024-01-03 00:30:00+00:00,7.6,0.8,5.3,363
USGS-01649190,2024-01-03 00:35:00+00:00,7.6,0.8,5.3,363
USGS-01649190,2024-01-03 00:40:00+00:00,7.6,0.8,5.3,363
USGS-01649190,2024-01-03 00:45:00+00:00,7.6,0.8,5.2,363
USGS-01649190,2024-01-03 00:50:00+00:00,7.6,0.8,5.2,363
USGS-01649190,2024-01-03 00:55:00+00:00,7.6,0.8,5.2,363
USGS-01649190,2024-01-03 01:00:00+00:00,7.6,0.8,5.2,364
USGS-01649190,2024-01-03 01:05:00+00:00,7.6,0.8,5.2,363
USGS-01649190,2024-01-03 01:10:00+00:00,7.6,0.8,5.1,364
USGS-01649190,2024-01-03 01:15:00+00:00,7.6,0.8,5.1,364
USGS-01649190,2024-01-03 01:20:00+00:00,7.6,0.8,5.1,364
USGS-01649190,2024-01-03 01:25:00+00:00,7.6,0.9,5.1,364
USGS-01649190,2024-01-03 01:30:00+00:00,7.6,0.9,5.1,364
USGS-01649190,2024-01-03 01:35:00+00:00,7.6,0.9,5.1,364
USGS-01649190,2024-01-03 01:40:00+00:00,7.6,1.0,5.1,364
USGS-01649190,2024-01-03 01:45:00+00:00,7.6,1.0,5.0,364
USGS-01649190,2024-01-03 01:50:00+00:00,7.6,0.9,5.0,364
USGS-01649190,2024-01-03 01:55:00+00:00,7.6,0.9,5.0,364
USGS-01649190,2024-01-03 02:00:00+00:00,7.6,0.9,5.0,364
USGS-01649190,2024-01-03 02:05:00+00:00,7.6,0.9,5.0,364
USGS-01649190,2024-01-03 02:10:00+00:00,7.6,0.9,4.9,364
USGS-01649190,2024-01-03 02:15:00+00:00,7.6,1.2,4.9,365
USGS-01649190,2024-01-03 02:20:00+00:00,7.6,1.2,4.9,365
USGS-01649190,2024-01-03 02:25:00+00:00,7.6,1.0,4.9,365
USGS-01649190,2024-01-03 02:30:00+00:00,7.5,1.1,4.9,365
USGS-01649190,2024-01-03 02:35:00+00:00,7.5,1.4,4.8,365
USGS-01649190,2024-01-03 02:40:00+00:00,7.5,1.2,4.8,365
USGS-01649190,2024-01-03 02:45:00+00:00,7.5,1.2,4.8,365
USGS-01649190,2024-01-03 02:50:00+00:00,7.5,1.1,4.8,365
USGS-01649190,2024-01-03 02:55:00+00:00,7.5,1.2,4.8,365
USGS-01649190,2024-01-03 03:00:00+00:00,7.5,1.2,4.8,365
USGS-01649190,2024-01-03 03:05:00+00:00,7.5,1.1,4.7,365
USGS-01649190,2024-01-03 03:10:00+00:00,7.5,1.2,4.7,365
USGS-01649190,2024-01-03 03:15:00+00:00,7.5,1.2,4.7,365
USGS-01649190,2024-01-03 03:20:00+00:00,7.5,1.2,4.7,365
USGS-01649190,2024-01-03 03:25:00+00:00,7.5,1.2,4.7,366
USGS-01649190,2024-01-03 03:30:00+00:00,7.5,1.2,4.7,366
USGS-01649190,2024-01-03 03:35:00+00:00,7.5,1.2,4.6,366
USGS-01649190,2024-01-03 03:40:00+00:00,7.5,1.2,4.6,366
USGS-01649190,2024-01-03 03:45:00+00:00,7.5,1.2,4.6,366
USGS-01649190,2024-01-03 03:50:00+00:00,7.5,1.2,4.6,366
USGS-01649190,2024-01-03 03:55:00+00:00,7.5,1.2,4.6,366
USGS-01649190,2024-01-03 04:00:00+00:00,7.5,1.2,4.6,366
USGS-01649190,2024-01-03 04:05:00+00:00,7.5,1.1,4.6,366
USGS-01649190,2024-01-03 04:10:00+00:00,7.5,1.1,4.6,366
USGS-01649190,2024-01-03 04:15:00+00:00,7.5,1.2,4.5,366
USGS-01649190,2024-01-03 04:20:00+00:00,7.5,1.2,4.5,366
USGS-01649190,2024-01-03 04:25:00+00:00,7.5,1.2,4.5,366
USGS-01649190,2024-01-03 04:30:00+00:00,7.5,1.2,4.5,366
USGS-01649190,2024-01-03 04:35:00+00:00,7.5,1.2,4.5,366
USGS-01649190,2024-01-03 04:40:00+00:00,7.5,1.2,4.5,366
USGS-01649190,2024-01-03 04:45:00+00:00,7.5,1.2,4.5,366
USGS-01649190,2024-01-03 04:50:00+00:00,7.5,1.2,4.5,366
USGS-01649190,2024-01-03 04:55:00+00:00,7.5,1.2,4.4,366
USGS-01649190,2024-01-03 05:00:00+00:00,7.5,1.2,4.4,366
USGS-01649190,2024-01-03 05:05:00+00:00,7.5,1.2,4.4,366
USGS-01649190,2024-01-03 05:10:00+00:00,7.5,1.2,4.4,366
USGS-01649190,2024-01-03 05:15:00+00:00,7.5,1.2,4.4,366
USGS-01649190,2024-01-03 05:20:00+00:00,7.5,1.2,4.4,366
USGS-01649190,2024-01-03 05:25:00+00:00,7.5,1.2,4.4,366
USGS-01649190,2024-01-03 05:30:00+00:00,7.5,1.2,4.3,367
USGS-01649190,2024-01-03 05:35:00+00:00,7.5,1.2,4.4,366
USGS-01649190,2024-01-03 05:40:00+00:00,7.5,1.2,4.3,367
USGS-01649190,2024-01-03 05:45:00+00:00,7.5,1.2,4.3,367
USGS-01649190,2024-01-03 05:50:00+00:00,7.5,1.2,4.3,367
USGS-01649190,2024-01-03 05:55:00+00:00,7.5,1.2,4.3,367
USGS-01649190,2024-01-03 06:00:00+00:00,7.5,1.2,4.3,367
USGS-01649190,2024-01-03 06:05:00+00:00,7.5,1.2,4.3,367
USGS-01649190,2024-01-03 06:10:00+00:00,7.5,1.2,4.3,367
USGS-01649190,2024-01-03 06:15:00+00:00,7.5,1.2,4.2,367
USGS-01649190,2024-01-03 06:20:00+00:00,7.5,1.2,4.2,367
USGS-01649190,2024-01-03 06:25:00+00:00,7.5,1.2,4.2,367
USGS-01649190,2024-01-03 06:30:00+00:00,7.5,1.2,4.2,367
USGS-01649190,2024-01-03 06:35:00+00:00,7.5,1.2,4.2,367
USGS-01649190,2024-01-03 06:40:00+00:00,7.5,1.2,4.2,367
USGS-01649190,2024-01-03 06:45:00+00:00,7.5,1.2,4.2,367
USGS-01649190,2024-01-03 06:50:00+00:00,7.5,1.2,4.2,367
USGS-01649190,2024-01-03 06:55:00+00:00,7.5,1.2,4.2,367
USGS-01649190,2024-01-03 07:00:00+00:00,7.5,1.2,4.2,367
USGS-01649190,2024-01-03 07:05:00+00:00,7.5,1.2,4.1,367
USGS-01649190,2024-01-03 07:10:00+00:00,7.5,1.2,4.1,367
USGS-01649190,2024-01-03 07:15:00+00:00,7.5,1.3,4.1,367
USGS-01649190,2024-01-03 07:20:00+00:00,7.5,1.3,4.1,367
USGS-01649190,2024-01-03 07:25:00+00:00,7.5,1.3,4.1,367
USGS-01649190,2024-01-03 07:30:00+00:00,7.5,1.3,4.1,367
USGS-01649190,2024-01-03 07:35:00+00:00,7.5,1.3,4.1,367
USGS-01649190,2024-01-03 07:40:00+00:00,7.5,1.3,4.1,367
USGS-01649190,2024-01-03 07:45:00+00:00,7.5,1.3,4.1,367
USGS-01649190,2024-01-03 07:50:00+00:00,7.5,1.3,4.1,367
USGS-01649190,2024-01-03 07:55:00+00:00,7.5,1.3,4.1,367
USGS-01649190,2024-01-03 08:00:00+00:00,7.5,1.4,4.1,367
USGS-01649190,2024-01-03 08:05:00+00:00,7.5,1.4,4.0,367
USGS-01649190,2024-01-03 08:10:00+00:00,7.5,1.4,4.0,367
USGS-01649190,2024-01-03 08:15:00+00:00,7.5,1.3,4.0,367
USGS-01649190,2024-01-03 08:20:00+00:00,7.5,1.4,4.0,367
USGS-01649190,2024-01-03 08:25:00+00:00,7.5,1.4,4.0,367
USGS-01649190,2024-01-03 08:30:00+00:00,7.5,1.4,4.0,367
USGS-01649190,2024-01-03 08:35:00+00:00,7.5,1.4,4.0,367
USGS-01649190,2024-01-03 08:40:00+00:00,7.5,1.5,4.0,367
USGS-01649190,2024-01-03 08:45:00+00:00,7.5,1.5,4.0,367
USGS-01649190,2024-01-03 08:50:00+00:00,7.5,1.4,4.0,367
USGS-01649190,2024-01-03 08:55:00+00:00,7.5,1.4,4.0,367
USGS-01649190,2024-01-03 09:00:00+00:00,7.5,1.4,4.0,367
USGS-01649190,2024-01-03 09:05:00+00:00,7.5,1.4,3.9,367
USGS-01649190,2024-01-03 09:10:00+00:00,7.5,1.5,3.9,367
USGS-01649190,2024-01-03 09:15:00+00:00,7.5,1.4,3.9,367
USGS-01649190,2024-01-03 09:20:00+00:00,7.5,1.3,3.9,367
USGS-01649190,2024-01-03 09:25:00+00:00,7.5,1.4,3.9,367
USGS-01649190,2024-01-03 09:30:00+00:00,7.5,1.4,3.9,367
USGS-01649190,2024-01-03 09:35:00+00:00,7.5,1.3,3.9,367
USGS-01649190,2024-01-03 09:40:00+00:00,7.5,1.3,3.9,367
USGS-01649190,2024-01-03 09:45:00+00:00,7.5,1.3,3.9,367
USGS-01649190,2024-01-03 09:50:00+00:00,7.5,1.4,3.9,367
USGS-01649190,2024-01-03 09:55:00+00:00,7.5,1.3,3.9,367
USGS-01649190,2024-01-03 10:00:00+00:00,7.5,1.3,3.9,367
USGS-01649190,2024-01-03 10:05:00+00:00,7.5,1.4,3.9,367
USGS-01649190,2024-01-03 10:10:00+00:00,7.5,1.4,3.9,367
USGS-01649190,2024-01-03 10:15:00+00:00,7.5,1.4,3.9,367
USGS-01649190,2024-01-03 10:20:00+00:00,7.5,1.9,3.8,367
USGS-01649190,2024-01-03 10:25:00+00:00,7.5,1.6,3.8,367
USGS-01649190,2024-01-03 10:30:00+00:00,7.5,1.7,3.8,367
USGS-01649190,2024-01-03 10:35:00+00:00,7.5,1.7,3.8,367
USGS-01649190,2024-01-03 10:40:00+00:00,7.5,1.8,3.8,367
USGS-01649190,2024-01-03 10:45:00+00:00,7.5,1.8,3.8,367
USGS-01649190,2024-01-03 10:50:00+00:00,7.5,1.7,3.8,367
USGS-01649190,2024-01-03 10:55:00+00:00,7.5,1.6,3.8,368
USGS-01649190,2024-01-03 11:00:00+00:00,7.5,1.6,3.8,368
USGS-01649190,2024-01-03 11:05:00+00:00,7.5,1.5,3.8,368
USGS-01649190,2024-01-03 11:10:00+00:00,7.5,1.5,3.8,368
USGS-01649190,2024-01-03 11:15:00+00:00,7.5,1.5,3.7,368
USGS-01649190,2024-01-03 11:20:00+00:00,7.5,1.4,3.7,368
USGS-01649190,2024-01-03 11:25:00+00:00,7.5,1.4,3.7,368
USGS-01649190,2024-01-03 11:30:00+00:00,7.5,1.3,3.7,368
USGS-01649190,2024-01-03 11:35:00+00:00,7.5,1.3,3.7,368
USGS-01649190,2024-01-03 11:40:00+00:00,7.5,1.3,3.7,368
USGS-01649190,2024-01-03 11:45:00+00:00,7.5,1.3,3.7,368
USGS-01649190,2024-01-03 11:50:00+00:00,7.5,1.2,3.7,368
USGS-01649190,2024-01-03 11:55:00+00:00,7.5,1.2,3.7,368
USGS-01649190,2024-01-03 12:00:00+00:00,7.5,1.2,3.7,368
USGS-01649190,2024-01-03 12:05:00+00:00,7.5,1.2,3.7,368
USGS-01649190,2024-01-03 12:10:00+00:00,7.5,1.2,3.7,368
USGS-01649190,2024-01-03 12:15:00+00:00,7.5,1.2,3.6,368
USGS-01649190,2024-01-03 12:20:00+00:00,7.5,1.2,3.6,368
USGS-01649190,2024-01-03 12:25:00+00:00,7.5,1.2,3.6,368
USGS-01649190,2024-01-03 12:30:00+00:00,7.5,1.2,3.6,369
USGS-01649190,2024-01-03 12:35:00+00:00,7.5,1.2,3.6,368
USGS-01649190,2024-01-03 12:40:00+00:00,7.5,1.2,3.6,369
USGS-01649190,2024-01-03 12:45:00+00:00,7.5,1.2,3.6,369
USGS-01649190,2024-01-03 12:50:00+00:00,7.5,1.2,3.6,369
USGS-01649190,2024-01-03 12:55:00+00:00,7.5,1.2,3.6,369
USGS-01649190,2024-01-03 13:00:00+00:00,7.5,1.1,3.6,369
USGS-01649190,2024-01-03 13:05:00+00:00,7.5,1.2,3.6,369
USGS-01649190,2024-01-03 13:10:00+00:00,7.5,1.2,3.6,369
USGS-01649190,2024-01-03 13:15:00+00:00,7.5,1.2,3.6,369
USGS-01649190,2024-01-03 13:20:00+00:00,7.5,1.2,3.6,369
USGS-01649190,2024-01-03 13:25:00+00:00,7.5,1.2,3.6,369
USGS-01649190,2024-01-03 14:05:00+00:00,7.5,0.8,3.6,369
USGS-01649190,2024-01-03 14:10:00+00:00,7.5,0.7,3.6,369
USGS-01649190,2024-01-03 14:15:00+00:00,7.5,0.7,3.6,369
USGS-01649190,2024-01-03 14:20:00+00:00,7.5,0.7,3.6,369
USGS-01649190,2024-01-03 14:25:00+00:00,7.5,0.7,3.6,369
USGS-01649190,2024-01-03 14:30:00+00:00,7.5,0.7,3.6,369
USGS-01649190,2024-01-03 14:35:00+00:00,7.6,0.7,3.6,369
USGS-01649190,2024-01-03 14:40:00+00:00,7.6,0.8,3.6,369
USGS-01649190,2024-01-03 14:45:00+00:00,7.6,0.8,3.6,369
USGS-01649190,2024-01-03 14:50:00+00:00,7.6,0.8,3.6,369
USGS-01649190,2024-01-03 14:55:00+00:00,7.6,0.8,3.6,369
USGS-01649190,2024-01-03 15:00:00+00:00,7.6,0.8,3.7,369
USGS-01649190,2024-01-03 15:05:00+00:00,7.6,0.8,3.7,369
USGS-01649190,2024-01-03 15:10:00+00:00,7.6,0.8,3.7,369
USGS-01649190,2024-01-03 15:15:00+00:00,7.6,0.8,3.7,369
USGS-01649190,2024-01-03 15:20:00+00:00,7.6,0.8,3.7,368
USGS-01649190,2024-01-03 15:25:00+00:00,7.6,0.8,3.7,368
USGS-01649190,2024-01-03 15:30:00+00:00,7.6,0.8,3.8,368
USGS-01649190,2024-01-03 15:35:00+00:00,7.6,0.8,3.8,368
USGS-01649190,2024-01-03 15:40:00+00:00,7.6,0.8,3.8,368
USGS-01649190,2024-01-03 15:45:00+00:00,7.6,0.8,3.8,368
USGS-01649190,2024-01-03 15:50:00+00:00,7.6,0.8,3.9,368
USGS-01649190,2024-01-03 15:55:00+00:00,7.6,0.7,3.9,368
USGS-01649190,2024-01-03 16:00:00+00:00,7.6,0.7,3.9,368
USGS-01649190,2024-01-03 16:05:00+00:00,7.6,0.8,3.9,368
USGS-01649190,2024-01-03 16:10:00+00:00,7.6,0.8,3.9,368
USGS-01649190,2024-01-03 16:15:00+00:00,7.6,0.8,4.0,368
USGS-01649190,2024-01-03 16:20:00+00:00,7.6,0.7,4.0,368
USGS-01649190,2024-01-03 16:25:00+00:00,7.6,0.8,4.0,368
USGS-01649190,2024-01-03 16:30:00+00:00,7.6,0.8,4.0,368
USGS-01649190,2024-01-03 16:35:00+00:00,7.6,0.7,4.1,368
USGS-01649190,2024-01-03 16:40:00+00:00,7.6,0.7,4.1,368
USGS-01649190,2024-01-03 16:45:00+00:00,7.6,0.8,4.1,368
USGS-01649190,2024-01-03 16:50:00+00:00,7.6,0.8,4.1,367
USGS-01649190,2024-01-03 16:55:00+00:00,7.6,0.7,4.2,367
USGS-01649190,2024-01-03 17:00:00+00:00,7.6,0.7,4.2,367
USGS-01649190,2024-01-03 17:05:00+00:00,7.6,0.7,4.2,367
USGS-01649190,2024-01-03 17:10:00+00:00,7.6,0.7,4.2,367
USGS-01649190,2024-01-03 17:15:00+00:00,7.6,0.7,4.2,367
USGS-01649190,2024-01-03 17:20:00+00:00,7.6,0.7,4.3,367
USGS-01649190,2024-01-03 17:25:00+00:00,7.6,0.7,4.3,367
USGS-01649190,2024-01-03 17:30:00+00:00,7.6,0.7,4.3,367
USGS-01649190,2024-01-03 17:35:00+00:00,7.6,0.7,4.3,367
USGS-01649190,2024-01-03 17:40:00+00:00,7.6,0.8,4.3,367
USGS-01649190,2024-01-03 17:45:00+00:00,7.6,0.7,4.3,367
USGS-01649190,2024-01-03 17:50:00+00:00,7.6,0.8,4.4,367
USGS-01649190,2024-01-03 17:55:00+00:00,7.6,0.7,4.4,367
USGS-01649190,2024-01-03 18:00:00+00:00,7.6,0.7,4.4,367
USGS-01649190,2024-01-03 18:05:00+00:00,7.6,0.7,4.4,367
USGS-01649190,2024-01-03 18:10:00+00:00,7.6,0.8,4.4,367
USGS-01649190,2024-01-03 18:15:00+00:00,7.6,0.7,4.4,367
USGS-01649190,2024-01-03 18:20:00+00:00,7.6,0.7,4.4,367
USGS-01649190,2024-01-03 18:25:00+00:00,7.6,0.7,4.4,367
USGS-01649190,2024-01-03 18:30:00+00:00,7.6,0.7,4.5,367
USGS-01649190,2024-01-03 18:35:00+00:00,7.6,0.7,4.5,367
USGS-01649190,2024-01-03 18:40:00+00:00,7.6,0.7,4.5,367
USGS-01649190,2024-01-03 18:45:00+00:00,7.6,0.7,4.5,367
USGS-01649190,2024-01-03 18:50:00+00:00,7.6,0.7,4.5,367
USGS-01649190,2024-01-03 18:55:00+00:00,7.6,0.7,4.5,367
USGS-01649190,2024-01-03 19:00:00+00:00,7.6,0.7,4.5,367
USGS-01649190,2024-01-03 19:05:00+00:00,7.6,0.7,4.5,367
USGS-01649190,2024-01-03 19:10:00+00:00,7.6,0.7,4.5,367
USGS-01649190,2024-01-03 19:15:00+00:00,7.6,0.7,4.5,367
USGS-01649190,2024-01-03 19:20:00+00:00,7.6,0.7,4.5,367
USGS-01649190,2024-01-03 19:25:00+00:00,7.6,0.7,4.5,367
USGS-01649190,2024-01-03 19:30:00+00:00,7.6,0.7,4.6,367
USGS-01649190,2024-01-03 19:35:00+00:00,7.6,0.7,4.6,367
USGS-01649190,2024-01-03 19:40:00+00:00,7.6,0.7,4.6,367
USGS-01649190,2024-01-03 19:45:00+00:00,7.6,0.7,4.6,367
USGS-01649190,2024-01-03 19:50:00+00:00,7.6,0.7,4.6,367
USGS-01649190,2024-01-03 19:55:00+00:00,7.6,0.7,4.6,367
USGS-01649190,2024-01-03 20:00:00+00:00,7.6,0.7,4.6,367
USGS-01649190,2024-01-03 20:05:00+00:00,7.6,0.7,4.6,367
USGS-01649190,2024-01-03 20:10:00+00:00,7.6,0.7,4.6,367
USGS-01649190,2024-01-03 20:15:00+00:00,7.6,0.7,4.6,367
USGS-01649190,2024-01-03 20:20:00+00:00,7.6,0.7,4.6,367
USGS-01649190,2024-01-03 20:25:00+00:00,7.6,0.7,4.6,367
USGS-01649190,2024-01-03 20:30:00+00:00,7.6,0.7,4.7,367
USGS-01649190,2024-01-03 20:35:00+00:00,7.6,0.7,4.7,367
USGS-01649190,2024-01-03 20:40:00+00:00,7.6,0.6,4.7,367
USGS-01649190,2024-01-03 20:45:00+00:00,7.6,0.7,4.7,367
USGS-01649190,2024-01-03 20:50:00+00:00,7.6,0.6,4.7,367
USGS-01649190,2024-01-03 20:55:00+00:00,7.6,0.7,4.7,367
USGS-01649190,2024-01-03 21:00:00+00:00,7.6,0.7,4.7,367
USGS-01649190,2024-01-03 21:05:00+00:00,7.6,0.7,4.7,367
USGS-01649190,2024-01-03 21:10:00+00:00,7.6,0.6,4.7,367
USGS-01649190,2024-01-03 21:15:00+00:00,7.6,0.7,4.7,367
USGS-01649190,2024-01-03 21:20:00+00:00,7.6,0.7,4.7,367
USGS-01649190,2024-01-03 21:25:00+00:00,7.6,0.7,4.7,367
USGS-01649190,2024-01-03 21:30:00+00:00,7.6,0.7,4.7,367
USGS-01649190,2024-01-03 21:35:00+00:00,7.6,0.7,4.7,367
USGS-01649190,2024-01-03 21:40:00+00:00,7.6,0.6,4.8,367
USGS-01649190,2024-01-03 21:45:00+00:00,7.6,0.7,4.8,367
USGS-01649190,2024-01-03 21:50:00+00:00,7.6,0.7,4.8,367
USGS-01649190,2024-01-03 21:55:00+00:00,7.6,0.7,4.8,367
USGS-01649190,2024-01-03 22:00:00+00:00,7.6,0.7,4.8,367
USGS-01649190,2024-01-03 22:05:00+00:00,7.6,0.7,4.8,367
USGS-01649190,2024-01-03 22:10:00+00:00,7.6,0.7,4.8,367
USGS-01649190,2024-01-03 22:15:00+00:00,7.6,0.8,4.8,367
USGS-01649190,2024-01-03 22:20:00+00:00,7.6,0.7,4.8,367
USGS-01649190,2024-01-03 22:25:00+00:00,7.6,0.7,4.8,367
USGS-01649190,2024-01-03 22:30:00+00:00,7.6,0.7,4.8,367
USGS-01649190,2024-01-03 22:35:00+00:00,7.6,0.7,4.8,367
USGS-01649190,2024-01-03 22:40:00+00:00,7.6,0.7,4.8,367
USGS-01649190,2024-01-03 22:45:00+00:00,7.6,0.8,4.8,367
USGS-01649190,2024-01-03 22:50:00+00:00,7.6,0.7,4.8,367
USGS-01649190,2024-01-03 22:55:00+00:00,7.6,0.8,4.8,367
USGS-01649190,2024-01-03 23:00:00+00:00,7.6,0.7,4.8,367
USGS-01649190,2024-01-03 23:05:00+00:00,7.6,0.8,4.8,367
USGS-01649190,2024-01-03 23:10:00+00:00,7.6,0.8,4.8,367
USGS-01649190,2024-01-03 23:15:00+00:00,7.6,0.8,4.8,367
USGS-01649190,2024-01-03 23:20:00+00:00,7.6,0.8,4.8,368
USGS-01649190,2024-01-03 23:25:00+00:00,7.6,0.9,4.8,368
USGS-01649190,2024-01-03 23:30:00+00:00,7.6,1.0,4.8,368
USGS-01649190,2024-01-03 23:35:00+00:00,7.6,1.2,4.8,368
USGS-01649190,2024-01-03 23:40:00+00:00,7.6,1.3,4.8,368
USGS-01649190,2024-01-03 23:45:00+00:00,7.6,1.2,4.8,368
USGS-01649190,2024-01-03 23:50:00+00:00,7.6,1.2,4.8,368
USGS-01649190,2024-01-03 23:55:00+00:00,7.6,1.0,4.8,368
USGS-01649190,2024-01-04 00:00:00+00:00,7.6,1.0,4.8,368
USGS-01649190,2024-01-04 00:05:00+00:00,7.6,0.9,4.8,368
USGS-01649190,2024-01-04 00:10:00+00:00,7.6,0.9,4.8,368
USGS-01649190,2024-01-04 00:15:00+00:00,7.6,1.0,4.8,368
USGS-01649190,2024-01-04 00:20:00+00:00,7.6,0.9,4.8,368
USGS-01649190,2024-01-04 00:25:00+00:00,7.6,0.9,4.8,368
USGS-01649190,2024-01-04 00:30:00+00:00,7.6,0.9,4.8,368
USGS-01649190,2024-01-04 00:35:00+00:00,7.6,0.9,4.8,368
USGS-01649190,2024-01-04 00:40:00+00:00,7.6,1.6,4.8,368
USGS-01649190,2024-01-04 00:45:00+00:00,7.6,1.9,4.8,368
USGS-01649190,2024-01-04 00:50:00+00:00,7.5,1.4,4.8,368
USGS-01649190,2024-01-04 00:55:00+00:00,7.5,1.3,4.8,368
USGS-01649190,2024-01-04 01:00:00+00:00,7.5,1.6,4.8,368
USGS-01649190,2024-01-04 01:05:00+00:00,7.5,1.7,4.8,368
USGS-01649190,2024-01-04 01:10:00+00:00,7.5,1.4,4.8,368
USGS-01649190,2024-01-04 01:15:00+00:00,7.5,1.5,4.8,368
USGS-01649190,2024-01-04 01:20:00+00:00,7.5,1.4,4.8,368
USGS-01649190,2024-01-04 01:25:00+00:00,7.5,1.2,4.7,368
USGS-01649190,2024-01-04 01:30:00+00:00,7.5,1.1,4.7,368
USGS-01649190,2024-01-04 01:35:00+00:00,7.5,1.2,4.7,368
USGS-01649190,2024-01-04 01:40:00+00:00,7.5,1.2,4.7,368
USGS-01649190,2024-01-04 01:45:00+00:00,7.5,1.2,4.7,368
USGS-01649190,2024-01-04 01:50:00+00:00,7.5,1.0,4.7,369
USGS-01649190,2024-01-04 01:55:00+00:00,7.5,1.1,4.7,368
USGS-01649190,2024-01-04 02:00:00+00:00,7.5,1.0,4.7,369
USGS-01649190,2024-01-04 02:05:00+00:00,7.5,1.0,4.7,369
USGS-01649190,2024-01-04 02:10:00+00:00,7.5,1.0,4.7,369
USGS-01649190,2024-01-04 02:15:00+00:00,7.5,1.1,4.7,369
USGS-01649190,2024-01-04 02:20:00+00:00,7.5,1.1,4.7,369
USGS-01649190,2024-01-04 02:25:00+00:00,7.5,1.2,4.7,369
USGS-01649190,2024-01-04 02:30:00+00:00,7.5,1.1,4.6,369
USGS-01649190,2024-01-04 02:35:00+00:00,7.5,1.1,4.6,369
USGS-01649190,2024-01-04 02:40:00+00:00,7.5,1.1,4.6,369
USGS-01649190,2024-01-04 02:45:00+00:00,7.5,1.1,4.6,369
USGS-01649190,2024-01-04 02:50:00+00:00,7.5,1.2,4.6,369
USGS-01649190,2024-01-04 02:55:00+00:00,7.5,1.1,4.6,369
USGS-01649190,2024-01-04 03:00:00+00:00,7.5,1.1,4.6,369
USGS-01649190,2024-01-04 03:05:00+00:00,7.5,1.2,4.6,369
USGS-01649190,2024-01-04 03:10:00+00:00,7.5,1.0,4.6,369
USGS-01649190,2024-01-04 03:15:00+00:00,7.5,1.0,4.6,369
USGS-01649190,2024-01-04 03:20:00+00:00,7.5,1.0,4.6,369
USGS-01649190,2024-01-04 03:25:00+00:00,7.5,1.2,4.6,369
USGS-01649190,2024-01-04 03:30:00+00:00,7.5,1.2,4.6,369
USGS-01649190,2024-01-04 03:35:00+00:00,7.5,1.0,4.6,369
USGS-01649190,2024-01-04 03:40:00+00:00,7.5,1.0,4.6,369
USGS-01649190,2024-01-04 03:45:00+00:00,7.5,0.9,4.5,369
USGS-01649190,2024-01-04 03:50:00+00:00,7.5,0.9,4.5,369
USGS-01649190,2024-01-04 03:55:00+00:00,7.5,0.9,4.5,369
USGS-01649190,2024-01-04 04:00:00+00:00,7.5,1.0,4.5,369
USGS-01649190,2024-01-04 04:05:00+00:00,7.5,1.0,4.5,369
USGS-01649190,2024-01-04 04:10:00+00:00,7.5,1.0,4.5,370
USGS-01649190,2024-01-04 04:15:00+00:00,7.5,1.0,4.5,369
USGS-01649190,2024-01-04 04:20:00+00:00,7.5,1.0,4.5,369
USGS-01649190,2024-01-04 04:25:00+00:00,7.5,1.1,4.5,369
USGS-01649190,2024-01-04 04:30:00+00:00,7.5,2.3,4.5,369
USGS-01649190,2024-01-04 04:35:00+00:00,7.5,1.8,4.5,369
USGS-01649190,2024-01-04 04:40:00+00:00,7.5,1.3,4.5,370
USGS-01649190,2024-01-04 04:45:00+00:00,7.5,1.5,4.5,370
USGS-01649190,2024-01-04 04:50:00+00:00,7.5,1.3,4.5,370
USGS-01649190,2024-01-04 04:55:00+00:00,7.5,1.1,4.5,370
USGS-01649190,2024-01-04 05:00:00+00:00,7.5,1.1,4.5,370
USGS-01649190,2024-01-04 05:05:00+00:00,7.5,1.2,4.5,370
USGS-01649190,2024-01-04 05:10:00+00:00,7.5,1.1,4.5,370
USGS-01649190,2024-01-04 05:15:00+00:00,7.5,1.1,4.5,370
USGS-01649190,2024-01-04 05:20:00+00:00,7.5,1.0,4.5,370
USGS-01649190,2024-01-04 05:25:00+00:00,7.5,0.9,4.5,370
USGS-01649190,2024-01-04 05:30:00+00:00,7.5,0.9,4.5,370
USGS-01649190,2024-01-04 05:35:00+00:00,7.5,1.0,4.5,370
USGS-01649190,2024-01-04 05:40:00+00:00,7.5,0.9,4.5,370
USGS-01649190,2024-01-04 05:45:00+00:00,7.5,1.4,4.5,370
USGS-01649190,2024-01-04 05:50:00+00:00,7.5,2.4,4.5,370
USGS-01649190,2024-01-04 05:55:00+00:00,7.5,1.7,4.5,370
USGS-01649190,2024-01-04 06:00:00+00:00,7.5,1.2,4.5,370
USGS-01649190,2024-01-04 06:05:00+00:00,7.5,1.2,4.5,370
USGS-01649190,2024-01-04 06:10:00+00:00,7.5,1.3,4.5,370
USGS-01649190,2024-01-04 06:15:00+00:00,7.5,1.1,4.5,370
USGS-01649190,2024-01-04 06:20:00+00:00,7.5,1.2,4.5,370
USGS-01649190,2024-01-04 06:25:00+00:00,7.5,1.1,4.5,370
USGS-01649190,2024-01-04 06:30:00+00:00,7.5,1.2,4.5,370
USGS-01649190,2024-01-04 06:35:00+00:00,7.5,1.3,4.5,370
USGS-01649190,2024-01-04 06:40:00+00:00,7.5,1.2,4.5,370
USGS-01649190,2024-01-04 06:45:00+00:00,7.5,1.1,4.5,370
USGS-01649190,2024-01-04 06:50:00+00:00,7.5,1.2,4.5,370
USGS-01649190,2024-01-04 06:55:00+00:00,7.5,1.1,4.5,370
USGS-01649190,2024-01-04 07:00:00+00:00,7.5,1.0,4.5,370
USGS-01649190,2024-01-04 07:05:00+00:00,7.5,1.0,4.5,370
USGS-01649190,2024-01-04 07:10:00+00:00,7.5,1.1,4.5,370
USGS-01649190,2024-01-04 07:15:00+00:00,7.5,1.0,4.5,370
USGS-01649190,2024-01-04 07:20:00+00:00,7.5,1.0,4.5,370
USGS-01649190,2024-01-04 07:25:00+00:00,7.5,1.0,4.5,370
USGS-01649190,2024-01-04 07:30:00+00:00,7.5,1.0,4.5,370
USGS-01649190,2024-01-04 07:35:00+00:00,7.5,1.0,4.5,370
USGS-01649190,2024-01-04 07:40:00+00:00,7.5,1.0,4.5,370
USGS-01649190,2024-01-04 07:45:00+00:00,7.5,1.0,4.5,370
USGS-01649190,2024-01-04 07:50:00+00:00,7.5,1.0,4.5,370
USGS-01649190,2024-01-04 07:55:00+00:00,7.5,1.0,4.5,370
USGS-01649190,2024-01-04 08:00:00+00:00,7.5,1.0,4.5,370
USGS-01649190,2024-01-04 08:05:00+00:00,7.5,1.1,4.5,370
USGS-01649190,2024-01-04 08:10:00+00:00,7.5,1.1,4.5,370
USGS-01649190,2024-01-04 08:15:00+00:00,7.5,1.1,4.5,370
USGS-01649190,2024-01-04 08:20:00+00:00,7.5,1.0,4.5,370
USGS-01649190,2024-01-04 08:25:00+00:00,7.5,1.0,4.5,370
USGS-01649190,2024-01-04 08:30:00+00:00,7.5,1.2,4.5,370
USGS-01649190,2024-01-04 08:35:00+00:00,7.5,1.3,4.5,370
USGS-01649190,2024-01-04 08:40:00+00:00,7.5,1.4,4.5,370
USGS-01649190,2024-01-04 08:45:00+00:00,7.5,1.7,4.5,370
USGS-01649190,2024-01-04 08:50:00+00:00,7.5,1.7,4.5,370
USGS-01649190,2024-01-04 08:55:00+00:00,7.5,2.3,4.5,370
USGS-01649190,2024-01-04 09:00:00+00:00,7.5,1.8,4.5,370
USGS-01649190,2024-01-04 09:05:00+00:00,7.5,1.8,4.5,370
USGS-01649190,2024-01-04 09:10:00+00:00,7.5,1.8,4.5,370
USGS-01649190,2024-01-04 09:15:00+00:00,7.5,1.6,4.5,370
USGS-01649190,2024-01-04 09:20:00+00:00,7.5,1.5,4.5,370
USGS-01649190,2024-01-04 09:25:00+00:00,7.5,1.5,4.5,370
USGS-01649190,2024-01-04 09:30:00+00:00,7.5,1.6,4.5,371
USGS-01649190,2024-01-04 09:35:00+00:00,7.5,1.4,4.5,370
USGS-01649190,2024-01-04 09:40:00+00:00,7.5,1.5,4.5,371
USGS-01649190,2024-01-04 09:45:00+00:00,7.5,1.4,4.5,371
USGS-01649190,2024-01-04 09:50:00+00:00,7.5,1.4,4.5,370
USGS-01649190,2024-01-04 09:55:00+00:00,7.5,1.5,4.5,370
USGS-01649190,2024-01-04 10:00:00+00:00,7.5,3.0,4.5,370
USGS-01649190,2024-01-04 10:05:00+00:00,7.5,2.2,4.5,371
USGS-01649190,2024-01-04 10:10:00+00:00,7.5,2.6,4.5,371
USGS-01649190,2024-01-04 10:15:00+00:00,7.5,3.3,4.5,371
USGS-01649190,2024-01-04 10:20:00+00:00,7.5,3.5,4.5,371
USGS-01649190,2024-01-04 10:25:00+00:00,7.5,2.4,4.5,370
USGS-01649190,2024-01-04 10:30:00+00:00,7.5,2.5,4.5,371
USGS-01649190,2024-01-04 10:35:00+00:00,7.5,2.5,4.5,370
USGS-01649190,2024-01-04 10:40:00+00:00,7.5,2.5,4.5,370
USGS-01649190,2024-01-04 10:45:00+00:00,7.5,2.2,4.5,371
USGS-01649190,2024-01-04 10:50:00+00:00,7.5,2.4,4.5,371
USGS-01649190,2024-01-04 10:55:00+00:00,7.5,2.2,4.5,371
USGS-01649190,2024-01-04 11:00:00+00:00,7.5,1.6,4.5,371
USGS-01649190,2024-01-04 11:05:00+00:00,7.5,1.8,4.5,371
USGS-01649190,2024-01-04 11:10:00+00:00,7.5,1.7,4.5,371
USGS-01649190,2024-01-04 11:15:00+00:00,7.5,1.8,4.5,371
USGS-01649190,2024-01-04 11:20:00+00:00,7.5,1.5,4.5,371
USGS-01649190,2024-01-04 11:25:00+00:00,7.5,1.6,4.5,371
USGS-01649190,2024-01-04 11:30:00+00:00,7.5,1.6,4.5,371
USGS-01649190,2024-01-04 11:35:00+00:00,7.5,1.6,4.5,371
USGS-01649190,2024-01-04 11:40:00+00:00,7.5,1.4,4.5,371
USGS-01649190,2024-01-04 11:45:00+00:00,7.5,1.3,4.5,371
USGS-01649190,2024-01-04 11:50:00+00:00,7.5,1.3,4.5,371
USGS-01649190,2024-01-04 11:55:00+00:00,7.5,1.3,4.5,371
USGS-01649190,2024-01-04 12:00:00+00:00,7.5,1.4,4.5,371
USGS-01649190,2024-01-04 12:05:00+00:00,7.5,1.2,4.5,371
USGS-01649190,2024-01-04 12:10:00+00:00,7.5,1.3,4.5,371
USGS-01649190,2024-01-04 12:15:00+00:00,7.5,1.2,4.5,371
USGS-01649190,2024-01-04 12:20:00+00:00,7.5,1.1,4.5,371
USGS-01649190,2024-01-04 12:25:00+00:00,7.5,1.1,4.5,371
USGS-01649190,2024-01-04 12:30:00+00:00,7.5,1.1,4.5,371
USGS-01649190,2024-01-04 12:35:00+00:00,7.5,1.0,4.5,371
USGS-01649190,2024-01-04 12:40:00+00:00,7.5,1.0,4.5,371
USGS-01649190,2024-01-04 12:45:00+00:00,7.5,1.1,4.5,371
USGS-01649190,2024-01-04 12:50:00+00:00,7.5,1.0,4.5,371
USGS-01649190,2024-01-04 12:55:00+00:00,7.5,1.0,4.5,371
USGS-01649190,2024-01-04 13:00:00+00:00,7.5,1.0,4.4,371
USGS-01649190,2024-01-04 13:05:00+00:00,7.5,0.9,4.4,371
USGS-01649190,2024-01-04 13:10:00+00:00,7.5,0.9,4.4,371
USGS-01649190,2024-01-04 13:15:00+00:00,7.5,1.0,4.4,371
USGS-01649190,2024-01-04 13:20:00+00:00,7.5,0.9,4.5,371
USGS-01649190,2024-01-04 13:25:00+00:00,7.5,1.0,4.4,371
USGS-01649190,2024-01-04 13:30:00+00:00,7.5,0.9,4.5,371
USGS-01649190,2024-01-04 13:35:00+00:00,7.5,0.9,4.5,371
USGS-01649190,2024-01-04 13:40:00+00:00,7.5,0.9,4.5,371
USGS-01649190,2024-01-04 13:45:00+00:00,7.5,0.9,4.5,371
USGS-01649190,2024-01-04 13:50:00+00:00,7.5,0.9,4.5,371
USGS-01649190,2024-01-04 13:55:00+00:00,7.5,0.9,4.5,371
USGS-01649190,2024-01-04 14:00:00+00:00,7.5,0.9,4.5,371
USGS-01649190,2024-01-04 14:05:00+00:00,7.5,1.0,4.5,371
USGS-01649190,2024-01-04 14:10:00+00:00,7.5,0.9,4.5,371
USGS-01649190,2024-01-04 14:15:00+00:00,7.5,1.0,4.5,371
USGS-01649190,2024-01-04 14:20:00+00:00,7.5,0.9,4.5,371
USGS-01649190,2024-01-04 14:25:00+00:00,7.5,0.9,4.5,371
USGS-01649190,2024-01-04 14:30:00+00:00,7.5,0.8,4.5,371
USGS-01649190,2024-01-04 14:35:00+00:00,7.5,0.9,4.5,371
USGS-01649190,2024-01-04 14:40:00+00:00,7.5,0.9,4.5,371
USGS-01649190,2024-01-04 14:45:00+00:00,7.5,0.8,4.5,371
USGS-01649190,2024-01-04 14:50:00+00:00,7.5,0.9,4.5,371
USGS-01649190,2024-01-04 14:55:00+00:00,7.5,0.8,4.5,371
USGS-01649190,2024-01-04 15:00:00+00:00,7.5,0.8,4.5,371
USGS-01649190,2024-01-04 15:05:00+00:00,7.5,0.8,4.5,371
USGS-01649190,2024-01-04 15:10:00+00:00,7.5,0.8,4.5,371
USGS-01649190,2024-01-04 15:15:00+00:00,7.5,0.8,4.5,371
USGS-01649190,2024-01-04 15:20:00+00:00,7.5,0.8,4.5,371
USGS-01649190,2024-01-04 15:25:00+00:00,7.5,0.8,4.5,371
USGS-01649190,2024-01-04 15:30:00+00:00,7.5,0.8,4.6,371
USGS-01649190,2024-01-04 15:35:00+00:00,7.5,0.8,4.6,371
USGS-01649190,2024-01-04 15:40:00+00:00,7.5,0.8,4.6,371
USGS-01649190,2024-01-04 15:45:00+00:00,7.5,0.8,4.6,371
USGS-01649190,2024-01-04 15:50:00+00:00,7.5,0.8,4.6,371
USGS-01649190,2024-01-04 15:55:00+00:00,7.5,0.8,4.6,371
USGS-01649190,2024-01-04 16:00:00+00:00,7.5,0.8,4.6,371
USGS-01649190,2024-01-04 16:05:00+00:00,7.6,0.8,4.6,371
USGS-01649190,2024-01-04 16:10:00+00:00,7.6,0.8,4.7,371
USGS-01649190,2024-01-04 16:15:00+00:00,7.6,0.8,4.7,371
USGS-01649190,2024-01-04 16:20:00+00:00,7.6,0.8,4.7,371
USGS-01649190,2024-01-04 16:25:00+00:00,7.6,0.8,4.7,371
USGS-01649190,2024-01-04 16:30:00+00:00,7.6,0.7,4.7,371
USGS-01649190,2024-01-04 16:35:00+00:00,7.6,0.8,4.8,371
USGS-01649190,2024-01-04 16:40:00+00:00,7.6,0.8,4.8,371
USGS-01649190,2024-01-04 16:45:00+00:00,7.6,0.8,4.8,371
USGS-01649190,2024-01-04 16:50:00+00:00,7.6,0.7,4.8,371
USGS-01649190,2024-01-04 16:55:00+00:00,7.6,0.8,4.8,371
USGS-01649190,2024-01-04 17:00:00+00:00,7.6,0.8,4.8,371
USGS-01649190,2024-01-04 17:05:00+00:00,7.6,0.8,4.8,371
USGS-01649190,2024-01-04 17:10:00+00:00,7.6,0.8,4.8,371
USGS-01649190,2024-01-04 17:15:00+00:00,7.6,0.7,4.8,371
USGS-01649190,2024-01-04 17:20:00+00:00,7.6,0.8,4.8,371
USGS-01649190,2024-01-04 17:25:00+00:00,7.6,0.8,4.9,371
USGS-01649190,2024-01-04 17:30:00+00:00,7.6,0.7,4.9,371
USGS-01649190,2024-01-04 17:35:00+00:00,7.6,0.8,4.9,371
USGS-01649190,2024-01-04 17:40:00+00:00,7.6,0.7,4.9,371
USGS-01649190,2024-01-04 17:45:00+00:00,7.6,0.8,4.9,371
USGS-01649190,2024-01-04 17:50:00+00:00,7.6,0.7,4.9,371
USGS-01649190,2024-01-04 17:55:00+00:00,7.6,0.8,4.9,371
USGS-01649190,2024-01-04 18:00:00+00:00,7.6,0.7,4.9,371
USGS-01649190,2024-01-04 18:05:00+00:00,7.6,0.8,4.9,371
USGS-01649190,2024-01-04 18:10:00+00:00,7.6,0.8,4.9,371
USGS-01649190,2024-01-04 18:15:00+00:00,7.6,0.7,4.9,371
USGS-01649190,2024-01-04 18:20:00+00:00,7.6,0.7,4.9,371
USGS-01649190,2024-01-04 18:25:00+00:00,7.6,0.8,4.9,371
USGS-01649190,2024-01-04 18:30:00+00:00,7.6,0.8,5.0,371
USGS-01649190,2024-01-04 18:35:00+00:00,7.6,0.7,5.0,371
USGS-01649190,2024-01-04 18:40:00+00:00,7.6,0.7,5.0,371
USGS-01649190,2024-01-04 18:45:00+00:00,7.6,0.8,5.0,371
USGS-01649190,2024-01-04 18:50:00+00:00,7.6,0.7,5.0,371
USGS-01649190,2024-01-04 18:55:00+00:00,7.6,0.8,5.0,371
USGS-01649190,2024-01-04 19:00:00+00:00,7.6,0.8,5.0,371
USGS-01649190,2024-01-04 19:05:00+00:00,7.6,0.7,5.0,371
USGS-01649190,2024-01-04 19:10:00+00:00,7.6,0.8,5.0,371
USGS-01649190,2024-01-04 19:15:00+00:00,7.6,0.8,5.0,371
USGS-01649190,2024-01-04 19:20:00+00:00,7.6,0.7,5.0,371
USGS-01649190,2024-01-04 19:25:00+00:00,7.6,0.7,5.0,371
USGS-01649190,2024-01-04 19:30:00+00:00,7.6,0.7,5.0,371
USGS-01649190,2024-01-04 19:35:00+00:00,7.6,0.8,5.0,371
USGS-01649190,2024-01-04 19:40:00+00:00,7.6,0.7,5.1,371
USGS-01649190,2024-01-04 19:45:00+00:00,7.6,0.8,5.1,371
USGS-01649190,2024-01-04 19:50:00+00:00,7.6,0.7,5.1,370
USGS-01649190,2024-01-04 19:55:00+00:00,7.6,0.7,5.1,370
USGS-01649190,2024-01-04 20:00:00+00:00,7.6,0.7,5.1,371
USGS-01649190,2024-01-04 20:05:00+00:00,7.6,0.8,5.1,370
USGS-01649190,2024-01-04 20:10:00+00:00,7.6,0.7,5.1,371
USGS-01649190,2024-01-04 20:15:00+00:00,7.6,0.7,5.1,371
USGS-01649190,2024-01-04 20:20:00+00:00,7.6,0.7,5.1,371
USGS-01649190,2024-01-04 20:25:00+00:00,7.6,0.7,5.1,371
USGS-01649190,2024-01-04 20:30:00+00:00,7.6,0.7,5.1,371
USGS-01649190,2024-01-04 20:35:00+00:00,7.6,0.7,5.1,371
USGS-01649190,2024-01-04 20:40:00+00:00,7.6,0.7,5.1,370
USGS-01649190,2024-01-04 20:45:00+00:00,7.6,0.7,5.1,371
USGS-01649190,2024-01-04 20:50:00+00:00,7.6,0.7,5.1,371
USGS-01649190,2024-01-04 20:55:00+00:00,7.6,0.7,5.1,371
USGS-01649190,2024-01-04 21:00:00+00:00,7.6,0.7,5.1,370
USGS-01649190,2024-01-04 21:05:00+00:00,7.6,0.7,5.1,371
USGS-01649190,2024-01-04 21:10:00+00:00,7.6,0.7,5.1,371
USGS-01649190,2024-01-04 21:15:00+00:00,7.6,0.8,5.1,371
USGS-01649190,2024-01-04 21:20:00+00:00,7.6,0.7,5.1,371
USGS-01649190,2024-01-04 21:25:00+00:00,7.6,0.7,5.1,371
USGS-01649190,2024-01-04 21:30:00+00:00,7.6,0.7,5.1,371
USGS-01649190,2024-01-04 21:35:00+00:00,7.6,0.7,5.1,371
USGS-01649190,2024-01-04 21:40:00+00:00,7.6,0.7,5.1,371
USGS-01649190,2024-01-04 21:45:00+00:00,7.6,0.7,5.0,371
USGS-01649190,2024-01-04 21:50:00+00:00,7.6,0.7,5.0,371
USGS-01649190,2024-01-04 21:55:00+00:00,7.6,0.7,5.0,371
USGS-01649190,2024-01-04 22:00:00+00:00,7.6,0.7,5.0,371
USGS-01649190,2024-01-04 22:05:00+00:00,7.6,0.7,5.0,371
USGS-01649190,2024-01-04 22:10:00+00:00,7.6,0.7,5.0,371
USGS-01649190,2024-01-04 22:15:00+00:00,7.6,0.7,5.0,371
USGS-01649190,2024-01-04 22:20:00+00:00,7.6,0.7,5.0,371
USGS-01649190,2024-01-04 22:25:00+00:00,7.6,0.7,5.0,371
USGS-01649190,2024-01-04 22:30:00+00:00,7.6,0.7,5.0,371
USGS-01649190,2024-01-04 22:35:00+00:00,7.6,0.7,4.9,371
USGS-01649190,2024-01-04 22:40:00+00:00,7.6,0.7,4.9,371
USGS-01649190,2024-01-04 22:45:00+00:00,7.6,0.7,4.9,371
USGS-01649190,2024-01-04 22:50:00+00:00,7.6,0.9,4.9,371
USGS-01649190,2024-01-04 22:55:00+00:00,7.6,0.8,4.9,371
USGS-01649190,2024-01-04 23:00:00+00:00,7.6,0.8,4.9,371
USGS-01649190,2024-01-04 23:05:00+00:00,7.6,0.8,4.9,371
USGS-01649190,2024-01-04 23:10:00+00:00,7.6,0.7,4.9,371
USGS-01649190,2024-01-04 23:15:00+00:00,7.6,0.8,4.8,371
USGS-01649190,2024-01-04 23:20:00+00:00,7.6,0.8,4.8,371
USGS-01649190,2024-01-04 23:25:00+00:00,7.6,0.8,4.8,371
USGS-01649190,2024-01-04 23:30:00+00:00,7.6,0.9,4.8,371
USGS-01649190,2024-01-04 23:35:00+00:00,7.6,0.8,4.8,371
USGS-01649190,2024-01-04 23:40:00+00:00,7.6,1.1,4.8,371
USGS-01649190,2024-01-04 23:45:00+00:00,7.6,1.1,4.8,371
USGS-01649190,2024-01-04 23:50:00+00:00,7.6,0.9,4.8,371
USGS-01649190,2024-01-04 23:55:00+00:00,7.6,0.9,4.7,371
USGS-01649190,2024-01-05 00:00:00+00:00,7.6,1.0,4.7,371
USGS-01649190,2024-01-05 00:05:00+00:00,7.6,1.2,4.7,371
USGS-01649190,2024-01-05 00:10:00+00:00,7.6,1.0,4.7,371
USGS-01649190,2024-01-05 00:15:00+00:00,7.6,1.0,4.7,371
USGS-01649190,2024-01-05 00:20:00+00:00,7.6,1.0,4.7,371
USGS-01649190,2024-01-05 00:25:00+00:00,7.6,1.0,4.6,371
USGS-01649190,2024-01-05 00:30:00+00:00,7.6,1.0,4.6,371
USGS-01649190,2024-01-05 00:35:00+00:00,7.6,1.2,4.6,371
USGS-01649190,2024-01-05 00:40:00+00:00,7.6,1.2,4.6,371
USGS-01649190,2024-01-05 00:45:00+00:00,7.6,1.2,4.6,371
USGS-01649190,2024-01-05 00:50:00+00:00,7.6,1.1,4.6,371
USGS-01649190,2024-01-05 00:55:00+00:00,7.6,1.1,4.6,371
USGS-01649190,2024-01-05 01:00:00+00:00,7.6,1.2,4.6,372
USGS-01649190,2024-01-05 01:05:00+00:00,7.6,1.0,4.5,372
USGS-01649190,2024-01-05 01:10:00+00:00,7.6,1.0,4.5,371
USGS-01649190,2024-01-05 01:15:00+00:00,7.6,1.0,4.5,372
USGS-01649190,2024-01-05 01:20:00+00:00,7.6,1.1,4.5,371
USGS-01649190,2024-01-05 01:25:00+00:00,7.6,1.1,4.5,372
USGS-01649190,2024-01-05 01:30:00+00:00,7.6,1.0,4.5,372
USGS-01649190,2024-01-05 01:35:00+00:00,7.6,1.0,4.4,372
USGS-01649190,2024-01-05 01:40:00+00:00,7.6,0.9,4.4,372
USGS-01649190,2024-01-05 01:45:00+00:00,7.6,0.8,4.4,372
USGS-01649190,2024-01-05 01:50:00+00:00,7.6,0.9,4.4,372
USGS-01649190,2024-01-05 01:55:00+00:00,7.6,0.9,4.4,372
USGS-01649190,2024-01-05 02:00:00+00:00,7.6,1.1,4.4,372
USGS-01649190,2024-01-05 02:05:00+00:00,7.6,1.2,4.3,372
USGS-01649190,2024-01-05 02:10:00+00:00,7.6,1.3,4.3,372
USGS-01649190,2024-01-05 02:15:00+00:00,7.6,1.5,4.3,372
USGS-01649190,2024-01-05 02:20:00+00:00,7.6,1.6,4.3,372
USGS-01649190,2024-01-05 02:25:00+00:00,7.6,1.7,4.3,372
USGS-01649190,2024-01-05 02:30:00+00:00,7.6,2.1,4.3,372
USGS-01649190,2024-01-05 02:35:00+00:00,7.6,2.1,4.2,372
USGS-01649190,2024-01-05 02:40:00+00:00,7.6,2.2,4.2,372
USGS-01649190,2024-01-05 02:45:00+00:00,7.6,2.0,4.2,372
USGS-01649190,2024-01-05 02:50:00+00:00,7.6,1.5,4.2,372
USGS-01649190,2024-01-05 02:55:00+00:00,7.6,1.4,4.2,372
USGS-01649190,2024-01-05 03:00:00+00:00,7.6,1.4,4.2,372
USGS-01649190,2024-01-05 03:05:00+00:00,7.6,1.4,4.1,372
USGS-01649190,2024-01-05 03:10:00+00:00,7.6,1.4,4.1,372
USGS-01649190,2024-01-05 03:15:00+00:00,7.6,1.4,4.1,372
USGS-01649190,2024-01-05 03:20:00+00:00,7.6,1.6,4.1,372
USGS-01649190,2024-01-05 03:25:00+00:00,7.6,1.7,4.1,372
USGS-01649190,2024-01-05 03:30:00+00:00,7.6,1.3,4.0,372
USGS-01649190,2024-01-05 03:35:00+00:00,7.6,1.2,4.0,372
USGS-01649190,2024-01-05 03:40:00+00:00,7.6,1.4,4.0,372
USGS-01649190,2024-01-05 03:45:00+00:00,7.6,1.4,4.0,372
USGS-01649190,2024-01-05 03:50:00+00:00,7.6,1.1,4.0,372
USGS-01649190,2024-01-05 03:55:00+00:00,7.6,1.2,4.0,372
USGS-01649190,2024-01-05 04:00:00+00:00,7.5,1.5,4.0,372
USGS-01649190,2024-01-05 04:05:00+00:00,7.6,1.8,3.9,372
USGS-01649190,2024-01-05 04:10:00+00:00,7.5,1.7,3.9,372
USGS-01649190,2024-01-05 04:15:00+00:00,7.6,2.0,3.9,372
USGS-01649190,2024-01-05 04:20:00+00:00,7.5,3.0,3.9,373
USGS-01649190,2024-01-05 04:25:00+00:00,7.5,3.0,3.8,373
USGS-01649190,2024-01-05 04:30:00+00:00,7.5,2.4,3.8,373
USGS-01649190,2024-01-05 04:35:00+00:00,7.5,2.3,3.8,373
USGS-01649190,2024-01-05 04:40:00+00:00,7.5,2.8,3.8,373
USGS-01649190,2024-01-05 04:45:00+00:00,7.5,2.2,3.8,373
USGS-01649190,2024-01-05 04:50:00+00:00,7.5,1.9,3.8,373
USGS-01649190,2024-01-05 04:55:00+00:00,7.5,1.7,3.8,373
USGS-01649190,2024-01-05 05:00:00+00:00,7.5,1.6,3.8,373
USGS-01649190,2024-01-05 05:05:00+00:00,7.5,1.5,3.7,373
USGS-01649190,2024-01-05 05:10:00+00:00,7.5,1.4,3.7,373
USGS-01649190,2024-01-05 05:15:00+00:00,7.5,1.5,3.7,373
USGS-01649190,2024-01-05 05:20:00+00:00,7.5,1.6,3.7,373
USGS-01649190,2024-01-05 05:25:00+00:00,7.5,1.7,3.7,373
USGS-01649190,2024-01-05 05:30:00+00:00,7.5,1.6,3.6,373
USGS-01649190,2024-01-05 05:35:00+00:00,7.5,1.5,3.6,373
USGS-01649190,2024-01-05 05:40:00+00:00,7.5,1.4,3.6,373
USGS-01649190,2024-01-05 05:45:00+00:00,7.5,1.3,3.6,373
USGS-01649190,2024-01-05 05:50:00+00:00,7.5,1.2,3.6,373
USGS-01649190,2024-01-05 05:55:00+00:00,7.5,1.4,3.6,373
USGS-01649190,2024-01-05 06:00:00+00:00,7.5,1.5,3.5,373
USGS-01649190,2024-01-05 06:05:00+00:00,7.5,1.5,3.6,373
USGS-01649190,2024-01-05 06:10:00+00:00,7.5,1.6,3.5,373
USGS-01649190,2024-01-05 06:15:00+00:00,7.5,2.8,3.5,373
USGS-01649190,2024-01-05 06:20:00+00:00,7.5,2.1,3.5,373
USGS-01649190,2024-01-05 06:25:00+00:00,7.5,1.8,3.5,373
USGS-01649190,2024-01-05 06:30:00+00:00,7.5,1.9,3.4,373
USGS-01649190,2024-01-05 06:35:00+00:00,7.5,2.2,3.5,373
USGS-01649190,2024-01-05 06:40:00+00:00,7.5,1.7,3.4,373
USGS-01649190,2024-01-05 06:45:00+00:00,7.5,1.5,3.4,374
USGS-01649190,2024-01-05 06:50:00+00:00,7.5,1.4,3.4,374
USGS-01649190,2024-01-05 06:55:00+00:00,7.5,1.6,3.4,374
USGS-01649190,2024-01-05 07:00:00+00:00,7.5,1.5,3.4,374
USGS-01649190,2024-01-05 07:05:00+00:00,7.5,1.5,3.3,374
USGS-01649190,2024-01-05 07:10:00+00:00,7.5,1.4,3.3,374
USGS-01649190,2024-01-05 07:15:00+00:00,7.5,1.4,3.3,374
USGS-01649190,2024-01-05 07:20:00+00:00,7.5,1.6,3.3,374
USGS-01649190,2024-01-05 07:25:00+00:00,7.5,1.4,3.3,374
USGS-01649190,2024-01-05 07:30:00+00:00,7.5,1.4,3.3,374
USGS-01649190,2024-01-05 07:35:00+00:00,7.5,1.5,3.2,374
USGS-01649190,2024-01-05 07:40:00+00:00,7.5,1.6,3.2,374
USGS-01649190,2024-01-05 07:45:00+00:00,7.5,1.5,3.2,374
USGS-01649190,2024-01-05 07:50:00+00:00,7.5,1.5,3.2,374
USGS-01649190,2024-01-05 07:55:00+00:00,7.5,1.3,3.2,374
USGS-01649190,2024-01-05 08:00:00+00:00,7.5,1.4,3.2,374
USGS-01649190,2024-01-05 08:05:00+00:00,7.5,1.4,3.1,374
USGS-01649190,2024-01-05 08:10:00+00:00,7.5,1.4,3.1,374
USGS-01649190,2024-01-05 08:15:00+00:00,7.5,1.5,3.1,374
USGS-01649190,2024-01-05 08:20:00+00:00,7.5,1.5,3.1,374
USGS-01649190,2024-01-05 08:25:00+00:00,7.5,1.4,3.1,374
USGS-01649190,2024-01-05 08:30:00+00:00,7.5,1.4,3.1,374
USGS-01649190,2024-01-05 08:35:00+00:00,7.5,1.4,3.1,374
USGS-01649190,2024-01-05 08:40:00+00:00,7.5,1.3,3.1,374
USGS-01649190,2024-01-05 08:45:00+00:00,7.5,1.4,3.0,374
USGS-01649190,2024-01-05 08:50:00+00:00,7.5,1.4,3.0,374
USGS-01649190,2024-01-05 08:55:00+00:00,7.5,1.3,3.0,374
USGS-01649190,2024-01-05 09:00:00+00:00,7.5,1.4,3.0,374
USGS-01649190,2024-01-05 09:05:00+00:00,7.5,1.4,3.0,374
USGS-01649190,2024-01-05 09:10:00+00:00,7.5,1.8,2.9,375
USGS-01649190,2024-01-05 09:15:00+00:00,7.5,1.7,2.9,374
USGS-01649190,2024-01-05 09:20:00+00:00,7.5,2.1,2.9,375
USGS-01649190,2024-01-05 09:25:00+00:00,7.5,1.6,2.9,375
USGS-01649190,2024-01-05 09:30:00+00:00,7.5,1.8,2.9,375
USGS-01649190,2024-01-05 09:35:00+00:00,7.5,1.9,2.9,375
USGS-01649190,2024-01-05 09:40:00+00:00,7.5,1.9,2.9,375
USGS-01649190,2024-01-05 09:45:00+00:00,7.5,1.9,2.8,375
USGS-01649190,2024-01-05 09:50:00+00:00,7.5,1.9,2.8,375
USGS-01649190,2024-01-05 09:55:00+00:00,7.5,1.9,2.8,375
USGS-01649190,2024-01-05 10:00:00+00:00,7.5,2.0,2.8,375
USGS-01649190,2024-01-05 10:05:00+00:00,7.5,1.9,2.8,375
USGS-01649190,2024-01-05 10:10:00+00:00,7.5,1.8,2.8,375
USGS-01649190,2024-01-05 10:15:00+00:00,7.5,1.7,2.8,375
USGS-01649190,2024-01-05 10:20:00+00:00,7.5,1.7,2.7,375
USGS-01649190,2024-01-05 10:25:00+00:00,7.5,1.8,2.7,375
USGS-01649190,2024-01-05 10:30:00+00:00,7.5,1.8,2.7,375
USGS-01649190,2024-01-05 10:35:00+00:00,7.5,1.7,2.7,375
USGS-01649190,2024-01-05 10:40:00+00:00,7.5,1.7,2.7,375
USGS-01649190,2024-01-05 10:45:00+00:00,7.5,1.5,2.7,375
USGS-01649190,2024-01-05 10:50:00+00:00,7.5,1.5,2.7,375
USGS-01649190,2024-01-05 10:55:00+00:00,7.5,1.4,2.6,375
USGS-01649190,2024-01-05 11:00:00+00:00,7.5,1.4,2.6,375
USGS-01649190,2024-01-05 11:05:00+00:00,7.5,1.4,2.6,375
USGS-01649190,2024-01-05 11:10:00+00:00,7.5,1.3,2.6,375
USGS-01649190,2024-01-05 11:15:00+00:00,7.5,1.3,2.6,375
USGS-01649190,2024-01-05 11:20:00+00:00,7.5,1.4,2.6,375
USGS-01649190,2024-01-05 11:25:00+00:00,7.5,1.3,2.6,375
USGS-01649190,2024-01-05 11:30:00+00:00,7.5,1.2,2.5,375
USGS-01649190,2024-01-05 11:35:00+00:00,7.5,1.2,2.5,375
USGS-01649190,2024-01-05 11:40:00+00:00,7.5,1.2,2.5,376
USGS-01649190,2024-01-05 11:45:00+00:00,7.5,1.2,2.5,376
USGS-01649190,2024-01-05 11:50:00+00:00,7.5,1.1,2.5,376
USGS-01649190,2024-01-05 11:55:00+00:00,7.5,1.0,2.4,376
USGS-01649190,2024-01-05 12:00:00+00:00,7.5,1.1,2.4,376
USGS-01649190,2024-01-05 12:05:00+00:00,7.5,1.0,2.4,376
USGS-01649190,2024-01-05 12:10:00+00:00,7.5,1.1,2.4,376
USGS-01649190,2024-01-05 12:15:00+00:00,7.5,1.0,2.4,376
USGS-01649190,2024-01-05 12:20:00+00:00,7.5,1.1,2.4,376
USGS-01649190,2024-01-05 12:25:00+00:00,7.5,1.0,2.4,376
USGS-01649190,2024-01-05 12:30:00+00:00,7.5,1.0,2.3,376
USGS-01649190,2024-01-05 12:35:00+00:00,7.5,1.0,2.3,376
USGS-01649190,2024-01-05 12:40:00+00:00,7.5,1.0,2.3,376
USGS-01649190,2024-01-05 12:45:00+00:00,7.5,1.0,2.3,376
USGS-01649190,2024-01-05 12:50:00+00:00,7.5,1.0,2.3,376
USGS-01649190,2024-01-05 12:55:00+00:00,7.5,1.0,2.3,376
USGS-01649190,2024-01-05 13:00:00+00:00,7.5,1.0,2.3,376
USGS-01649190,2024-01-05 13:05:00+00:00,7.5,1.0,2.3,376
USGS-01649190,2024-01-05 13:10:00+00:00,7.5,1.0,2.3,376
USGS-01649190,2024-01-05 13:15:00+00:00,7.5,1.0,2.2,376
USGS-01649190,2024-01-05 13:20:00+00:00,7.5,0.9,2.2,376
USGS-01649190,2024-01-05 13:25:00+00:00,7.5,1.0,2.2,376
USGS-01649190,2024-01-05 13:30:00+00:00,7.5,1.0,2.2,376
USGS-01649190,2024-01-05 13:35:00+00:00,7.5,0.9,2.2,376
USGS-01649190,2024-01-05 13:40:00+00:00,7.5,1.0,2.2,376
USGS-01649190,2024-01-05 13:45:00+00:00,7.5,1.0,2.2,376
USGS-01649190,2024-01-05 13:50:00+00:00,7.5,0.9,2.2,376
USGS-01649190,2024-01-05 13:55:00+00:00,7.5,0.9,2.2,376
USGS-01649190,2024-01-05 14:00:00+00:00,7.5,1.0,2.2,376
USGS-01649190,2024-01-05 14:05:00+00:00,7.5,0.9,2.2,376
USGS-01649190,2024-01-05 14:10:00+00:00,7.5,0.9,2.2,376
USGS-01649190,2024-01-05 14:15:00+00:00,7.5,0.9,2.2,376
USGS-01649190,2024-01-05 14:20:00+00:00,7.5,0.9,2.2,376
USGS-01649190,2024-01-05 14:25:00+00:00,7.5,0.8,2.2,376
USGS-01649190,2024-01-05 14:30:00+00:00,7.5,0.9,2.2,376
USGS-01649190,2024-01-05 14:35:00+00:00,7.5,0.9,2.2,376
USGS-01649190,2024-01-05 14:40:00+00:00,7.5,0.9,2.2,376
USGS-01649190,2024-01-05 14:45:00+00:00,7.5,0.9,2.2,376
USGS-01649190,2024-01-05 14:50:00+00:00,7.5,0.9,2.2,377
USGS-01649190,2024-01-05 14:55:00+00:00,7.5,0.9,2.2,376
USGS-01649190,2024-01-05 15:00:00+00:00,7.5,0.9,2.2,376
USGS-01649190,2024-01-05 15:05:00+00:00,7.5,0.9,2.2,377
USGS-01649190,2024-01-05 15:10:00+00:00,7.5,1.0,2.2,376
USGS-01649190,2024-01-05 15:15:00+00:00,7.5,0.9,2.2,377
USGS-01649190,2024-01-05 15:20:00+00:00,7.5,0.9,2.2,377
USGS-01649190,2024-01-05 15:25:00+00:00,7.5,0.9,2.3,377
USGS-01649190,2024-01-05 15:30:00+00:00,7.5,0.9,2.3,376
USGS-01649190,2024-01-05 15:35:00+00:00,7.5,0.9,2.3,376
USGS-01649190,2024-01-05 15:40:00+00:00,7.5,0.9,2.3,376
USGS-01649190,2024-01-05 15:45:00+00:00,7.5,0.9,2.3,376
USGS-01649190,2024-01-05 15:50:00+00:00,7.5,0.9,2.3,376
USGS-01649190,2024-01-05 15:55:00+00:00,7.6,0.9,2.3,376
USGS-01649190,2024-01-05 16:00:00+00:00,7.6,0.9,2.4,376
USGS-01649190,2024-01-05 16:05:00+00:00,7.6,0.9,2.4,376
USGS-01649190,2024-01-05 16:10:00+00:00,7.6,0.9,2.4,376
USGS-01649190,2024-01-05 16:15:00+00:00,7.6,0.9,2.4,376
USGS-01649190,2024-01-05 16:20:00+00:00,7.6,0.9,2.4,376
USGS-01649190,2024-01-05 16:25:00+00:00,7.6,0.8,2.5,376
USGS-01649190,2024-01-05 16:30:00+00:00,7.6,0.9,2.5,376
USGS-01649190,2024-01-05 16:35:00+00:00,7.6,0.8,2.5,376
USGS-01649190,2024-01-05 16:40:00+00:00,7.6,0.8,2.5,376
USGS-01649190,2024-01-05 16:45:00+00:00,7.6,0.9,2.6,376
USGS-01649190,2024-01-05 16:50:00+00:00,7.6,0.8,2.6,376
USGS-01649190,2024-01-05 16:55:00+00:00,7.6,0.8,2.6,376
USGS-01649190,2024-01-05 17:00:00+00:00,7.6,0.9,2.6,376
USGS-01649190,2024-01-05 17:05:00+00:00,7.6,0.9,2.6,376
USGS-01649190,2024-01-05 17:10:00+00:00,7.6,0.9,2.6,376
USGS-01649190,2024-01-05 17:15:00+00:00,7.6,0.9,2.7,376
USGS-01649190,2024-01-05 17:20:00+00:00,7.6,0.8,2.7,376
USGS-01649190,2024-01-05 17:25:00+00:00,7.6,0.9,2.7,376
USGS-01649190,2024-01-05 17:30:00+00:00,7.6,0.9,2.7,376
USGS-01649190,2024-01-05 17:35:00+00:00,7.6,0.9,2.7,376
USGS-01649190,2024-01-05 17:40:00+00:00,7.6,0.8,2.7,376
USGS-01649190,2024-01-05 17:45:00+00:00,7.6,0.8,2.8,376
USGS-01649190,2024-01-05 17:50:00+00:00,7.6,0.8,2.8,376
USGS-01649190,2024-01-05 17:55:00+00:00,7.6,0.8,2.8,376
USGS-01649190,2024-01-05 18:00:00+00:00,7.6,0.8,2.8,376
USGS-01649190,2024-01-05 18:05:00+00:00,7.6,0.8,2.8,376
USGS-01649190,2024-01-05 18:10:00+00:00,7.6,0.8,2.8,376
USGS-01649190,2024-01-05 18:15:00+00:00,7.6,0.8,2.8,376
USGS-01649190,2024-01-05 18:20:00+00:00,7.6,0.8,2.8,376
USGS-01649190,2024-01-05 18:25:00+00:00,7.6,0.9,2.9,376
USGS-01649190,2024-01-05 18:30:00+00:00,7.6,0.8,2.9,375
USGS-01649190,2024-01-05 18:35:00+00:00,7.6,0.9,2.9,375
USGS-01649190,2024-01-05 18:40:00+00:00,7.6,0.8,2.9,375
USGS-01649190,2024-01-05 18:45:00+00:00,7.6,0.9,2.9,375
USGS-01649190,2024-01-05 18:50:00+00:00,7.6,0.8,2.9,375
USGS-01649190,2024-01-05 18:55:00+00:00,7.6,0.8,2.9,375
USGS-01649190,2024-01-05 19:00:00+00:00,7.6,0.8,2.9,375
USGS-01649190,2024-01-05 19:05:00+00:00,7.6,0.9,2.9,375
USGS-01649190,2024-01-05 19:10:00+00:00,7.6,0.8,2.9,375
USGS-01649190,2024-01-05 19:15:00+00:00,7.6,0.8,2.9,375
USGS-01649190,2024-01-05 19:20:00+00:00,7.6,0.8,2.9,375
USGS-01649190,2024-01-05 19:25:00+00:00,7.6,0.8,2.9,375
USGS-01649190,2024-01-05 19:30:00+00:00,7.6,0.8,2.9,375
USGS-01649190,2024-01-05 19:35:00+00:00,7.6,0.9,2.9,375
USGS-01649190,2024-01-05 19:40:00+00:00,7.6,0.8,2.9,375
USGS-01649190,2024-01-05 19:45:00+00:00,7.6,0.8,2.9,375
USGS-01649190,2024-01-05 19:50:00+00:00,7.6,0.8,2.9,375
USGS-01649190,2024-01-05 19:55:00+00:00,7.6,0.8,2.9,375
USGS-01649190,2024-01-05 20:00:00+00:00,7.6,0.8,2.9,375
USGS-01649190,2024-01-05 20:05:00+00:00,7.6,0.8,2.9,375
USGS-01649190,2024-01-05 20:10:00+00:00,7.6,0.8,2.9,375
USGS-01649190,2024-01-05 20:15:00+00:00,7.6,0.8,2.9,375
USGS-01649190,2024-01-05 20:20:00+00:00,7.6,0.8,2.9,375
USGS-01649190,2024-01-05 20:25:00+00:00,7.6,0.8,2.9,375
USGS-01649190,2024-01-05 20:30:00+00:00,7.6,0.9,2.9,375
USGS-01649190,2024-01-05 20:35:00+00:00,7.6,0.8,2.9,375
USGS-01649190,2024-01-05 20:40:00+00:00,7.6,0.8,2.9,375
USGS-01649190,2024-01-05 20:45:00+00:00,7.6,0.8,2.9,375
USGS-01649190,2024-01-05 20:50:00+00:00,7.6,0.8,2.9,375
USGS-01649190,2024-01-05 20:55:00+00:00,7.6,0.8,2.9,375
USGS-01649190,2024-01-05 21:00:00+00:00,7.6,0.8,2.9,375
USGS-01649190,2024-01-05 21:05:00+00:00,7.6,0.8,2.9,375
USGS-01649190,2024-01-05 21:10:00+00:00,7.6,0.8,2.9,375
USGS-01649190,2024-01-05 21:15:00+00:00,7.6,0.8,2.9,375
USGS-01649190,2024-01-05 21:20:00+00:00,7.6,0.8,2.9,375
USGS-01649190,2024-01-05 21:25:00+00:00,7.6,0.8,2.9,375
USGS-01649190,2024-01-05 21:30:00+00:00,7.6,0.8,2.9,375
USGS-01649190,2024-01-05 21:35:00+00:00,7.6,0.8,3.0,375
USGS-01649190,2024-01-05 21:40:00+00:00,7.6,0.8,3.0,375
USGS-01649190,2024-01-05 21:45:00+00:00,7.6,0.7,3.0,375
USGS-01649190,2024-01-05 21:50:00+00:00,7.6,0.8,3.0,375
USGS-01649190,2024-01-05 21:55:00+00:00,7.6,0.8,3.0,375
USGS-01649190,2024-01-05 22:00:00+00:00,7.6,0.8,3.0,375
USGS-01649190,2024-01-05 22:05:00+00:00,7.6,0.8,3.0,376
USGS-01649190,2024-01-05 22:10:00+00:00,7.6,0.8,3.0,376
USGS-01649190,2024-01-05 22:15:00+00:00,7.6,0.8,3.0,376
USGS-01649190,2024-01-05 22:20:00+00:00,7.6,0.8,3.0,376
USGS-01649190,2024-01-05 22:25:00+00:00,7.6,0.8,3.0,376
USGS-01649190,2024-01-05 22:30:00+00:00,7.6,0.8,3.0,376
USGS-01649190,2024-01-05 22:35:00+00:00,7.6,0.8,3.0,376
USGS-01649190,2024-01-05 22:40:00+00:00,7.6,0.8,3.0,376
USGS-01649190,2024-01-05 22:45:00+00:00,7.6,0.8,3.0,376
USGS-01649190,2024-01-05 22:50:00+00:00,7.6,0.7,3.0,376
USGS-01649190,2024-01-05 22:55:00+00:00,7.6,0.8,3.0,376
USGS-01649190,2024-01-05 23:00:00+00:00,7.6,0.8,3.0,376
USGS-01649190,2024-01-05 23:05:00+00:00,7.6,0.7,2.9,376
USGS-01649190,2024-01-05 23:10:00+00:00,7.6,0.8,2.9,376
USGS-01649190,2024-01-05 23:15:00+00:00,7.6,0.7,2.9,376
USGS-01649190,2024-01-05 23:20:00+00:00,7.6,0.7,2.9,376
USGS-01649190,2024-01-05 23:25:00+00:00,7.6,0.8,2.9,376
USGS-01649190,2024-01-05 23:30:00+00:00,7.6,0.8,2.9,376
USGS-01649190,2024-01-05 23:35:00+00:00,7.6,0.8,2.9,376
USGS-01649190,2024-01-05 23:40:00+00:00,7.6,0.7,2.9,376
USGS-01649190,2024-01-05 23:45:00+00:00,7.6,0.8,2.9,376
USGS-01649190,2024-01-05 23:50:00+00:00,7.6,0.8,2.9,376
USGS-01649190,2024-01-05 23:55:00+00:00,7.6,0.8,2.9,376
USGS-01649190,2024-01-06 00:00:00+00:00,7.6,0.8,2.9,376
USGS-01649190,2024-01-06 00:05:00+00:00,7.6,0.9,2.9,376
USGS-01649190,2024-01-06 00:10:00+00:00,7.6,1.0,2.9,376
USGS-01649190,2024-01-06 00:15:00+00:00,7.6,1.0,2.9,376
USGS-01649190,2024-01-06 00:20:00+00:00,7.6,1.0,2.9,376
USGS-01649190,2024-01-06 00:25:00+00:00,7.6,1.1,2.9,376
USGS-01649190,2024-01-06 00:30:00+00:00,7.5,1.0,2.9,376
USGS-01649190,2024-01-06 00:35:00+00:00,7.5,1.0,2.9,376
USGS-01649190,2024-01-06 00:40:00+00:00,7.5,0.9,2.8,376
USGS-01649190,2024-01-06 00:45:00+00:00,7.5,0.9,2.8,376
USGS-01649190,2024-01-06 00:50:00+00:00,7.5,0.9,2.8,376
USGS-01649190,2024-01-06 00:55:00+00:00,7.5,0.9,2.8,377
USGS-01649190,2024-01-06 01:00:00+00:00,7.5,0.9,2.8,377
USGS-01649190,2024-01-06 01:05:00+00:00,7.5,1.0,2.8,377
USGS-01649190,2024-01-06 01:10:00+00:00,7.5,0.9,2.8,377
USGS-01649190,2024-01-06 01:15:00+00:00,7.5,0.9,2.8,377
USGS-01649190,2024-01-06 01:20:00+00:00,7.5,0.8,2.8,377
USGS-01649190,2024-01-06 01:25:00+00:00,7.5,0.8,2.8,377
USGS-01649190,2024-01-06 01:30:00+00:00,7.5,0.9,2.8,377
USGS-01649190,2024-01-06 01:35:00+00:00,7.5,0.9,2.7,377
USGS-01649190,2024-01-06 01:40:00+00:00,7.5,0.9,2.7,377
USGS-01649190,2024-01-06 01:45:00+00:00,7.5,0.8,2.7,377
USGS-01649190,2024-01-06 01:50:00+00:00,7.5,0.9,2.7,377
USGS-01649190,2024-01-06 01:55:00+00:00,7.5,0.9,2.7,377
USGS-01649190,2024-01-06 02:00:00+00:00,7.5,1.2,2.7,377
USGS-01649190,2024-01-06 02:05:00+00:00,7.5,1.3,2.7,377
USGS-01649190,2024-01-06 02:10:00+00:00,7.5,1.3,2.6,377
USGS-01649190,2024-01-06 02:15:00+00:00,7.5,1.1,2.6,377
USGS-01649190,2024-01-06 02:20:00+00:00,7.5,1.0,2.6,377
USGS-01649190,2024-01-06 02:25:00+00:00,7.5,1.0,2.6,377
USGS-01649190,2024-01-06 02:30:00+00:00,7.5,1.0,2.6,377
USGS-01649190,2024-01-06 02:35:00+00:00,7.5,0.9,2.6,377
USGS-01649190,2024-01-06 02:40:00+00:00,7.5,0.9,2.6,377
USGS-01649190,2024-01-06 02:45:00+00:00,7.5,0.9,2.6,377
USGS-01649190,2024-01-06 02:50:00+00:00,7.5,0.9,2.5,377
USGS-01649190,2024-01-06 02:55:00+00:00,7.5,0.9,2.5,377
USGS-01649190,2024-01-06 03:00:00+00:00,7.5,0.8,2.5,377
USGS-01649190,2024-01-06 03:05:00+00:00,7.5,0.9,2.5,377
USGS-01649190,2024-01-06 03:10:00+00:00,7.5,0.8,2.5,377
USGS-01649190,2024-01-06 03:15:00+00:00,7.5,0.8,2.5,377
USGS-01649190,2024-01-06 03:20:00+00:00,7.5,0.8,2.5,377
USGS-01649190,2024-01-06 03:25:00+00:00,7.5,0.8,2.5,377
USGS-01649190,2024-01-06 03:30:00+00:00,7.5,0.9,2.5,377
USGS-01649190,2024-01-06 03:35:00+00:00,7.5,0.9,2.4,378
USGS-01649190,2024-01-06 03:40:00+00:00,7.5,0.9,2.4,377
USGS-01649190,2024-01-06 03:45:00+00:00,7.5,1.0,2.4,378
USGS-01649190,2024-01-06 03:50:00+00:00,7.5,0.9,2.4,378
USGS-01649190,2024-01-06 03:55:00+00:00,7.5,0.9,2.4,378
USGS-01649190,2024-01-06 04:00:00+00:00,7.5,1.0,2.4,378
USGS-01649190,2024-01-06 04:05:00+00:00,7.5,0.9,2.4,378
USGS-01649190,2024-01-06 04:10:00+00:00,7.5,0.9,2.3,378
USGS-01649190,2024-01-06 04:15:00+00:00,7.5,0.9,2.3,378
USGS-01649190,2024-01-06 04:20:00+00:00,7.5,0.9,2.3,378
USGS-01649190,2024-01-06 04:25:00+00:00,7.5,0.9,2.3,378
USGS-01649190,2024-01-06 04:30:00+00:00,7.5,0.9,2.3,378
USGS-01649190,2024-01-06 04:35:00+00:00,7.5,0.8,2.3,378
USGS-01649190,2024-01-06 04:40:00+00:00,7.5,0.8,2.3,378
USGS-01649190,2024-01-06 04:45:00+00:00,7.5,0.8,2.3,378
USGS-01649190,2024-01-06 04:50:00+00:00,7.5,0.8,2.3,378
USGS-01649190,2024-01-06 04:55:00+00:00,7.5,0.8,2.3,378
USGS-01649190,2024-01-06 05:00:00+00:00,7.5,0.8,2.3,378
USGS-01649190,2024-01-06 05:05:00+00:00,7.5,0.8,2.3,378
USGS-01649190,2024-01-06 05:10:00+00:00,7.5,0.8,2.3,378
USGS-01649190,2024-01-06 05:15:00+00:00,7.5,0.9,2.2,378
USGS-01649190,2024-01-06 05:20:00+00:00,7.5,0.9,2.2,378
USGS-01649190,2024-01-06 05:25:00+00:00,7.5,0.9,2.2,378
USGS-01649190,2024-01-06 05:30:00+00:00,7.5,1.0,2.2,378
USGS-01649190,2024-01-06 05:35:00+00:00,7.5,0.9,2.2,378
USGS-01649190,2024-01-06 05:40:00+00:00,7.5,0.8,2.2,378
USGS-01649190,2024-01-06 05:45:00+00:00,7.5,0.8,2.2,378
USGS-01649190,2024-01-06 05:50:00+00:00,7.5,1.0,2.2,378
USGS-01649190,2024-01-06 05:55:00+00:00,7.5,1.3,2.2,378
USGS-01649190,2024-01-06 06:00:00+00:00,7.5,1.0,2.1,378
USGS-01649190,2024-01-06 06:05:00+00:00,7.5,0.9,2.1,379
USGS-01649190,2024-01-06 06:10:00+00:00,7.5,0.9,2.1,379
USGS-01649190,2024-01-06 06:15:00+00:00,7.5,1.1,2.1,378
USGS-01649190,2024-01-06 06:20:00+00:00,7.5,1.0,2.1,379
USGS-01649190,2024-01-06 06:25:00+00:00,7.5,0.8,2.1,379
USGS-01649190,2024-01-06 06:30:00+00:00,7.5,0.8,2.1,379
USGS-01649190,2024-01-06 06:35:00+00:00,7.5,0.9,2.1,379
USGS-01649190,2024-01-06 06:40:00+00:00,7.5,0.9,2.1,379
USGS-01649190,2024-01-06 06:45:00+00:00,7.5,0.9,2.1,379
USGS-01649190,2024-01-06 06:50:00+00:00,7.5,0.8,2.1,379
USGS-01649190,2024-01-06 06:55:00+00:00,7.5,0.9,2.1,379
USGS-01649190,2024-01-06 07:00:00+00:00,7.5,0.9,2.1,379
USGS-01649190,2024-01-06 07:05:00+00:00,7.5,0.8,2.1,379
USGS-01649190,2024-01-06 07:10:00+00:00,7.5,0.9,2.1,379
USGS-01649190,2024-01-06 07:15:00+00:00,7.5,0.8,2.0,379
USGS-01649190,2024-01-06 07:20:00+00:00,7.5,0.9,2.0,379
USGS-01649190,2024-01-06 07:25:00+00:00,7.5,0.9,2.0,379
USGS-01649190,2024-01-06 07:30:00+00:00,7.5,0.9,2.0,379
USGS-01649190,2024-01-06 07:35:00+00:00,7.5,0.9,2.0,379
USGS-01649190,2024-01-06 07:40:00+00:00,7.5,0.9,2.0,379
USGS-01649190,2024-01-06 07:45:00+00:00,7.5,0.9,2.0,379
USGS-01649190,2024-01-06 07:50:00+00:00,7.5,0.9,2.0,379
USGS-01649190,2024-01-06 07:55:00+00:00,7.5,0.9,2.0,379
USGS-01649190,2024-01-06 08:00:00+00:00,7.5,0.9,2.0,379
USGS-01649190,2024-01-06 08:05:00+00:00,7.5,1.1,2.0,379
USGS-01649190,2024-01-06 08:10:00+00:00,7.5,1.0,2.0,379
USGS-01649190,2024-01-06 08:15:00+00:00,7.5,1.0,2.0,379
USGS-01649190,2024-01-06 08:20:00+00:00,7.5,1.0,2.0,379
USGS-01649190,2024-01-06 08:25:00+00:00,7.5,1.2,2.0,379
USGS-01649190,2024-01-06 08:30:00+00:00,7.5,1.0,2.0,379
USGS-01649190,2024-01-06 08:35:00+00:00,7.5,0.9,2.0,379
USGS-01649190,2024-01-06 08:40:00+00:00,7.5,1.2,2.0,379
USGS-01649190,2024-01-06 08:45:00+00:00,7.5,1.0,2.0,379
USGS-01649190,2024-01-06 08:50:00+00:00,7.5,1.1,2.0,379
USGS-01649190,2024-01-06 08:55:00+00:00,7.5,0.9,2.0,379
USGS-01649190,2024-01-06 09:00:00+00:00,7.5,1.1,2.0,379
USGS-01649190,2024-01-06 09:05:00+00:00,7.5,1.0,2.0,379
USGS-01649190,2024-01-06 09:10:00+00:00,7.5,1.0,2.0,379
USGS-01649190,2024-01-06 09:15:00+00:00,7.5,1.0,2.0,379
USGS-01649190,2024-01-06 09:20:00+00:00,7.5,0.9,2.0,379
USGS-01649190,2024-01-06 09:25:00+00:00,7.5,1.0,2.0,379
USGS-01649190,2024-01-06 09:30:00+00:00,7.5,0.9,2.0,379
USGS-01649190,2024-01-06 09:35:00+00:00,7.5,1.1,2.0,379
USGS-01649190,2024-01-06 09:40:00+00:00,7.5,1.1,2.0,379
USGS-01649190,2024-01-06 09:45:00+00:00,7.5,1.1,2.0,379
USGS-01649190,2024-01-06 09:50:00+00:00,7.5,1.0,2.0,379
USGS-01649190,2024-01-06 09:55:00+00:00,7.5,1.1,2.0,379
USGS-01649190,2024-01-06 10:00:00+00:00,7.5,1.2,2.0,379
USGS-01649190,2024-01-06 10:05:00+00:00,7.5,1.2,2.0,379
USGS-01649190,2024-01-06 10:10:00+00:00,7.5,1.2,2.0,379
USGS-01649190,2024-01-06 10:15:00+00:00,7.5,1.2,2.0,379
USGS-01649190,2024-01-06 10:20:00+00:00,7.5,1.0,2.0,379
USGS-01649190,2024-01-06 10:25:00+00:00,7.5,1.1,2.0,379
USGS-01649190,2024-01-06 10:30:00+00:00,7.5,1.1,1.9,380
USGS-01649190,2024-01-06 10:35:00+00:00,7.5,1.2,1.9,380
USGS-01649190,2024-01-06 10:40:00+00:00,7.5,1.1,1.9,380
USGS-01649190,2024-01-06 10:45:00+00:00,7.5,1.3,1.9,380
USGS-01649190,2024-01-06 10:50:00+00:00,7.5,1.2,1.9,380
USGS-01649190,2024-01-06 10:55:00+00:00,7.5,1.2,1.9,380
USGS-01649190,2024-01-06 11:00:00+00:00,7.5,1.2,1.9,380
USGS-01649190,2024-01-06 11:05:00+00:00,7.5,1.0,1.9,380
USGS-01649190,2024-01-06 11:10:00+00:00,7.5,1.0,1.9,380
USGS-01649190,2024-01-06 11:15:00+00:00,7.5,1.0,2.0,380
USGS-01649190,2024-01-06 11:20:00+00:00,7.5,1.0,2.0,380
USGS-01649190,2024-01-06 11:25:00+00:00,7.5,0.9,2.0,380
USGS-01649190,2024-01-06 11:30:00+00:00,7.5,0.9,2.0,380
USGS-01649190,2024-01-06 11:35:00+00:00,7.5,0.9,2.0,380
USGS-01649190,2024-01-06 11:40:00+00:00,7.5,0.8,2.0,380
USGS-01649190,2024-01-06 11:45:00+00:00,7.5,0.9,2.0,380
USGS-01649190,2024-01-06 11:50:00+00:00,7.5,0.9,2.0,380
USGS-01649190,2024-01-06 11:55:00+00:00,7.5,0.9,2.0,380
USGS-01649190,2024-01-06 12:00:00+00:00,7.5,0.8,2.0,380
USGS-01649190,2024-01-06 12:05:00+00:00,7.5,0.8,2.0,380
USGS-01649190,2024-01-06 12:10:00+00:00,7.5,0.9,2.0,380
USGS-01649190,2024-01-06 12:15:00+00:00,7.5,0.8,2.0,380
USGS-01649190,2024-01-06 12:20:00+00:00,7.5,0.8,2.0,380
USGS-01649190,2024-01-06 12:25:00+00:00,7.5,0.8,2.0,380
USGS-01649190,2024-01-06 12:30:00+00:00,7.5,0.9,2.0,380
USGS-01649190,2024-01-06 12:35:00+00:00,7.5,0.9,2.0,380
USGS-01649190,2024-01-06 12:40:00+00:00,7.5,0.8,2.0,380
USGS-01649190,2024-01-06 12:45:00+00:00,7.5,0.8,2.0,380
USGS-01649190,2024-01-06 12:50:00+00:00,7.5,0.8,2.0,380
USGS-01649190,2024-01-06 12:55:00+00:00,7.5,0.8,2.0,380
USGS-01649190,2024-01-06 13:00:00+00:00,7.5,0.8,2.0,380
USGS-01649190,2024-01-06 13:05:00+00:00,7.5,0.8,2.0,380
USGS-01649190,2024-01-06 13:10:00+00:00,7.5,0.7,2.0,380
USGS-01649190,2024-01-06 13:15:00+00:00,7.5,0.7,2.0,380
USGS-01649190,2024-01-06 13:20:00+00:00,7.5,0.8,2.0,380
USGS-01649190,2024-01-06 13:25:00+00:00,7.5,0.8,2.0,380
USGS-01649190,2024-01-06 13:30:00+00:00,7.5,0.7,2.0,380
USGS-01649190,2024-01-06 13:35:00+00:00,7.5,0.8,2.0,380
USGS-01649190,2024-01-06 13:40:00+00:00,7.5,0.7,2.0,380
USGS-01649190,2024-01-06 13:45:00+00:00,7.5,0.7,2.0,380
USGS-01649190,2024-01-06 13:50:00+00:00,7.5,0.7,2.1,380
USGS-01649190,2024-01-06 13:55:00+00:00,7.5,0.7,2.1,380
USGS-01649190,2024-01-06 14:00:00+00:00,7.5,0.7,2.1,380
USGS-01649190,2024-01-06 14:05:00+00:00,7.5,0.7,2.1,380
USGS-01649190,2024-01-06 14:10:00+00:00,7.5,0.7,2.1,380
USGS-01649190,2024-01-06 14:15:00+00:00,7.5,0.8,2.1,380
USGS-01649190,2024-01-06 14:20:00+00:00,7.5,0.8,2.1,380
USGS-01649190,2024-01-06 14:25:00+00:00,7.5,0.7,2.1,380
USGS-01649190,2024-01-06 14:30:00+00:00,7.5,0.7,2.1,380
USGS-01649190,2024-01-06 14:35:00+00:00,7.5,0.7,2.1,380
USGS-01649190,2024-01-06 14:40:00+00:00,7.5,0.8,2.1,380
USGS-01649190,2024-01-06 14:45:00+00:00,7.5,0.7,2.1,379
USGS-01649190,2024-01-06 14:50:00+00:00,7.5,0.7,2.1,379
USGS-01649190,2024-01-06 14:55:00+00:00,7.5,0.7,2.1,379
USGS-01649190,2024-01-06 15:00:00+00:00,7.5,0.7,2.1,379
USGS-01649190,2024-01-06 15:05:00+00:00,7.5,0.8,2.1,379
USGS-01649190,2024-01-06 15:10:00+00:00,7.5,0.7,2.1,379
USGS-01649190,2024-01-06 15:15:00+00:00,7.5,0.8,2.2,379
USGS-01649190,2024-01-06 15:20:00+00:00,7.5,0.7,2.2,379
USGS-01649190,2024-01-06 15:25:00+00:00,7.5,0.7,2.2,379
USGS-01649190,2024-01-06 15:30:00+00:00,7.5,0.8,2.2,379
USGS-01649190,2024-01-06 15:35:00+00:00,7.5,0.7,2.2,379
USGS-01649190,2024-01-06 15:40:00+00:00,7.5,0.8,2.2,379
USGS-01649190,2024-01-06 15:45:00+00:00,7.5,0.8,2.2,379
USGS-01649190,2024-01-06 15:50:00+00:00,7.5,0.7,2.2,379
USGS-01649190,2024-01-06 15:55:00+00:00,7.5,0.7,2.2,379
USGS-01649190,2024-01-06 16:00:00+00:00,7.5,0.8,2.2,379
USGS-01649190,2024-01-06 16:05:00+00:00,7.5,0.7,2.2,379
USGS-01649190,2024-01-06 16:10:00+00:00,7.5,0.8,2.3,379
USGS-01649190,2024-01-06 16:15:00+00:00,7.5,0.8,2.3,379
USGS-01649190,2024-01-06 16:20:00+00:00,7.5,0.7,2.3,379
USGS-01649190,2024-01-06 16:25:00+00:00,7.5,0.8,2.3,379
USGS-01649190,2024-01-06 16:30:00+00:00,7.5,0.8,2.3,379
USGS-01649190,2024-01-06 16:35:00+00:00,7.5,0.8,2.3,379
USGS-01649190,2024-01-06 16:40:00+00:00,7.5,0.8,2.3,379
USGS-01649190,2024-01-06 16:45:00+00:00,7.5,0.8,2.3,379
USGS-01649190,2024-01-06 16:50:00+00:00,7.5,0.7,2.3,379
USGS-01649190,2024-01-06 16:55:00+00:00,7.5,0.7,2.4,379
USGS-01649190,2024-01-06 17:00:00+00:00,7.5,0.7,2.4,379
USGS-01649190,2024-01-06 17:05:00+00:00,7.5,0.8,2.4,379
USGS-01649190,2024-01-06 17:10:00+00:00,7.5,0.8,2.4,379
USGS-01649190,2024-01-06 17:15:00+00:00,7.5,0.7,2.4,379
USGS-01649190,2024-01-06 17:20:00+00:00,7.5,0.8,2.4,378
USGS-01649190,2024-01-06 17:25:00+00:00,7.5,0.8,2.4,378
USGS-01649190,2024-01-06 17:30:00+00:00,7.5,0.7,2.4,378
USGS-01649190,2024-01-06 17:35:00+00:00,7.5,0.8,2.4,378
USGS-01649190,2024-01-06 17:40:00+00:00,7.5,0.8,2.4,378
USGS-01649190,2024-01-06 17:45:00+00:00,7.5,0.8,2.4,378
USGS-01649190,2024-01-06 17:50:00+00:00,7.5,0.8,2.5,378
USGS-01649190,2024-01-06 17:55:00+00:00,7.5,0.8,2.5,377
USGS-01649190,2024-01-06 18:00:00+00:00,7.5,0.7,2.5,377
USGS-01649190,2024-01-06 18:05:00+00:00,7.5,0.8,2.5,376
USGS-01649190,2024-01-06 18:10:00+00:00,7.5,0.8,2.5,376
USGS-01649190,2024-01-06 18:15:00+00:00,7.5,0.8,2.5,376
USGS-01649190,2024-01-06 18:20:00+00:00,7.5,0.9,2.5,376
USGS-01649190,2024-01-06 18:25:00+00:00,7.5,0.8,2.5,375
USGS-01649190,2024-01-06 18:30:00+00:00,7.5,0.8,2.5,375
USGS-01649190,2024-01-06 18:35:00+00:00,7.5,0.8,2.5,375
USGS-01649190,2024-01-06 18:40:00+00:00,7.5,0.8,2.5,374
USGS-01649190,2024-01-06 18:45:00+00:00,7.5,0.9,2.5,375
USGS-01649190,2024-01-06 18:50:00+00:00,7.5,0.9,2.5,374
USGS-01649190,2024-01-06 18:55:00+00:00,7.5,0.9,2.5,373
USGS-01649190,2024-01-06 19:00:00+00:00,7.5,1.0,2.6,373
USGS-01649190,2024-01-06 19:05:00+00:00,7.5,1.0,2.6,372
USGS-01649190,2024-01-06 19:10:00+00:00,7.5,1.0,2.6,371
USGS-01649190,2024-01-06 19:15:00+00:00,7.5,1.0,2.6,371
USGS-01649190,2024-01-06 19:20:00+00:00,7.5,1.2,2.6,370
USGS-01649190,2024-01-06 19:25:00+00:00,7.5,1.1,2.6,370
USGS-01649190,2024-01-06 19:30:00+00:00,7.5,1.1,2.6,369
USGS-01649190,2024-01-06 19:35:00+00:00,7.5,1.1,2.6,369
USGS-01649190,2024-01-06 19:40:00+00:00,7.5,1.1,2.6,368
USGS-01649190,2024-01-06 19:45:00+00:00,7.5,1.3,2.6,367
USGS-01649190,2024-01-06 19:50:00+00:00,7.5,2.7,2.6,367
USGS-01649190,2024-01-06 19:55:00+00:00,7.5,3.5,2.7,366
USGS-01649190,2024-01-06 20:00:00+00:00,7.5,3.7,2.7,366
USGS-01649190,2024-01-06 20:05:00+00:00,7.6,4.6,2.7,365
USGS-01649190,2024-01-06 20:10:00+00:00,7.6,6.4,2.7,325
USGS-01649190,2024-01-06 20:15:00+00:00,7.6,5.7,2.7,320
USGS-01649190,2024-01-06 20:20:00+00:00,7.5,6.0,2.8,322
USGS-01649190,2024-01-06 20:25:00+00:00,7.5,7.3,2.8,357
USGS-01649190,2024-01-06 20:30:00+00:00,7.5,8.9,2.8,355
USGS-01649190,2024-01-06 20:35:00+00:00,7.5,8.2,2.8,215
USGS-01649190,2024-01-06 20:40:00+00:00,7.5,11.8,2.8,217
USGS-01649190,2024-01-06 20:45:00+00:00,7.6,13.1,2.9,248
USGS-01649190,2024-01-06 20:50:00+00:00,7.6,69.0,3.0,342
USGS-01649190,2024-01-06 20:55:00+00:00,7.6,58.7,3.1,316
USGS-01649190,2024-01-06 21:00:00+00:00,7.6,41.3,3.2,345
USGS-01649190,2024-01-06 21:05:00+00:00,7.6,65.8,3.3,324
USGS-01649190,2024-01-06 21:10:00+00:00,7.6,34.8,3.4,296
USGS-01649190,2024-01-06 21:15:00+00:00,7.6,41.6,3.4,285
USGS-01649190,2024-01-06 21:20:00+00:00,7.6,33.6,3.5,275
USGS-01649190,2024-01-06 21:25:00+00:00,7.6,33.3,3.5,262
USGS-01649190,2024-01-06 21:30:00+00:00,7.6,45.4,3.5,251
USGS-01649190,2024-01-06 21:35:00+00:00,7.6,58.1,3.5,243
USGS-01649190,2024-01-06 21:40:00+00:00,7.5,63.2,3.5,242
USGS-01649190,2024-01-06 21:45:00+00:00,7.5,60.7,3.5,237
USGS-01649190,2024-01-06 21:50:00+00:00,7.5,58.1,3.5,226
USGS-01649190,2024-01-06 21:55:00+00:00,7.5,63.1,3.5,222
USGS-01649190,2024-01-06 22:00:00+00:00,7.5,69.6,3.5,218
USGS-01649190,2024-01-06 22:05:00+00:00,7.5,75.3,3.5,241
USGS-01649190,2024-01-06 22:10:00+00:00,7.5,66.1,3.5,305
USGS-01649190,2024-01-06 22:15:00+00:00,7.5,65.5,3.5,299
USGS-01649190,2024-01-06 22:20:00+00:00,7.4,65.9,3.5,296
USGS-01649190,2024-01-06 22:25:00+00:00,7.5,77.4,3.5,295
USGS-01649190,2024-01-06 22:30:00+00:00,7.4,73.5,3.6,293
USGS-01649190,2024-01-06 22:35:00+00:00,7.4,76.1,3.6,288
USGS-01649190,2024-01-06 22:40:00+00:00,7.4,85.2,3.6,277
USGS-01649190,2024-01-06 22:45:00+00:00,7.4,97.6,3.6,267
USGS-01649190,2024-01-06 22:50:00+00:00,7.4,85.3,3.6,259
USGS-01649190,2024-01-06 22:55:00+00:00,7.4,91.6,3.6,256
USGS-01649190,2024-01-06 23:00:00+00:00,7.4,110.0,3.6,253
USGS-01649190,2024-01-06 23:05:00+00:00,7.4,76.4,3.6,247
USGS-01649190,2024-01-06 23:10:00+00:00,7.4,73.6,3.6,237
USGS-01649190,2024-01-06 23:15:00+00:00,7.4,83.2,3.6,224
USGS-01649190,2024-01-06 23:20:00+00:00,7.4,66.2,3.6,217
USGS-01649190,2024-01-06 23:25:00+00:00,7.4,67.3,3.6,210
USGS-01649190,2024-01-06 23:30:00+00:00,7.4,63.2,3.6,206
USGS-01649190,2024-01-06 23:35:00+00:00,7.4,67.8,3.6,204
USGS-01649190,2024-01-06 23:40:00+00:00,7.4,75.5,3.6,198
USGS-01649190,2024-01-06 23:45:00+00:00,7.4,99.9,3.6,131
USGS-01649190,2024-01-06 23:50:00+00:00,7.4,70.9,3.5,129
USGS-01649190,2024-01-06 23:55:00+00:00,7.4,68.4,3.5,123
USGS-01649190,2024-01-07 00:00:00+00:00,7.4,72.0,3.5,120
USGS-01649190,2024-01-07 00:05:00+00:00,7.4,67.6,3.5,118
USGS-01649190,2024-01-07 00:10:00+00:00,7.4,73.4,3.5,115
USGS-01649190,2024-01-07 00:15:00+00:00,7.4,84.2,3.5,113
USGS-01649190,2024-01-07 00:20:00+00:00,7.4,73.0,3.5,115
USGS-01649190,2024-01-07 00:25:00+00:00,7.4,89.2,3.5,160
USGS-01649190,2024-01-07 00:30:00+00:00,7.4,84.3,3.5,160
USGS-01649190,2024-01-07 00:35:00+00:00,7.4,89.1,3.5,158
USGS-01649190,2024-01-07 00:40:00+00:00,7.4,79.6,3.6,150
USGS-01649190,2024-01-07 00:45:00+00:00,7.4,109.0,3.6,150
USGS-01649190,2024-01-07 00:50:00+00:00,7.4,97.0,3.6,147
USGS-01649190,2024-01-07 00:55:00+00:00,7.4,89.2,3.6,135
USGS-01649190,2024-01-07 01:00:00+00:00,7.4,101.0,3.6,127
USGS-01649190,2024-01-07 01:05:00+00:00,7.4,92.1,3.6,128
USGS-01649190,2024-01-07 01:10:00+00:00,7.4,92.0,3.6,130
USGS-01649190,2024-01-07 01:15:00+00:00,7.4,89.9,3.6,138
USGS-01649190,2024-01-07 01:20:00+00:00,7.4,96.7,3.7,138
USGS-01649190,2024-01-07 01:25:00+00:00,7.4,101.0,3.7,138
USGS-01649190,2024-01-07 01:30:00+00:00,7.4,97.0,3.7,138
USGS-01649190,2024-01-07 01:35:00+00:00,7.4,85.2,3.7,138
USGS-01649190,2024-01-07 01:40:00+00:00,7.4,93.1,3.7,134
USGS-01649190,2024-01-07 01:50:00+00:00,7.4,90.0,3.7,138
USGS-01649190,2024-01-07 01:55:00+00:00,7.4,89.7,3.7,138
USGS-01649190,2024-01-07 02:00:00+00:00,7.4,86.9,3.7,136
USGS-01649190,2024-01-07 02:05:00+00:00,7.4,124.0,3.7,136
USGS-01649190,2024-01-07 02:10:00+00:00,7.4,103.0,3.7,134
USGS-01649190,2024-01-07 02:15:00+00:00,7.4,100.0,3.7,132
USGS-01649190,2024-01-07 02:20:00+00:00,7.4,102.0,3.7,130
USGS-01649190,2024-01-07 02:25:00+00:00,7.4,119.0,3.7,129
USGS-01649190,2024-01-07 02:30:00+00:00,7.4,99.4,3.7,126
USGS-01649190,2024-01-07 02:35:00+00:00,7.4,106.0,3.7,125
USGS-01649190,2024-01-07 02:40:00+00:00,7.4,105.0,3.7,123
USGS-01649190,2024-01-07 02:45:00+00:00,7.4,100.0,3.7,121
USGS-01649190,2024-01-07 02:50:00+00:00,7.4,99.1,3.7,120
USGS-01649190,2024-01-07 02:55:00+00:00,7.4,93.7,3.7,119
USGS-01649190,2024-01-07 03:00:00+00:00,7.4,104.0,3.7,118
USGS-01649190,2024-01-07 03:05:00+00:00,7.4,109.0,3.7,117
USGS-01649190,2024-01-07 03:10:00+00:00,7.4,114.0,3.7,116
USGS-01649190,2024-01-07 03:15:00+00:00,7.4,102.0,3.7,115
USGS-01649190,2024-01-07 03:20:00+00:00,7.4,112.0,3.7,114
USGS-01649190,2024-01-07 03:25:00+00:00,7.4,106.0,3.7,113
USGS-01649190,2024-01-07 03:30:00+00:00,7.4,114.0,3.7,114
USGS-01649190,2024-01-07 03:35:00+00:00,7.4,109.0,3.7,113
USGS-01649190,2024-01-07 03:40:00+00:00,7.4,95.8,3.7,113
USGS-01649190,2024-01-07 03:45:00+00:00,7.4,80.7,3.7,113
USGS-01649190,2024-01-07 03:50:00+00:00,7.4,87.2,3.7,113
USGS-01649190,2024-01-07 03:55:00+00:00,7.4,104.0,3.7,113
USGS-01649190,2024-01-07 04:00:00+00:00,7.4,78.9,3.7,114
USGS-01649190,2024-01-07 04:05:00+00:00,7.4,103.0,3.7,113
USGS-01649190,2024-01-07 04:10:00+00:00,7.4,89.4,3.7,113
USGS-01649190,2024-01-07 04:15:00+00:00,7.4,82.4,3.7,113
USGS-01649190,2024-01-07 04:20:00+00:00,7.4,120.0,3.7,114
USGS-01649190,2024-01-07 04:25:00+00:00,7.4,91.1,3.7,114
USGS-01649190,2024-01-07 04:30:00+00:00,7.4,85.9,3.7,114
USGS-01649190,2024-01-07 04:35:00+00:00,7.4,103.0,3.7,114
USGS-01649190,2024-01-07 04:40:00+00:00,7.4,85.7,3.7,115
USGS-01649190,2024-01-07 04:45:00+00:00,7.4,88.8,3.7,115
USGS-01649190,2024-01-07 04:50:00+00:00,7.4,77.7,3.6,116
USGS-01649190,2024-01-07 04:55:00+00:00,7.4,71.6,3.6,117
USGS-01649190,2024-01-07 05:00:00+00:00,7.4,72.6,3.6,118
USGS-01649190,2024-01-07 05:05:00+00:00,7.4,70.7,3.6,118
USGS-01649190,2024-01-07 05:10:00+00:00,7.4,76.4,3.6,119
USGS-01649190,2024-01-07 05:15:00+00:00,7.4,83.4,3.6,120
USGS-01649190,2024-01-07 05:20:00+00:00,7.4,77.1,3.6,121
USGS-01649190,2024-01-07 05:25:00+00:00,7.4,80.9,3.6,122
USGS-01649190,2024-01-07 05:30:00+00:00,7.4,69.1,3.6,123
USGS-01649190,2024-01-07 05:35:00+00:00,7.4,79.6,3.7,124
USGS-01649190,2024-01-07 05:40:00+00:00,7.4,84.4,3.7,125
USGS-01649190,2024-01-07 05:45:00+00:00,7.4,76.7,3.7,126
USGS-01649190,2024-01-07 05:50:00+00:00,7.4,74.4,3.7,127
USGS-01649190,2024-01-07 05:55:00+00:00,7.4,72.7,3.7,127
USGS-01649190,2024-01-07 06:00:00+00:00,7.4,66.7,3.7,128
USGS-01649190,2024-01-07 06:05:00+00:00,7.4,89.9,3.7,129
USGS-01649190,2024-01-07 06:10:00+00:00,7.4,68.7,3.7,129
USGS-01649190,2024-01-07 06:15:00+00:00,7.4,91.4,3.7,130
USGS-01649190,2024-01-07 06:20:00+00:00,7.4,71.1,3.7,131
USGS-01649190,2024-01-07 06:25:00+00:00,7.4,66.4,3.7,131
USGS-01649190,2024-01-07 06:30:00+00:00,7.4,65.7,3.7,132
USGS-01649190,2024-01-07 06:35:00+00:00,7.4,65.9,3.7,133
USGS-01649190,2024-01-07 06:40:00+00:00,7.4,56.9,3.7,133
USGS-01649190,2024-01-07 06:45:00+00:00,7.4,61.4,3.7,134
USGS-01649190,2024-01-07 06:50:00+00:00,7.4,61.6,3.7,135
USGS-01649190,2024-01-07 06:55:00+00:00,7.4,62.5,3.7,135
USGS-01649190,2024-01-07 07:00:00+00:00,7.4,64.8,3.7,136
USGS-01649190,2024-01-07 07:05:00+00:00,7.4,57.3,3.7,136
USGS-01649190,2024-01-07 07:10:00+00:00,7.4,63.7,3.7,137
USGS-01649190,2024-01-07 07:15:00+00:00,7.4,58.8,3.7,138
USGS-01649190,2024-01-07 07:20:00+00:00,7.4,55.7,3.7,138
USGS-01649190,2024-01-07 07:25:00+00:00,7.4,55.0,3.7,139
USGS-01649190,2024-01-07 07:30:00+00:00,7.4,59.1,3.7,139
USGS-01649190,2024-01-07 07:35:00+00:00,7.4,57.3,3.7,140
USGS-01649190,2024-01-07 07:40:00+00:00,7.4,55.3,3.7,140
USGS-01649190,2024-01-07 07:45:00+00:00,7.4,66.8,3.7,141
USGS-01649190,2024-01-07 07:50:00+00:00,7.4,54.9,3.7,141
USGS-01649190,2024-01-07 07:55:00+00:00,7.4,55.1,3.7,142
USGS-01649190,2024-01-07 08:00:00+00:00,7.4,57.4,3.7,143
USGS-01649190,2024-01-07 08:05:00+00:00,7.4,54.5,3.7,143
USGS-01649190,2024-01-07 08:10:00+00:00,7.4,56.0,3.7,143
USGS-01649190,2024-01-07 08:15:00+00:00,7.4,52.6,3.7,144
USGS-01649190,2024-01-07 08:20:00+00:00,7.4,54.4,3.7,145
USGS-01649190,2024-01-07 08:25:00+00:00,7.4,52.2,3.7,145
USGS-01649190,2024-01-07 08:30:00+00:00,7.4,52.7,3.7,146
USGS-01649190,2024-01-07 08:35:00+00:00,7.4,53.2,3.7,146
USGS-01649190,2024-01-07 08:40:00+00:00,7.4,75.3,3.7,147
USGS-01649190,2024-01-07 08:45:00+00:00,7.4,52.0,3.7,147
USGS-01649190,2024-01-07 08:50:00+00:00,7.4,54.2,3.7,148
USGS-01649190,2024-01-07 08:55:00+00:00,7.4,52.0,3.7,148
USGS-01649190,2024-01-08 15:15:00+00:00,7.5,7.4,4.0,279
USGS-01649190,2024-01-08 15:20:00+00:00,7.5,7.3,4.0,279
USGS-01649190,2024-01-08 15:25:00+00:00,7.5,7.5,4.0,280
USGS-01649190,2024-01-08 15:30:00+00:00,7.5,7.2,4.0,280
USGS-01649190,2024-01-08 15:35:00+00:00,7.5,7.4,4.0,280
USGS-01649190,2024-01-08 15:40:00+00:00,7.5,7.2,4.1,280
USGS-01649190,2024-01-08 15:45:00+00:00,7.5,7.3,4.1,280
USGS-01649190,2024-01-08 15:50:00+00:00,7.5,7.2,4.1,281
USGS-01649190,2024-01-08 15:55:00+00:00,7.5,7.4,4.1,280
USGS-01649190,2024-01-08 16:00:00+00:00,7.5,7.3,4.1,281
USGS-01649190,2024-01-08 16:05:00+00:00,7.5,7.3,4.2,281
USGS-01649190,2024-01-08 16:10:00+00:00,7.5,6.9,4.2,281
USGS-01649190,2024-01-08 16:15:00+00:00,7.5,7.1,4.2,281
USGS-01649190,2024-01-08 16:20:00+00:00,7.5,7.4,4.2,281
USGS-01649190,2024-01-08 16:25:00+00:00,7.5,7.0,4.2,281
USGS-01649190,2024-01-08 16:30:00+00:00,7.5,7.1,4.2,282
USGS-01649190,2024-01-08 16:35:00+00:00,7.5,7.2,4.3,282
USGS-01649190,2024-01-08 16:40:00+00:00,7.5,7.1,4.3,282
USGS-01649190,2024-01-08 16:45:00+00:00,7.5,6.9,4.3,282
USGS-01649190,2024-01-08 16:50:00+00:00,7.5,6.8,4.4,282
USGS-01649190,2024-01-08 16:55:00+00:00,7.5,7.0,4.4,282
USGS-01649190,2024-01-08 17:00:00+00:00,7.5,6.9,4.4,283
USGS-01649190,2024-01-08 17:05:00+00:00,7.5,6.7,4.4,283
USGS-01649190,2024-01-08 17:10:00+00:00,7.5,6.8,4.5,283
USGS-01649190,2024-01-08 17:15:00+00:00,7.5,7.0,4.5,283
USGS-01649190,2024-01-08 17:20:00+00:00,7.5,6.7,4.5,283
USGS-01649190,2024-01-08 17:25:00+00:00,7.5,6.7,4.5,283
USGS-01649190,2024-01-08 17:30:00+00:00,7.5,6.7,4.6,283
USGS-01649190,2024-01-08 17:35:00+00:00,7.5,6.9,4.6,284
USGS-01649190,2024-01-08 17:40:00+00:00,7.5,6.6,4.6,284
USGS-01649190,2024-01-08 17:45:00+00:00,7.5,6.6,4.6,284
USGS-01649190,2024-01-08 17:50:00+00:00,7.5,6.6,4.7,284
USGS-01649190,2024-01-08 17:55:00+00:00,7.5,6.9,4.6,284
USGS-01649190,2024-01-08 18:00:00+00:00,7.5,6.7,4.7,284
USGS-01649190,2024-01-08 18:05:00+00:00,7.5,6.6,4.7,285
USGS-01649190,2024-01-08 18:10:00+00:00,7.5,6.4,4.7,285
USGS-01649190,2024-01-08 18:15:00+00:00,7.5,6.5,4.7,285
USGS-01649190,2024-01-08 18:20:00+00:00,7.5,6.4,4.7,285
USGS-01649190,2024-01-08 18:25:00+00:00,7.5,6.5,4.7,285
USGS-01649190,2024-01-08 18:30:00+00:00,7.5,6.5,4.7,285
USGS-01649190,2024-01-08 18:35:00+00:00,7.5,6.6,4.7,285
USGS-01649190,2024-01-08 18:40:00+00:00,7.5,6.7,4.7,285
USGS-01649190,2024-01-08 18:45:00+00:00,7.5,6.3,4.8,286
USGS-01649190,2024-01-08 18:50:00+00:00,7.5,6.1,4.8,286
USGS-01649190,2024-01-08 18:55:00+00:00,7.5,6.4,4.8,286
USGS-01649190,2024-01-08 19:00:00+00:00,7.5,6.4,4.8,286
USGS-01649190,2024-01-08 19:05:00+00:00,7.5,6.2,4.8,287
USGS-01649190,2024-01-08 19:10:00+00:00,7.5,6.4,4.8,286
USGS-01649190,2024-01-08 19:15:00+00:00,7.5,6.4,4.8,287
USGS-01649190,2024-01-08 19:20:00+00:00,7.5,6.3,4.8,287
USGS-01649190,2024-01-08 19:25:00+00:00,7.5,6.1,4.9,287
USGS-01649190,2024-01-08 19:30:00+00:00,7.5,6.4,4.9,287
USGS-01649190,2024-01-08 19:35:00+00:00,7.5,6.4,4.9,287
USGS-01649190,2024-01-08 19:40:00+00:00,7.5,6.4,4.9,287
USGS-01649190,2024-01-08 19:45:00+00:00,7.5,6.3,4.9,288
USGS-01649190,2024-01-08 19:50:00+00:00,7.5,6.0,4.9,288
USGS-01649190,2024-01-08 19:55:00+00:00,7.5,6.3,4.9,288
USGS-01649190,2024-01-08 20:00:00+00:00,7.5,6.2,4.9,288
USGS-01649190,2024-01-08 20:05:00+00:00,7.5,6.1,4.9,288
USGS-01649190,2024-01-08 20:10:00+00:00,7.5,5.9,5.0,288
USGS-01649190,2024-01-08 20:15:00+00:00,7.5,6.0,5.0,288
USGS-01649190,2024-01-08 20:20:00+00:00,7.5,6.1,5.0,289
USGS-01649190,2024-01-08 20:25:00+00:00,7.5,6.2,5.0,289
USGS-01649190,2024-01-08 20:30:00+00:00,7.5,6.0,5.0,289
USGS-01649190,2024-01-08 20:35:00+00:00,7.5,6.0,5.0,289
USGS-01649190,2024-01-08 20:40:00+00:00,7.5,6.2,5.0,289
USGS-01649190,2024-01-08 20:45:00+00:00,7.5,6.0,5.1,289
USGS-01649190,2024-01-08 20:50:00+00:00,7.5,5.8,5.1,290
USGS-01649190,2024-01-08 20:55:00+00:00,7.5,6.0,5.1,290
USGS-01649190,2024-01-08 21:00:00+00:00,7.5,5.9,5.1,290
USGS-01649190,2024-01-08 21:05:00+00:00,7.5,5.8,5.1,290
USGS-01649190,2024-01-08 21:10:00+00:00,7.5,5.9,5.1,290
USGS-01649190,2024-01-08 21:15:00+00:00,7.5,5.8,5.1,290
USGS-01649190,2024-01-08 21:20:00+00:00,7.5,5.8,5.1,290
USGS-01649190,2024-01-08 21:25:00+00:00,7.5,5.9,5.1,290
USGS-01649190,2024-01-08 21:30:00+00:00,7.5,5.9,5.1,291
USGS-01649190,2024-01-08 21:35:00+00:00,7.5,5.7,5.1,291
USGS-01649190,2024-01-08 21:40:00+00:00,7.5,5.7,5.1,291
USGS-01649190,2024-01-08 21:45:00+00:00,7.5,5.7,5.1,291
USGS-01649190,2024-01-08 21:50:00+00:00,7.5,5.6,5.1,291
USGS-01649190,2024-01-08 21:55:00+00:00,7.5,5.8,5.1,291
USGS-01649190,2024-01-08 22:00:00+00:00,7.5,5.7,5.1,292
USGS-01649190,2024-01-08 22:05:00+00:00,7.5,5.7,5.1,292
USGS-01649190,2024-01-08 22:10:00+00:00,7.5,5.8,5.1,292
USGS-01649190,2024-01-08 22:15:00+00:00,7.5,5.9,5.1,292
USGS-01649190,2024-01-08 22:20:00+00:00,7.5,5.7,5.1,292
USGS-01649190,2024-01-08 22:25:00+00:00,7.5,5.7,5.1,292
USGS-01649190,2024-01-08 22:30:00+00:00,7.5,5.6,5.0,292
USGS-01649190,2024-01-08 22:35:00+00:00,7.5,5.4,5.0,293
USGS-01649190,2024-01-08 22:40:00+00:00,7.5,5.5,5.0,293
USGS-01649190,2024-01-08 22:45:00+00:00,7.5,5.6,5.0,293
USGS-01649190,2024-01-08 22:50:00+00:00,7.5,5.7,5.0,293
USGS-01649190,2024-01-08 22:55:00+00:00,7.5,6.0,5.0,293
USGS-01649190,2024-01-08 23:00:00+00:00,7.5,5.5,4.9,294
USGS-01649190,2024-01-08 23:05:00+00:00,7.5,5.7,4.9,294
USGS-01649190,2024-01-08 23:10:00+00:00,7.5,5.7,4.9,294
USGS-01649190,2024-01-08 23:15:00+00:00,7.5,5.7,4.9,294
USGS-01649190,2024-01-08 23:20:00+00:00,7.5,5.7,4.9,294
USGS-01649190,2024-01-08 23:25:00+00:00,7.5,6.0,4.9,294
USGS-01649190,2024-01-08 23:30:00+00:00,7.5,5.6,4.8,295
USGS-01649190,2024-01-08 23:35:00+00:00,7.5,5.6,4.8,295
USGS-01649190,2024-01-08 23:40:00+00:00,7.5,5.5,4.8,295
USGS-01649190,2024-01-08 23:45:00+00:00,7.5,5.5,4.8,295
USGS-01649190,2024-01-08 23:50:00+00:00,7.5,5.6,4.8,295
USGS-01649190,2024-01-08 23:55:00+00:00,7.5,5.9,4.8,295
USGS-01649190,2024-01-09 00:00:00+00:00,7.5,5.9,4.7,296
USGS-01649190,2024-01-09 00:05:00+00:00,7.5,5.4,4.7,296
USGS-01649190,2024-01-09 00:10:00+00:00,7.5,5.5,4.7,296
USGS-01649190,2024-01-09 00:15:00+00:00,7.5,5.6,4.7,296
USGS-01649190,2024-01-09 00:20:00+00:00,7.5,5.6,4.7,296
USGS-01649190,2024-01-09 00:25:00+00:00,7.5,5.5,4.6,297
USGS-01649190,2024-01-09 00:30:00+00:00,7.5,5.3,4.6,297
USGS-01649190,2024-01-09 00:35:00+00:00,7.5,5.5,4.6,297
USGS-01649190,2024-01-09 00:40:00+00:00,7.5,5.2,4.6,297
USGS-01649190,2024-01-09 00:45:00+00:00,7.5,5.3,4.6,297
USGS-01649190,2024-01-09 00:50:00+00:00,7.5,5.2,4.6,298
USGS-01649190,2024-01-09 00:55:00+00:00,7.5,5.3,4.6,298
USGS-01649190,2024-01-09 01:00:00+00:00,7.5,5.4,4.5,298
USGS-01649190,2024-01-09 01:05:00+00:00,7.5,5.6,4.5,298
USGS-01649190,2024-01-09 01:10:00+00:00,7.5,5.6,4.5,298
USGS-01649190,2024-01-09 01:15:00+00:00,7.5,5.3,4.5,298
USGS-01649190,2024-01-09 01:20:00+00:00,7.5,5.6,4.5,299
USGS-01649190,2024-01-09 01:25:00+00:00,7.5,5.4,4.5,299
USGS-01649190,2024-01-09 01:30:00+00:00,7.5,5.8,4.5,299
USGS-01649190,2024-01-09 01:35:00+00:00,7.5,5.4,4.5,299
USGS-01649190,2024-01-09 01:40:00+00:00,7.5,5.8,4.4,299
USGS-01649190,2024-01-09 01:45:00+00:00,7.5,5.4,4.4,300
USGS-01649190,2024-01-09 01:50:00+00:00,7.5,5.4,4.4,300
USGS-01649190,2024-01-09 01:55:00+00:00,7.5,5.4,4.4,300
USGS-01649190,2024-01-09 02:00:00+00:00,7.5,5.2,4.4,300
USGS-01649190,2024-01-09 02:05:00+00:00,7.5,5.2,4.4,300
USGS-01649190,2024-01-09 02:10:00+00:00,7.5,5.5,4.4,300
USGS-01649190,2024-01-09 02:15:00+00:00,7.5,5.4,4.4,300
USGS-01649190,2024-01-09 02:20:00+00:00,7.5,5.2,4.4,301
USGS-01649190,2024-01-09 02:25:00+00:00,7.5,5.2,4.4,301
USGS-01649190,2024-01-09 02:30:00+00:00,7.5,5.2,4.3,301
USGS-01649190,2024-01-09 02:35:00+00:00,7.5,4.9,4.3,301
USGS-01649190,2024-01-09 02:40:00+00:00,7.5,5.0,4.3,301
USGS-01649190,2024-01-09 02:45:00+00:00,7.5,4.8,4.3,302
USGS-01649190,2024-01-09 02:50:00+00:00,7.5,5.0,4.3,302
USGS-01649190,2024-01-09 02:55:00+00:00,7.5,5.0,4.3,302
USGS-01649190,2024-01-09 03:00:00+00:00,7.5,4.9,4.3,302
USGS-01649190,2024-01-09 03:05:00+00:00,7.5,5.0,4.3,302
USGS-01649190,2024-01-09 03:10:00+00:00,7.5,5.1,4.3,302
USGS-01649190,2024-01-09 03:15:00+00:00,7.5,5.0,4.2,303
USGS-01649190,2024-01-09 03:20:00+00:00,7.5,4.9,4.2,302
USGS-01649190,2024-01-09 03:25:00+00:00,7.5,4.9,4.2,303
USGS-01649190,2024-01-09 03:30:00+00:00,7.5,4.8,4.2,303
USGS-01649190,2024-01-09 03:35:00+00:00,7.5,4.8,4.2,303
USGS-01649190,2024-01-09 03:40:00+00:00,7.5,4.9,4.2,303
USGS-01649190,2024-01-09 03:45:00+00:00,7.5,4.9,4.2,303
USGS-01649190,2024-01-09 03:50:00+00:00,7.5,4.9,4.2,304
USGS-01649190,2024-01-09 03:55:00+00:00,7.5,4.8,4.2,304
USGS-01649190,2024-01-09 04:00:00+00:00,7.5,4.7,4.2,304
USGS-01649190,2024-01-09 04:05:00+00:00,7.5,4.8,4.1,304
USGS-01649190,2024-01-09 04:10:00+00:00,7.5,4.6,4.1,304
USGS-01649190,2024-01-09 04:15:00+00:00,7.5,4.6,4.1,304
USGS-01649190,2024-01-09 04:20:00+00:00,7.5,4.6,4.1,304
USGS-01649190,2024-01-09 04:25:00+00:00,7.5,4.7,4.1,305
USGS-01649190,2024-01-09 04:30:00+00:00,7.5,4.5,4.1,305
USGS-01649190,2024-01-09 04:35:00+00:00,7.5,4.6,4.1,305
USGS-01649190,2024-01-09 04:40:00+00:00,7.5,4.6,4.1,305
USGS-01649190,2024-01-09 04:45:00+00:00,7.5,4.6,4.1,305
USGS-01649190,2024-01-09 04:50:00+00:00,7.5,4.1,4.1,305
USGS-01649190,2024-01-09 04:55:00+00:00,7.5,4.3,4.1,305
USGS-01649190,2024-01-09 05:00:00+00:00,7.5,4.4,4.1,306
USGS-01649190,2024-01-09 05:05:00+00:00,7.5,4.4,4.1,306
USGS-01649190,2024-01-09 05:10:00+00:00,7.5,4.6,4.0,306
USGS-01649190,2024-01-09 05:15:00+00:00,7.5,4.5,4.0,306
USGS-01649190,2024-01-09 05:20:00+00:00,7.5,4.3,4.0,306
USGS-01649190,2024-01-09 05:25:00+00:00,7.5,4.5,4.0,306
USGS-01649190,2024-01-09 05:30:00+00:00,7.5,4.5,4.0,306
USGS-01649190,2024-01-09 05:35:00+00:00,7.5,4.4,4.0,307
USGS-01649190,2024-01-09 05:40:00+00:00,7.5,4.3,4.0,307
USGS-01649190,2024-01-09 05:45:00+00:00,7.5,4.4,4.0,307
USGS-01649190,2024-01-09 05:50:00+00:00,7.5,4.6,4.0,307
USGS-01649190,2024-01-09 05:55:00+00:00,7.5,4.3,4.0,307
USGS-01649190,2024-01-09 06:00:00+00:00,7.5,4.4,4.0,307
USGS-01649190,2024-01-09 06:05:00+00:00,7.5,4.3,4.0,307
USGS-01649190,2024-01-09 06:10:00+00:00,7.4,4.4,4.0,308
USGS-01649190,2024-01-09 06:15:00+00:00,7.5,4.2,4.0,308
USGS-01649190,2024-01-09 06:20:00+00:00,7.4,4.2,4.0,308
USGS-01649190,2024-01-09 06:25:00+00:00,7.4,4.5,3.9,308
USGS-01649190,2024-01-09 06:30:00+00:00,7.4,4.5,3.9,308
USGS-01649190,2024-01-09 06:35:00+00:00,7.4,4.5,3.9,308
USGS-01649190,2024-01-09 06:40:00+00:00,7.4,4.4,3.9,309
USGS-01649190,2024-01-09 06:45:00+00:00,7.4,4.4,3.9,309
USGS-01649190,2024-01-09 06:50:00+00:00,7.4,4.4,3.9,309
USGS-01649190,2024-01-09 06:55:00+00:00,7.4,4.4,3.9,309
USGS-01649190,2024-01-09 07:00:00+00:00,7.4,4.5,3.9,309
USGS-01649190,2024-01-09 07:05:00+00:00,7.4,4.4,3.9,309
USGS-01649190,2024-01-09 07:10:00+00:00,7.4,4.4,3.9,309
USGS-01649190,2024-01-09 07:15:00+00:00,7.4,4.2,3.9,310
USGS-01649190,2024-01-09 07:20:00+00:00,7.4,4.4,3.9,310
USGS-01649190,2024-01-09 07:25:00+00:00,7.4,4.3,3.9,310
USGS-01649190,2024-01-09 07:30:00+00:00,7.4,4.3,3.9,310
USGS-01649190,2024-01-09 07:35:00+00:00,7.4,4.2,3.9,310
USGS-01649190,2024-01-09 07:40:00+00:00,7.4,4.1,3.9,310
USGS-01649190,2024-01-09 07:45:00+00:00,7.4,4.2,3.9,310
USGS-01649190,2024-01-09 07:50:00+00:00,7.4,4.2,3.9,311
USGS-01649190,2024-01-09 07:55:00+00:00,7.4,4.1,3.9,311
USGS-01649190,2024-01-09 08:00:00+00:00,7.4,4.2,3.9,311
USGS-01649190,2024-01-09 08:05:00+00:00,7.4,4.5,3.9,311
USGS-01649190,2024-01-09 08:10:00+00:00,7.4,4.1,3.9,311
USGS-01649190,2024-01-09 08:15:00+00:00,7.4,4.0,3.9,312
USGS-01649190,2024-01-09 08:20:00+00:00,7.4,4.1,3.9,312
USGS-01649190,2024-01-09 08:25:00+00:00,7.4,4.3,3.9,312
USGS-01649190,2024-01-09 08:30:00+00:00,7.4,4.1,3.9,312
USGS-01649190,2024-01-09 08:35:00+00:00,7.4,4.2,3.9,312
USGS-01649190,2024-01-09 08:40:00+00:00,7.4,4.1,3.9,312
USGS-01649190,2024-01-09 08:45:00+00:00,7.4,4.1,3.8,312
USGS-01649190,2024-01-09 08:50:00+00:00,7.4,4.3,3.8,312
USGS-01649190,2024-01-09 08:55:00+00:00,7.4,4.3,3.8,313
USGS-01649190,2024-01-09 09:00:00+00:00,7.4,4.3,3.8,313
USGS-01649190,2024-01-09 09:05:00+00:00,7.4,4.3,3.8,313
USGS-01649190,2024-01-09 09:10:00+00:00,7.4,4.4,3.8,313
USGS-01649190,2024-01-09 09:15:00+00:00,7.4,4.3,3.8,313
USGS-01649190,2024-01-09 09:20:00+00:00,7.4,4.3,3.8,313
USGS-01649190,2024-01-09 09:25:00+00:00,7.4,4.2,3.8,313
USGS-01649190,2024-01-09 09:30:00+00:00,7.4,4.4,3.8,313
USGS-01649190,2024-01-09 09:35:00+00:00,7.4,4.2,3.8,314
USGS-01649190,2024-01-09 09:40:00+00:00,7.4,4.3,3.8,314
USGS-01649190,2024-01-09 09:45:00+00:00,7.4,4.1,3.8,314
USGS-01649190,2024-01-09 09:50:00+00:00,7.4,4.0,3.8,314
USGS-01649190,2024-01-09 09:55:00+00:00,7.4,4.0,3.8,314
USGS-01649190,2024-01-09 10:00:00+00:00,7.4,4.1,3.8,314
USGS-01649190,2024-01-09 10:05:00+00:00,7.4,4.2,3.8,315
USGS-01649190,2024-01-09 10:10:00+00:00,7.4,4.1,3.8,315
USGS-01649190,2024-01-09 10:15:00+00:00,7.4,4.2,3.8,315
USGS-01649190,2024-01-09 10:20:00+00:00,7.4,4.1,3.8,315
USGS-01649190,2024-01-09 10:25:00+00:00,7.4,4.0,3.8,315
USGS-01649190,2024-01-09 10:30:00+00:00,7.4,3.9,3.8,315
USGS-01649190,2024-01-09 10:35:00+00:00,7.4,4.0,3.8,315
USGS-01649190,2024-01-09 10:40:00+00:00,7.4,3.9,3.8,315
USGS-01649190,2024-01-09 10:45:00+00:00,7.4,3.9,3.8,316
USGS-01649190,2024-01-09 10:50:00+00:00,7.4,3.9,3.8,316
USGS-01649190,2024-01-09 10:55:00+00:00,7.4,3.7,3.8,316
USGS-01649190,2024-01-09 11:00:00+00:00,7.4,3.9,3.8,316
USGS-01649190,2024-01-09 11:05:00+00:00,7.4,3.8,3.8,316
USGS-01649190,2024-01-09 11:10:00+00:00,7.4,3.8,3.8,316
USGS-01649190,2024-01-09 11:15:00+00:00,7.4,3.7,3.8,316
USGS-01649190,2024-01-09 11:20:00+00:00,7.4,3.7,3.8,317
USGS-01649190,2024-01-09 11:25:00+00:00,7.4,3.8,3.8,317
USGS-01649190,2024-01-09 11:30:00+00:00,7.5,3.6,3.8,317
USGS-01649190,2024-01-09 11:35:00+00:00,7.4,3.5,3.8,317
USGS-01649190,2024-01-09 11:40:00+00:00,7.4,3.6,3.8,317
USGS-01649190,2024-01-09 11:45:00+00:00,7.4,3.7,3.8,317
USGS-01649190,2024-01-09 11:50:00+00:00,7.4,3.6,3.8,317
USGS-01649190,2024-01-09 11:55:00+00:00,7.4,3.7,3.8,318
USGS-01649190,2024-01-09 12:00:00+00:00,7.4,3.6,3.8,318
USGS-01649190,2024-01-09 12:05:00+00:00,7.4,3.6,3.8,318
USGS-01649190,2024-01-09 12:10:00+00:00,7.5,3.5,3.8,318
USGS-01649190,2024-01-09 12:15:00+00:00,7.5,3.6,3.8,318
USGS-01649190,2024-01-09 12:20:00+00:00,7.4,3.6,3.8,318
USGS-01649190,2024-01-09 12:25:00+00:00,7.5,3.7,3.8,318
USGS-01649190,2024-01-09 12:30:00+00:00,7.5,3.6,3.8,318
USGS-01649190,2024-01-09 12:35:00+00:00,7.5,3.6,3.8,318
USGS-01649190,2024-01-09 12:40:00+00:00,7.5,3.6,3.8,319
USGS-01649190,2024-01-09 12:45:00+00:00,7.5,3.7,3.9,319
USGS-01649190,2024-01-09 12:50:00+00:00,7.5,3.5,3.9,319
USGS-01649190,2024-01-09 12:55:00+00:00,7.5,3.5,3.9,319
USGS-01649190,2024-01-09 13:00:00+00:00,7.5,3.6,3.9,319
USGS-01649190,2024-01-09 13:05:00+00:00,7.5,3.6,3.9,319
USGS-01649190,2024-01-09 13:10:00+00:00,7.5,3.5,3.9,319
USGS-01649190,2024-01-09 13:15:00+00:00,7.5,3.6,3.9,319
USGS-01649190,2024-01-09 13:20:00+00:00,7.5,3.6,3.9,319
USGS-01649190,2024-01-09 13:25:00+00:00,7.5,3.4,3.9,319
USGS-01649190,2024-01-09 13:30:00+00:00,7.5,3.4,3.9,319
USGS-01649190,2024-01-09 13:35:00+00:00,7.5,3.6,3.9,319
USGS-01649190,2024-01-09 13:40:00+00:00,7.5,3.4,3.9,319
USGS-01649190,2024-01-09 13:45:00+00:00,7.5,3.4,3.9,320
USGS-01649190,2024-01-09 13:50:00+00:00,7.5,3.5,3.9,320
USGS-01649190,2024-01-09 13:55:00+00:00,7.5,3.5,3.9,320
USGS-01649190,2024-01-09 14:00:00+00:00,7.5,3.4,3.9,320
USGS-01649190,2024-01-09 14:05:00+00:00,7.5,3.3,3.9,320
USGS-01649190,2024-01-09 14:10:00+00:00,7.5,3.4,3.9,320
USGS-01649190,2024-01-09 14:15:00+00:00,7.5,3.3,3.9,320
USGS-01649190,2024-01-09 14:20:00+00:00,7.5,3.4,3.9,320
USGS-01649190,2024-01-09 14:25:00+00:00,7.5,3.5,3.9,319
USGS-01649190,2024-01-09 14:30:00+00:00,7.5,3.3,3.9,319
USGS-01649190,2024-01-09 14:35:00+00:00,7.5,3.4,4.0,319
USGS-01649190,2024-01-09 14:40:00+00:00,7.5,3.4,4.0,319
USGS-01649190,2024-01-09 14:45:00+00:00,7.5,3.3,4.0,319
USGS-01649190,2024-01-09 14:50:00+00:00,7.5,3.3,4.0,319
USGS-01649190,2024-01-09 14:55:00+00:00,7.5,3.4,4.0,319
USGS-01649190,2024-01-09 15:00:00+00:00,7.5,3.4,4.0,319
USGS-01649190,2024-01-09 15:05:00+00:00,7.5,3.3,4.0,319
USGS-01649190,2024-01-09 15:10:00+00:00,7.5,3.3,4.0,319
USGS-01649190,2024-01-09 15:15:00+00:00,7.5,3.3,4.0,319
USGS-01649190,2024-01-09 15:20:00+00:00,7.5,3.3,4.0,319
USGS-01649190,2024-01-09 15:25:00+00:00,7.5,3.2,4.0,318
USGS-01649190,2024-01-09 15:30:00+00:00,7.5,3.4,4.0,318
USGS-01649190,2024-01-09 15:35:00+00:00,7.5,3.3,4.0,318
USGS-01649190,2024-01-09 15:40:00+00:00,7.5,3.2,4.0,318
USGS-01649190,2024-01-09 15:45:00+00:00,7.5,3.4,4.0,318
USGS-01649190,2024-01-09 15:50:00+00:00,7.5,3.4,4.1,318
USGS-01649190,2024-01-09 15:55:00+00:00,7.5,3.2,4.1,318
USGS-01649190,2024-01-09 16:00:00+00:00,7.5,3.4,4.1,317
USGS-01649190,2024-01-09 16:05:00+00:00,7.5,3.4,4.1,317
USGS-01649190,2024-01-09 16:10:00+00:00,7.5,4.2,4.1,317
USGS-01649190,2024-01-09 16:15:00+00:00,7.5,4.2,4.1,318
USGS-01649190,2024-01-09 16:20:00+00:00,7.5,4.3,4.1,318
USGS-01649190,2024-01-09 16:25:00+00:00,7.5,4.3,4.1,318
USGS-01649190,2024-01-09 16:30:00+00:00,7.5,4.4,4.1,318
USGS-01649190,2024-01-09 16:35:00+00:00,7.5,4.3,4.2,318
USGS-01649190,2024-01-09 16:40:00+00:00,7.5,4.5,4.2,317
USGS-01649190,2024-01-09 16:45:00+00:00,7.5,4.5,4.2,317
USGS-01649190,2024-01-09 16:50:00+00:00,7.5,4.9,4.2,316
USGS-01649190,2024-01-09 16:55:00+00:00,7.5,5.0,4.2,316
USGS-01649190,2024-01-09 17:00:00+00:00,7.5,5.2,4.3,316
USGS-01649190,2024-01-09 17:05:00+00:00,7.5,5.3,4.3,321
USGS-01649190,2024-01-09 17:10:00+00:00,7.5,5.8,4.3,336
USGS-01649190,2024-01-09 17:15:00+00:00,7.5,7.1,4.4,370
USGS-01649190,2024-01-09 17:20:00+00:00,7.5,7.7,4.4,386
USGS-01649190,2024-01-09 17:25:00+00:00,7.5,9.0,4.5,427
USGS-01649190,2024-01-09 17:30:00+00:00,7.5,10.1,4.6,438
USGS-01649190,2024-01-09 17:35:00+00:00,7.5,12.0,4.6,443
USGS-01649190,2024-01-09 17:40:00+00:00,7.5,14.0,4.7,432
USGS-01649190,2024-01-09 17:45:00+00:00,7.5,15.5,4.8,416
USGS-01649190,2024-01-09 18:10:00+00:00,7.5,17.6,5.0,361
USGS-01649190,2024-01-09 18:15:00+00:00,7.5,17.4,5.0,354
USGS-01649190,2024-01-09 18:20:00+00:00,7.5,19.1,5.1,344
USGS-01649190,2024-01-09 18:25:00+00:00,7.5,20.1,5.1,333
USGS-01649190,2024-01-09 18:45:00+00:00,7.5,23.0,5.3,293
USGS-01649190,2024-01-09 18:50:00+00:00,7.5,20.5,5.3,287
USGS-01649190,2024-01-09 18:55:00+00:00,7.5,21.0,5.3,280
USGS-01649190,2024-01-09 19:00:00+00:00,7.5,24.2,5.4,276
USGS-01649190,2024-01-09 19:05:00+00:00,7.5,23.0,5.4,269
USGS-01649190,2024-01-09 19:10:00+00:00,7.5,26.7,5.5,262
USGS-01649190,2024-01-09 19:15:00+00:00,7.5,20.2,5.5,257
USGS-01649190,2024-01-09 19:20:00+00:00,7.5,26.1,5.5,248
USGS-01649190,2024-01-09 19:30:00+00:00,7.5,30.3,5.6,230
USGS-01649190,2024-01-09 19:35:00+00:00,7.5,35.0,5.6,222
USGS-01649190,2024-01-09 19:40:00+00:00,7.5,38.1,5.7,197
USGS-01649190,2024-01-09 19:55:00+00:00,7.5,39.1,5.8,196
USGS-01649190,2024-01-09 20:00:00+00:00,7.4,52.2,5.9,198
USGS-01649190,2024-01-09 20:05:00+00:00,7.4,263.0,5.9,192
USGS-01649190,2024-01-09 20:10:00+00:00,7.4,120.0,6.0,186
USGS-01649190,2024-01-09 20:25:00+00:00,7.4,117.0,6.4,161
USGS-01649190,2024-01-09 20:30:00+00:00,7.4,257.0,6.5,155
USGS-01649190,2024-01-09 20:40:00+00:00,7.4,196.0,6.6,132
USGS-01649190,2024-01-09 20:45:00+00:00,7.4,237.0,6.7,135
USGS-01649190,2024-01-09 20:55:00+00:00,7.3,374.0,6.8,118
USGS-01649190,2024-01-09 21:00:00+00:00,7.3,72.6,6.8,95
USGS-01649190,2024-01-09 21:15:00+00:00,7.3,372.0,7.0,102
USGS-01649190,2024-01-09 21:30:00+00:00,7.2,370.0,7.2,30
USGS-01649190,2024-01-09 21:50:00+00:00,7.2,591.0,7.3,76
USGS-01649190,2024-01-09 21:55:00+00:00,7.3,365.0,7.3,76
USGS-01649190,2024-01-09 22:00:00+00:00,7.3,390.0,7.3,76
USGS-01649190,2024-01-09 22:05:00+00:00,7.3,411.0,7.3,76
USGS-01649190,2024-01-09 22:10:00+00:00,7.3,394.0,7.3,76
USGS-01649190,2024-01-09 22:15:00+00:00,7.4,429.0,7.3,75
USGS-01649190,2024-01-09 22:20:00+00:00,7.4,551.0,7.3,75
USGS-01649190,2024-01-09 22:25:00+00:00,7.4,368.0,7.3,67
USGS-01649190,2024-01-09 22:30:00+00:00,7.4,523.0,7.3,59
USGS-01649190,2024-01-09 22:40:00+00:00,7.4,493.0,7.3,42
USGS-01649190,2024-01-09 22:45:00+00:00,7.4,472.0,7.4,61
USGS-01649190,2024-01-09 22:55:00+00:00,7.4,545.0,7.4,66
USGS-01649190,2024-01-09 23:05:00+00:00,7.4,475.0,7.4,68
USGS-01649190,2024-01-09 23:10:00+00:00,7.5,524.0,7.4,68
USGS-01649190,2024-01-09 23:15:00+00:00,7.4,487.0,7.5,68
USGS-01649190,2024-01-09 23:20:00+00:00,7.5,476.0,7.5,67
USGS-01649190,2024-01-09 23:25:00+00:00,7.5,448.0,7.6,67
USGS-01649190,2024-01-09 23:30:00+00:00,7.5,471.0,7.6,67
USGS-01649190,2024-01-09 23:40:00+00:00,7.5,417.0,7.6,66
USGS-01649190,2024-01-09 23:45:00+00:00,7.5,412.0,7.7,65
USGS-01649190,2024-01-09 23:55:00+00:00,7.5,371.0,7.7,64
USGS-01649190,2024-01-10 00:00:00+00:00,7.5,376.0,7.8,65
USGS-01649190,2024-01-10 00:10:00+00:00,7.5,356.0,7.9,66
USGS-01649190,2024-01-10 00:15:00+00:00,7.5,320.0,7.9,67
USGS-01649190,2024-01-10 00:25:00+00:00,7.6,288.0,8.1,68
USGS-01649190,2024-01-10 00:30:00+00:00,7.6,277.0,8.1,70
USGS-01649190,2024-01-10 00:35:00+00:00,7.6,332.0,8.2,71
USGS-01649190,2024-01-10 00:40:00+00:00,7.6,231.0,8.3,72
USGS-01649190,2024-01-10 00:45:00+00:00,7.6,285.0,8.4,73
USGS-01649190,2024-01-10 00:50:00+00:00,7.6,292.0,8.4,74
USGS-01649190,2024-01-10 00:55:00+00:00,7.6,226.0,8.4,74
USGS-01649190,2024-01-10 01:00:00+00:00,7.6,360.0,8.5,75
USGS-01649190,2024-01-10 01:05:00+00:00,7.6,244.0,8.5,75
USGS-01649190,2024-01-10 01:10:00+00:00,7.6,295.0,8.6,73
USGS-01649190,2024-01-10 01:15:00+00:00,7.6,239.0,8.6,72
USGS-01649190,2024-01-10 01:20:00+00:00,7.6,232.0,8.7,70
USGS-01649190,2024-01-10 01:25:00+00:00,7.6,260.0,8.7,69
USGS-01649190,2024-01-10 01:30:00+00:00,7.6,273.0,8.7,68
USGS-01649190,2024-01-10 01:35:00+00:00,7.6,216.0,8.7,68
USGS-01649190,2024-01-10 01:40:00+00:00,7.6,199.0,8.8,68
USGS-01649190,2024-01-10 01:45:00+00:00,7.6,256.0,8.8,68
USGS-01649190,2024-01-10 01:50:00+00:00,7.6,336.0,8.8,68
USGS-01649190,2024-01-10 02:00:00+00:00,7.6,219.0,8.8,70
USGS-01649190,2024-01-10 02:05:00+00:00,7.6,220.0,8.8,70
USGS-01649190,2024-01-10 02:10:00+00:00,7.6,354.0,8.8,70
USGS-01649190,2024-01-10 02:15:00+00:00,7.6,272.0,8.8,70
USGS-01649190,2024-01-10 02:20:00+00:00,7.6,330.0,8.8,69
USGS-01649190,2024-01-10 02:25:00+00:00,7.6,331.0,8.8,68
USGS-01649190,2024-01-10 02:30:00+00:00,7.5,346.0,8.8,67
USGS-01649190,2024-01-10 02:35:00+00:00,7.5,264.0,8.8,64
USGS-01649190,2024-01-10 02:45:00+00:00,7.5,327.0,8.8,66
USGS-01649190,2024-01-10 02:50:00+00:00,7.5,293.0,8.8,65
USGS-01649190,2024-01-10 02:55:00+00:00,7.5,273.0,8.8,37
USGS-01649190,2024-01-10 03:00:00+00:00,7.6,337.0,8.8,32
USGS-01649190,2024-01-10 03:05:00+00:00,7.5,261.0,8.9,31
USGS-01649190,2024-01-10 03:10:00+00:00,7.5,280.0,8.9,30
USGS-01649190,2024-01-10 03:15:00+00:00,7.5,247.0,8.9,29
USGS-01649190,2024-01-10 03:20:00+00:00,7.5,285.0,8.9,29
USGS-01649190,2024-01-10 03:25:00+00:00,7.5,392.0,8.9,28
USGS-01649190,2024-01-10 03:30:00+00:00,7.5,243.0,8.9,29
USGS-01649190,2024-01-10 03:35:00+00:00,7.5,293.0,8.9,29
USGS-01649190,2024-01-10 03:40:00+00:00,7.5,265.0,8.9,65
USGS-01649190,2024-01-10 03:45:00+00:00,7.5,252.0,8.9,66
USGS-01649190,2024-01-10 03:50:00+00:00,7.5,252.0,8.9,66
USGS-01649190,2024-01-10 03:55:00+00:00,7.5,260.0,8.9,66
USGS-01649190,2024-01-10 04:00:00+00:00,7.5,236.0,8.9,67
USGS-01649190,2024-01-10 04:05:00+00:00,7.5,254.0,8.9,67
USGS-01649190,2024-01-10 04:20:00+00:00,7.5,266.0,8.9,69
USGS-01649190,2024-01-10 04:25:00+00:00,7.6,234.0,8.9,69
USGS-01649190,2024-01-10 04:30:00+00:00,7.6,235.0,8.9,70
USGS-01649190,2024-01-10 04:35:00+00:00,7.6,244.0,8.9,65
USGS-01649190,2024-01-10 05:00:00+00:00,7.6,235.0,8.8,73
USGS-01649190,2024-01-10 05:05:00+00:00,7.6,216.0,8.8,73
USGS-01649190,2024-01-10 05:10:00+00:00,7.6,197.0,8.8,74
USGS-01649190,2024-01-10 05:15:00+00:00,7.6,278.0,8.8,75
USGS-01649190,2024-01-10 05:20:00+00:00,7.6,246.0,8.8,75
USGS-01649190,2024-01-10 05:25:00+00:00,7.6,163.0,8.8,76
USGS-01649190,2024-01-10 05:30:00+00:00,7.6,188.0,8.8,77
USGS-01649190,2024-01-10 05:35:00+00:00,7.6,178.0,8.8,77
USGS-01649190,2024-01-10 05:40:00+00:00,7.6,178.0,8.8,78
USGS-01649190,2024-01-11 18:40:00+00:00,7.7,10.9,6.3,245
USGS-01649190,2024-01-11 18:45:00+00:00,7.7,10.7,6.4,245
USGS-01649190,2024-01-11 18:50:00+00:00,7.7,10.7,6.4,245
USGS-01649190,2024-01-11 18:55:00+00:00,7.7,10.7,6.4,245
USGS-01649190,2024-01-11 19:00:00+00:00,7.7,10.6,6.4,245
USGS-01649190,2024-01-11 19:05:00+00:00,7.7,10.5,6.4,245
USGS-01649190,2024-01-11 19:10:00+00:00,7.6,10.4,6.5,245
USGS-01649190,2024-01-11 19:15:00+00:00,7.6,10.5,6.5,246
USGS-01649190,2024-01-11 19:20:00+00:00,7.6,10.7,6.5,246
USGS-01649190,2024-01-11 19:25:00+00:00,7.6,10.6,6.5,246
USGS-01649190,2024-01-11 19:30:00+00:00,7.6,10.6,6.5,246
USGS-01649190,2024-01-11 19:35:00+00:00,7.6,10.4,6.5,246
USGS-01649190,2024-01-11 19:40:00+00:00,7.6,10.4,6.6,247
USGS-01649190,2024-01-11 19:45:00+00:00,7.6,10.3,6.6,247
USGS-01649190,2024-01-11 19:50:00+00:00,7.6,10.4,6.6,247
USGS-01649190,2024-01-11 19:55:00+00:00,7.6,10.2,6.6,248
USGS-01649190,2024-01-11 20:00:00+00:00,7.6,10.4,6.6,248
USGS-01649190,2024-01-11 20:05:00+00:00,7.6,10.2,6.6,248
USGS-01649190,2024-01-11 20:10:00+00:00,7.6,10.2,6.6,248
USGS-01649190,2024-01-11 20:15:00+00:00,7.6,10.4,6.6,249
USGS-01649190,2024-01-11 20:20:00+00:00,7.6,10.0,6.6,249
USGS-01649190,2024-01-11 20:25:00+00:00,7.6,10.2,6.7,249
USGS-01649190,2024-01-11 20:30:00+00:00,7.6,9.8,6.7,249
USGS-01649190,2024-01-11 20:35:00+00:00,7.6,10.0,6.7,249
USGS-01649190,2024-01-11 20:40:00+00:00,7.6,10.1,6.7,250
USGS-01649190,2024-01-11 20:45:00+00:00,7.6,10.1,6.7,250
USGS-01649190,2024-01-11 20:50:00+00:00,7.6,10.1,6.7,250
USGS-01649190,2024-01-11 20:55:00+00:00,7.6,9.8,6.7,250
USGS-01649190,2024-01-11 21:00:00+00:00,7.6,10.0,6.7,250
USGS-01649190,2024-01-11 21:05:00+00:00,7.6,9.8,6.6,250
USGS-01649190,2024-01-11 21:10:00+00:00,7.6,9.8,6.6,251
USGS-01649190,2024-01-11 21:15:00+00:00,7.6,9.9,6.6,251
USGS-01649190,2024-01-11 21:20:00+00:00,7.6,9.8,6.6,251
USGS-01649190,2024-01-11 21:25:00+00:00,7.6,10.0,6.6,251
USGS-01649190,2024-01-11 21:30:00+00:00,7.6,9.8,6.6,251
USGS-01649190,2024-01-11 21:35:00+00:00,7.6,9.8,6.6,252
USGS-01649190,2024-01-11 21:40:00+00:00,7.6,9.7,6.6,252
USGS-01649190,2024-01-11 21:45:00+00:00,7.6,9.9,6.6,252
USGS-01649190,2024-01-11 21:50:00+00:00,7.6,9.8,6.6,252
USGS-01649190,2024-01-11 21:55:00+00:00,7.6,9.8,6.6,252
USGS-01649190,2024-01-11 22:00:00+00:00,7.6,9.8,6.6,253
USGS-01649190,2024-01-11 22:05:00+00:00,7.6,9.7,6.6,253
USGS-01649190,2024-01-11 22:10:00+00:00,7.6,9.7,6.5,253
USGS-01649190,2024-01-11 22:15:00+00:00,7.6,9.6,6.5,253
USGS-01649190,2024-01-11 22:20:00+00:00,7.6,9.7,6.5,253
USGS-01649190,2024-01-11 22:25:00+00:00,7.6,9.6,6.5,253
USGS-01649190,2024-01-11 22:30:00+00:00,7.6,9.7,6.5,254
USGS-01649190,2024-01-11 22:35:00+00:00,7.6,9.6,6.5,254
USGS-01649190,2024-01-11 22:40:00+00:00,7.6,9.6,6.5,254
USGS-01649190,2024-01-11 22:45:00+00:00,7.6,9.7,6.5,254
USGS-01649190,2024-01-11 22:50:00+00:00,7.6,9.5,6.5,254
USGS-01649190,2024-01-11 22:55:00+00:00,7.6,9.3,6.5,254
USGS-01649190,2024-01-11 23:00:00+00:00,7.6,9.3,6.5,254
USGS-01649190,2024-01-11 23:05:00+00:00,7.6,9.2,6.5,254
USGS-01649190,2024-01-11 23:10:00+00:00,7.6,9.5,6.5,254
USGS-01649190,2024-01-11 23:15:00+00:00,7.6,9.2,6.5,254
USGS-01649190,2024-01-11 23:20:00+00:00,7.6,9.1,6.5,255
USGS-01649190,2024-01-11 23:25:00+00:00,7.6,9.3,6.5,255
USGS-01649190,2024-01-11 23:30:00+00:00,7.6,9.3,6.5,255
USGS-01649190,2024-01-11 23:35:00+00:00,7.6,9.2,6.5,255
USGS-01649190,2024-01-11 23:40:00+00:00,7.6,9.2,6.5,255
USGS-01649190,2024-01-11 23:45:00+00:00,7.6,9.3,6.4,255
USGS-01649190,2024-01-11 23:50:00+00:00,7.6,9.3,6.4,255
USGS-01649190,2024-01-11 23:55:00+00:00,7.6,9.5,6.4,255
USGS-01649190,2024-01-12 00:00:00+00:00,7.6,9.1,6.4,255
USGS-01649190,2024-01-12 00:05:00+00:00,7.6,9.0,6.4,255
USGS-01649190,2024-01-12 00:10:00+00:00,7.6,9.1,6.4,256
USGS-01649190,2024-01-12 00:15:00+00:00,7.6,9.0,6.4,256
USGS-01649190,2024-01-12 00:20:00+00:00,7.6,9.0,6.4,256
USGS-01649190,2024-01-12 00:25:00+00:00,7.6,9.2,6.4,256
USGS-01649190,2024-01-12 00:30:00+00:00,7.6,8.8,6.4,256
USGS-01649190,2024-01-12 00:35:00+00:00,7.6,8.9,6.4,256
USGS-01649190,2024-01-12 00:40:00+00:00,7.6,9.2,6.3,256
USGS-01649190,2024-01-12 00:45:00+00:00,7.6,8.9,6.3,257
USGS-01649190,2024-01-12 00:50:00+00:00,7.6,8.9,6.3,257
USGS-01649190,2024-01-12 00:55:00+00:00,7.6,8.8,6.3,257
USGS-01649190,2024-01-12 01:00:00+00:00,7.6,8.9,6.3,257
USGS-01649190,2024-01-12 01:05:00+00:00,7.6,8.9,6.3,257
USGS-01649190,2024-01-12 01:10:00+00:00,7.6,8.6,6.3,257
USGS-01649190,2024-01-12 01:15:00+00:00,7.6,8.7,6.3,257
USGS-01649190,2024-01-12 01:20:00+00:00,7.6,8.8,6.2,257
USGS-01649190,2024-01-12 01:25:00+00:00,7.6,8.8,6.2,257
USGS-01649190,2024-01-12 01:30:00+00:00,7.6,8.7,6.2,258
USGS-01649190,2024-01-12 01:35:00+00:00,7.6,8.7,6.2,258
USGS-01649190,2024-01-12 01:40:00+00:00,7.6,8.7,6.2,258
USGS-01649190,2024-01-12 01:45:00+00:00,7.6,8.6,6.2,258
USGS-01649190,2024-01-12 01:50:00+00:00,7.6,8.7,6.2,258
USGS-01649190,2024-01-12 01:55:00+00:00,7.6,8.4,6.2,259
USGS-01649190,2024-01-12 02:00:00+00:00,7.6,8.5,6.1,259
USGS-01649190,2024-01-12 02:05:00+00:00,7.6,8.4,6.1,259
USGS-01649190,2024-01-12 02:10:00+00:00,7.6,8.6,6.1,259
USGS-01649190,2024-01-12 02:15:00+00:00,7.6,8.5,6.1,259
USGS-01649190,2024-01-12 02:20:00+00:00,7.6,8.4,6.1,260
USGS-01649190,2024-01-12 02:25:00+00:00,7.6,8.3,6.1,260
USGS-01649190,2024-01-12 02:30:00+00:00,7.6,8.4,6.1,260
USGS-01649190,2024-01-12 02:35:00+00:00,7.6,8.4,6.1,261
USGS-01649190,2024-01-12 02:40:00+00:00,7.6,8.3,6.0,261
USGS-01649190,2024-01-12 02:45:00+00:00,7.6,8.5,6.0,261
USGS-01649190,2024-01-12 02:50:00+00:00,7.6,8.5,6.0,261
USGS-01649190,2024-01-12 02:55:00+00:00,7.6,8.2,6.0,262
USGS-01649190,2024-01-12 03:00:00+00:00,7.6,8.5,6.0,262
USGS-01649190,2024-01-12 03:05:00+00:00,7.6,8.2,6.0,262
USGS-01649190,2024-01-12 03:10:00+00:00,7.6,8.3,6.0,262
USGS-01649190,2024-01-12 03:15:00+00:00,7.6,8.2,6.0,262
USGS-01649190,2024-01-12 03:20:00+00:00,7.6,8.4,5.9,262
USGS-01649190,2024-01-12 03:25:00+00:00,7.6,8.3,5.9,263
USGS-01649190,2024-01-12 03:30:00+00:00,7.6,8.2,5.9,263
USGS-01649190,2024-01-12 03:35:00+00:00,7.6,8.2,5.9,263
USGS-01649190,2024-01-12 03:40:00+00:00,7.6,8.3,5.9,263
USGS-01649190,2024-01-12 03:45:00+00:00,7.6,8.1,5.9,263
USGS-01649190,2024-01-12 03:50:00+00:00,7.6,8.2,5.9,263
USGS-01649190,2024-01-12 03:55:00+00:00,7.6,7.9,5.9,263
USGS-01649190,2024-01-12 04:00:00+00:00,7.6,8.1,5.8,263
USGS-01649190,2024-01-12 04:05:00+00:00,7.6,8.0,5.8,263
USGS-01649190,2024-01-12 04:10:00+00:00,7.6,7.9,5.8,263
USGS-01649190,2024-01-12 04:15:00+00:00,7.6,7.9,5.8,263
USGS-01649190,2024-01-12 04:20:00+00:00,7.6,8.1,5.8,263
USGS-01649190,2024-01-12 04:25:00+00:00,7.6,7.8,5.8,264
USGS-01649190,2024-01-12 04:30:00+00:00,7.6,7.8,5.8,264
USGS-01649190,2024-01-12 04:35:00+00:00,7.6,7.8,5.7,264
USGS-01649190,2024-01-12 04:40:00+00:00,7.6,7.8,5.7,264
USGS-01649190,2024-01-12 04:45:00+00:00,7.6,8.0,5.7,264
USGS-01649190,2024-01-12 04:50:00+00:00,7.6,7.7,5.7,264
USGS-01649190,2024-01-12 04:55:00+00:00,7.6,7.6,5.7,264
USGS-01649190,2024-01-12 05:00:00+00:00,7.6,7.8,5.7,264
USGS-01649190,2024-01-12 05:05:00+00:00,7.6,7.8,5.7,264
USGS-01649190,2024-01-12 05:10:00+00:00,7.6,7.7,5.7,264
USGS-01649190,2024-01-12 05:15:00+00:00,7.6,7.7,5.6,265
USGS-01649190,2024-01-12 05:20:00+00:00,7.6,7.6,5.6,265
USGS-01649190,2024-01-12 05:25:00+00:00,7.6,7.8,5.6,265
USGS-01649190,2024-01-12 05:30:00+00:00,7.6,7.6,5.6,265
USGS-01649190,2024-01-12 05:35:00+00:00,7.6,7.6,5.6,265
USGS-01649190,2024-01-12 05:40:00+00:00,7.6,7.6,5.6,265
USGS-01649190,2024-01-12 05:45:00+00:00,7.6,7.7,5.6,265
USGS-01649190,2024-01-12 05:50:00+00:00,7.6,7.8,5.5,266
USGS-01649190,2024-01-12 05:55:00+00:00,7.6,7.7,5.5,266
USGS-01649190,2024-01-12 06:00:00+00:00,7.6,7.4,5.5,266
USGS-01649190,2024-01-12 06:05:00+00:00,7.6,7.6,5.5,266
USGS-01649190,2024-01-12 06:10:00+00:00,7.6,7.6,5.5,266
USGS-01649190,2024-01-12 06:15:00+00:00,7.6,7.5,5.5,267
USGS-01649190,2024-01-12 06:20:00+00:00,7.6,7.4,5.5,267
USGS-01649190,2024-01-12 06:25:00+00:00,7.6,7.5,5.4,267
USGS-01649190,2024-01-12 06:30:00+00:00,7.6,7.4,5.4,267
USGS-01649190,2024-01-12 06:35:00+00:00,7.6,7.5,5.4,267
USGS-01649190,2024-01-12 06:40:00+00:00,7.6,7.4,5.4,267
USGS-01649190,2024-01-12 06:45:00+00:00,7.6,7.4,5.4,268
USGS-01649190,2024-01-12 06:50:00+00:00,7.6,7.3,5.4,268
USGS-01649190,2024-01-12 06:55:00+00:00,7.6,7.3,5.4,268
USGS-01649190,2024-01-12 07:00:00+00:00,7.6,7.3,5.3,268
USGS-01649190,2024-01-12 07:05:00+00:00,7.6,7.4,5.3,268
USGS-01649190,2024-01-12 07:10:00+00:00,7.6,7.4,5.3,268
USGS-01649190,2024-01-12 07:15:00+00:00,7.6,7.3,5.3,268
USGS-01649190,2024-01-12 07:20:00+00:00,7.6,7.2,5.3,268
USGS-01649190,2024-01-12 07:25:00+00:00,7.6,7.4,5.3,268
USGS-01649190,2024-01-12 07:30:00+00:00,7.6,7.3,5.2,269
USGS-01649190,2024-01-12 07:35:00+00:00,7.6,7.1,5.2,269
USGS-01649190,2024-01-12 07:40:00+00:00,7.6,7.2,5.2,269
USGS-01649190,2024-01-12 07:45:00+00:00,7.6,7.2,5.2,269
USGS-01649190,2024-01-12 07:50:00+00:00,7.6,7.1,5.2,269
USGS-01649190,2024-01-12 07:55:00+00:00,7.6,7.2,5.2,269
USGS-01649190,2024-01-12 08:00:00+00:00,7.6,7.2,5.2,269
USGS-01649190,2024-01-12 08:05:00+00:00,7.6,7.2,5.1,269
USGS-01649190,2024-01-12 08:10:00+00:00,7.6,7.1,5.1,269
USGS-01649190,2024-01-12 08:15:00+00:00,7.6,7.0,5.1,269
USGS-01649190,2024-01-12 08:20:00+00:00,7.6,7.0,5.1,270
USGS-01649190,2024-01-12 08:25:00+00:00,7.6,6.9,5.1,270
USGS-01649190,2024-01-12 08:30:00+00:00,7.6,7.1,5.1,270
USGS-01649190,2024-01-12 08:35:00+00:00,7.6,7.0,5.1,270
USGS-01649190,2024-01-12 08:40:00+00:00,7.6,7.0,5.1,270
USGS-01649190,2024-01-12 08:45:00+00:00,7.6,7.0,5.1,270
USGS-01649190,2024-01-12 08:50:00+00:00,7.6,7.0,5.0,270
USGS-01649190,2024-01-12 08:55:00+00:00,7.6,7.2,5.0,270
USGS-01649190,2024-01-12 09:00:00+00:00,7.6,7.0,5.0,270
USGS-01649190,2024-01-12 09:05:00+00:00,7.6,7.0,5.0,270
USGS-01649190,2024-01-12 09:10:00+00:00,7.6,7.1,5.0,271
USGS-01649190,2024-01-12 09:15:00+00:00,7.6,6.9,5.0,271
USGS-01649190,2024-01-12 09:20:00+00:00,7.6,7.0,5.0,271
USGS-01649190,2024-01-12 09:25:00+00:00,7.6,7.2,4.9,271
USGS-01649190,2024-01-12 09:30:00+00:00,7.6,7.3,4.9,271
USGS-01649190,2024-01-12 09:35:00+00:00,7.6,7.1,4.9,271
USGS-01649190,2024-01-12 09:40:00+00:00,7.6,7.2,4.9,271
USGS-01649190,2024-01-12 09:45:00+00:00,7.6,7.2,4.9,271
USGS-01649190,2024-01-12 09:50:00+00:00,7.6,7.0,4.9,271
USGS-01649190,2024-01-12 09:55:00+00:00,7.6,7.0,4.9,271
USGS-01649190,2024-01-12 10:00:00+00:00,7.6,7.0,4.9,271
USGS-01649190,2024-01-12 10:05:00+00:00,7.6,7.1,4.8,272
USGS-01649190,2024-01-12 10:10:00+00:00,7.6,6.9,4.8,272
USGS-01649190,2024-01-12 10:15:00+00:00,7.6,6.9,4.8,272
USGS-01649190,2024-01-12 10:20:00+00:00,7.6,6.8,4.8,272
USGS-01649190,2024-01-12 10:25:00+00:00,7.6,7.0,4.8,272
USGS-01649190,2024-01-12 10:30:00+00:00,7.6,6.8,4.8,272
USGS-01649190,2024-01-12 10:35:00+00:00,7.6,6.8,4.8,272
USGS-01649190,2024-01-12 10:40:00+00:00,7.6,6.7,4.8,272
USGS-01649190,2024-01-12 10:45:00+00:00,7.6,6.8,4.7,273
USGS-01649190,2024-01-12 10:50:00+00:00,7.6,6.9,4.7,273
USGS-01649190,2024-01-12 10:55:00+00:00,7.6,6.7,4.7,273
USGS-01649190,2024-01-12 11:00:00+00:00,7.6,6.6,4.7,273
USGS-01649190,2024-01-12 11:05:00+00:00,7.6,6.8,4.7,273
USGS-01649190,2024-01-12 11:10:00+00:00,7.6,6.5,4.7,273
USGS-01649190,2024-01-12 11:15:00+00:00,7.6,6.8,4.7,273
USGS-01649190,2024-01-12 11:20:00+00:00,7.6,6.5,4.7,273
USGS-01649190,2024-01-12 11:25:00+00:00,7.6,6.6,4.6,274
USGS-01649190,2024-01-12 11:30:00+00:00,7.6,6.7,4.6,274
USGS-01649190,2024-01-12 11:35:00+00:00,7.6,6.6,4.6,274
USGS-01649190,2024-01-12 11:40:00+00:00,7.6,6.4,4.6,274
USGS-01649190,2024-01-12 11:45:00+00:00,7.6,6.5,4.6,274
USGS-01649190,2024-01-12 11:50:00+00:00,7.6,6.4,4.6,274
USGS-01649190,2024-01-12 11:55:00+00:00,7.6,6.2,4.6,274
USGS-01649190,2024-01-12 12:00:00+00:00,7.6,6.5,4.6,274
USGS-01649190,2024-01-12 12:05:00+00:00,7.6,6.6,4.6,274
USGS-01649190,2024-01-12 12:10:00+00:00,7.6,6.4,4.5,274
USGS-01649190,2024-01-12 12:15:00+00:00,7.6,6.5,4.5,275
USGS-01649190,2024-01-12 12:20:00+00:00,7.6,6.4,4.5,275
USGS-01649190,2024-01-12 12:25:00+00:00,7.6,6.4,4.5,275
USGS-01649190,2024-01-12 12:30:00+00:00,7.6,6.3,4.5,275
USGS-01649190,2024-01-12 12:35:00+00:00,7.6,6.5,4.5,275
USGS-01649190,2024-01-12 12:40:00+00:00,7.6,6.4,4.5,275
USGS-01649190,2024-01-12 12:45:00+00:00,7.6,6.2,4.5,275
USGS-01649190,2024-01-12 12:50:00+00:00,7.6,6.4,4.5,275
USGS-01649190,2024-01-12 12:55:00+00:00,7.6,6.2,4.5,275
USGS-01649190,2024-01-12 13:00:00+00:00,7.6,6.3,4.4,276
USGS-01649190,2024-01-12 13:05:00+00:00,7.6,6.2,4.4,276
USGS-01649190,2024-01-12 13:10:00+00:00,7.6,6.2,4.4,276
USGS-01649190,2024-01-12 13:15:00+00:00,7.6,6.2,4.4,276
USGS-01649190,2024-01-12 13:20:00+00:00,7.6,6.0,4.4,276
USGS-01649190,2024-01-12 13:25:00+00:00,7.6,6.1,4.4,276
USGS-01649190,2024-01-12 13:30:00+00:00,7.6,6.1,4.4,276
USGS-01649190,2024-01-12 13:35:00+00:00,7.6,6.1,4.4,276
USGS-01649190,2024-01-12 13:40:00+00:00,7.6,6.0,4.4,277
USGS-01649190,2024-01-12 13:45:00+00:00,7.6,5.9,4.4,277
USGS-01649190,2024-01-12 13:50:00+00:00,7.6,6.0,4.4,277
USGS-01649190,2024-01-12 13:55:00+00:00,7.6,6.0,4.4,277
USGS-01649190,2024-01-12 14:00:00+00:00,7.6,6.1,4.4,277
USGS-01649190,2024-01-12 14:05:00+00:00,7.6,6.0,4.4,277
USGS-01649190,2024-01-12 14:10:00+00:00,7.6,6.0,4.4,277
USGS-01649190,2024-01-12 14:15:00+00:00,7.6,6.2,4.4,277
USGS-01649190,2024-01-12 14:20:00+00:00,7.6,6.0,4.4,277
USGS-01649190,2024-01-12 14:25:00+00:00,7.6,5.9,4.4,277
USGS-01649190,2024-01-12 14:30:00+00:00,7.6,6.0,4.5,278
USGS-01649190,2024-01-12 14:35:00+00:00,7.6,6.0,4.5,278
USGS-01649190,2024-01-12 14:40:00+00:00,7.6,5.8,4.5,278
USGS-01649190,2024-01-12 14:45:00+00:00,7.6,5.9,4.5,278
USGS-01649190,2024-01-12 14:50:00+00:00,7.6,5.9,4.5,278
USGS-01649190,2024-01-12 14:55:00+00:00,7.6,5.9,4.5,278
USGS-01649190,2024-01-12 15:00:00+00:00,7.6,5.8,4.5,278
USGS-01649190,2024-01-12 15:05:00+00:00,7.6,5.6,4.6,278
USGS-01649190,2024-01-12 15:10:00+00:00,7.6,5.8,4.6,278
USGS-01649190,2024-01-12 15:15:00+00:00,7.6,5.9,4.6,278
USGS-01649190,2024-01-12 15:20:00+00:00,7.6,5.8,4.6,278
USGS-01649190,2024-01-12 15:25:00+00:00,7.6,5.8,4.6,278
USGS-01649190,2024-01-12 15:30:00+00:00,7.6,5.8,4.6,279
USGS-01649190,2024-01-12 15:35:00+00:00,7.6,5.8,4.7,279
USGS-01649190,2024-01-12 15:40:00+00:00,7.6,5.8,4.7,279
USGS-01649190,2024-01-12 15:45:00+00:00,7.6,5.7,4.7,279
USGS-01649190,2024-01-12 15:50:00+00:00,7.6,5.8,4.7,279
USGS-01649190,2024-01-12 15:55:00+00:00,7.6,5.8,4.7,279
USGS-01649190,2024-01-12 16:00:00+00:00,7.6,5.6,4.8,279
USGS-01649190,2024-01-12 16:05:00+00:00,7.6,5.6,4.8,279
USGS-01649190,2024-01-12 16:10:00+00:00,7.6,5.7,4.8,279
USGS-01649190,2024-01-12 16:15:00+00:00,7.6,5.6,4.9,280
USGS-01649190,2024-01-12 16:20:00+00:00,7.6,5.7,4.9,279
USGS-01649190,2024-01-12 16:25:00+00:00,7.6,5.6,4.9,280
USGS-01649190,2024-01-12 16:30:00+00:00,7.6,5.6,4.9,280
USGS-01649190,2024-01-12 16:35:00+00:00,7.6,5.7,5.0,280
USGS-01649190,2024-01-12 16:40:00+00:00,7.6,5.7,5.0,280
USGS-01649190,2024-01-12 16:45:00+00:00,7.6,5.5,5.0,280
USGS-01649190,2024-01-12 16:50:00+00:00,7.6,5.5,5.0,280
USGS-01649190,2024-01-12 16:55:00+00:00,7.6,5.5,5.1,280
USGS-01649190,2024-01-12 17:00:00+00:00,7.6,5.6,5.1,280
USGS-01649190,2024-01-12 17:05:00+00:00,7.6,5.5,5.1,280
USGS-01649190,2024-01-12 17:10:00+00:00,7.6,5.6,5.2,280
USGS-01649190,2024-01-12 17:15:00+00:00,7.6,5.6,5.2,280
USGS-01649190,2024-01-12 17:20:00+00:00,7.6,5.5,5.2,281
USGS-01649190,2024-01-12 17:25:00+00:00,7.6,5.4,5.2,281
USGS-01649190,2024-01-12 17:30:00+00:00,7.6,5.4,5.3,281
USGS-01649190,2024-01-12 17:35:00+00:00,7.6,5.5,5.3,281
USGS-01649190,2024-01-12 17:40:00+00:00,7.6,5.4,5.3,281
USGS-01649190,2024-01-12 17:45:00+00:00,7.6,5.5,5.3,281
USGS-01649190,2024-01-12 17:50:00+00:00,7.6,5.4,5.4,281
USGS-01649190,2024-01-12 17:55:00+00:00,7.6,5.4,5.4,281
USGS-01649190,2024-01-12 18:00:00+00:00,7.6,5.5,5.4,281
USGS-01649190,2024-01-12 18:05:00+00:00,7.6,5.3,5.4,281
USGS-01649190,2024-01-12 18:10:00+00:00,7.6,5.4,5.5,281
USGS-01649190,2024-01-12 18:15:00+00:00,7.6,5.4,5.5,281
USGS-01649190,2024-01-12 18:20:00+00:00,7.6,5.4,5.5,281
USGS-01649190,2024-01-12 18:25:00+00:00,7.6,5.3,5.5,281
USGS-01649190,2024-01-12 18:30:00+00:00,7.6,5.3,5.6,282
USGS-01649190,2024-01-12 18:35:00+00:00,7.6,5.2,5.6,282
USGS-01649190,2024-01-12 18:40:00+00:00,7.6,5.3,5.6,282
USGS-01649190,2024-01-12 18:45:00+00:00,7.6,5.3,5.6,282
USGS-01649190,2024-01-12 18:50:00+00:00,7.6,5.2,5.6,282
USGS-01649190,2024-01-12 18:55:00+00:00,7.6,5.3,5.6,283
USGS-01649190,2024-01-12 19:00:00+00:00,7.6,5.2,5.7,283
USGS-01649190,2024-01-12 19:05:00+00:00,7.6,5.2,5.7,283
USGS-01649190,2024-01-12 19:10:00+00:00,7.6,5.3,5.7,283
USGS-01649190,2024-01-12 19:15:00+00:00,7.6,5.2,5.7,283
USGS-01649190,2024-01-12 19:20:00+00:00,7.6,5.2,5.8,283
USGS-01649190,2024-01-12 19:25:00+00:00,7.6,5.1,5.8,284
USGS-01649190,2024-01-12 19:30:00+00:00,7.6,5.0,5.8,284
USGS-01649190,2024-01-12 19:35:00+00:00,7.6,5.1,5.8,284
USGS-01649190,2024-01-12 19:40:00+00:00,7.6,5.0,5.8,284
USGS-01649190,2024-01-12 19:45:00+00:00,7.6,5.1,5.8,284
USGS-01649190,2024-01-12 19:50:00+00:00,7.6,5.0,5.9,284
USGS-01649190,2024-01-12 19:55:00+00:00,7.6,5.0,5.9,284
USGS-01649190,2024-01-12 20:00:00+00:00,7.6,5.1,5.9,283
USGS-01649190,2024-01-12 20:05:00+00:00,7.6,5.1,5.9,283
USGS-01649190,2024-01-12 20:10:00+00:00,7.6,4.8,5.9,283
USGS-01649190,2024-01-12 20:15:00+00:00,7.6,4.9,6.0,283
USGS-01649190,2024-01-12 20:20:00+00:00,7.6,5.0,6.0,283
USGS-01649190,2024-01-12 20:25:00+00:00,7.6,5.0,6.0,283
USGS-01649190,2024-01-12 20:30:00+00:00,7.6,4.9,6.0,283
USGS-01649190,2024-01-12 20:35:00+00:00,7.6,5.0,6.0,283
USGS-01649190,2024-01-12 20:40:00+00:00,7.6,4.8,6.0,283
USGS-01649190,2024-01-12 20:45:00+00:00,7.6,5.0,6.0,283
USGS-01649190,2024-01-12 20:50:00+00:00,7.6,4.8,6.0,283
USGS-01649190,2024-01-12 20:55:00+00:00,7.6,5.0,6.0,283
USGS-01649190,2024-01-12 21:00:00+00:00,7.6,4.8,6.0,283
USGS-01649190,2024-01-12 21:05:00+00:00,7.6,4.9,6.1,283
USGS-01649190,2024-01-12 21:10:00+00:00,7.6,4.8,6.1,283
USGS-01649190,2024-01-12 21:15:00+00:00,7.6,4.9,6.1,283
USGS-01649190,2024-01-12 21:20:00+00:00,7.6,4.8,6.1,283
USGS-01649190,2024-01-12 21:25:00+00:00,7.6,4.8,6.1,283
USGS-01649190,2024-01-12 21:30:00+00:00,7.6,4.9,6.1,283
USGS-01649190,2024-01-12 21:35:00+00:00,7.6,4.9,6.1,283
USGS-01649190,2024-01-12 21:40:00+00:00,7.6,4.8,6.1,283
USGS-01649190,2024-01-12 21:45:00+00:00,7.6,4.8,6.1,283
USGS-01649190,2024-01-12 21:50:00+00:00,7.6,4.9,6.1,284
USGS-01649190,2024-01-12 21:55:00+00:00,7.6,4.9,6.1,284
USGS-01649190,2024-01-12 22:00:00+00:00,7.6,4.8,6.1,284
USGS-01649190,2024-01-12 22:05:00+00:00,7.6,4.8,6.1,284
USGS-01649190,2024-01-12 22:10:00+00:00,7.6,4.8,6.1,285
USGS-01649190,2024-01-12 22:15:00+00:00,7.6,4.9,6.1,285
USGS-01649190,2024-01-12 22:20:00+00:00,7.6,4.8,6.1,285
USGS-01649190,2024-01-12 22:25:00+00:00,7.6,4.8,6.1,285
USGS-01649190,2024-01-12 22:30:00+00:00,7.6,4.9,6.1,285
USGS-01649190,2024-01-12 22:35:00+00:00,7.6,4.9,6.1,285
USGS-01649190,2024-01-12 22:40:00+00:00,7.6,4.7,6.1,286
USGS-01649190,2024-01-12 22:45:00+00:00,7.6,4.9,6.1,286
USGS-01649190,2024-01-12 22:50:00+00:00,7.6,4.7,6.1,286
USGS-01649190,2024-01-12 22:55:00+00:00,7.6,4.8,6.1,286
USGS-01649190,2024-01-12 23:00:00+00:00,7.6,4.8,6.1,286
USGS-01649190,2024-01-12 23:05:00+00:00,7.6,4.9,6.1,287
USGS-01649190,2024-01-12 23:10:00+00:00,7.6,4.8,6.1,287
USGS-01649190,2024-01-12 23:15:00+00:00,7.6,4.9,6.1,287
USGS-01649190,2024-01-12 23:20:00+00:00,7.6,4.8,6.1,287
USGS-01649190,2024-01-12 23:25:00+00:00,7.6,4.7,6.1,287
USGS-01649190,2024-01-12 23:30:00+00:00,7.6,4.7,6.1,288
USGS-01649190,2024-01-12 23:35:00+00:00,7.6,4.7,6.1,288
USGS-01649190,2024-01-12 23:40:00+00:00,7.6,4.7,6.1,288
USGS-01649190,2024-01-12 23:45:00+00:00,7.6,4.8,6.1,288
USGS-01649190,2024-01-12 23:50:00+00:00,7.6,4.8,6.2,288
USGS-01649190,2024-01-12 23:55:00+00:00,7.6,4.7,6.2,288
USGS-01649190,2024-01-13 00:00:00+00:00,7.6,4.7,6.2,288
USGS-01649190,2024-01-13 00:05:00+00:00,7.6,4.7,6.2,288
USGS-01649190,2024-01-13 00:10:00+00:00,7.6,4.8,6.2,288
USGS-01649190,2024-01-13 00:15:00+00:00,7.6,4.8,6.2,288
USGS-01649190,2024-01-13 00:20:00+00:00,7.6,4.6,6.2,289
USGS-01649190,2024-01-13 00:25:00+00:00,7.6,4.7,6.2,289
USGS-01649190,2024-01-13 00:30:00+00:00,7.6,4.7,6.2,289
USGS-01649190,2024-01-13 00:35:00+00:00,7.6,4.8,6.2,289
USGS-01649190,2024-01-13 00:40:00+00:00,7.6,4.7,6.2,289
USGS-01649190,2024-01-13 00:45:00+00:00,7.6,4.8,6.2,289
USGS-01649190,2024-01-13 00:50:00+00:00,7.6,4.9,6.2,289
USGS-01649190,2024-01-13 00:55:00+00:00,7.6,4.6,6.2,289
USGS-01649190,2024-01-13 01:00:00+00:00,7.6,4.6,6.2,289
USGS-01649190,2024-01-13 01:05:00+00:00,7.6,4.7,6.2,289
USGS-01649190,2024-01-13 01:10:00+00:00,7.6,4.8,6.2,289
USGS-01649190,2024-01-13 01:15:00+00:00,7.6,4.8,6.2,289
USGS-01649190,2024-01-13 01:20:00+00:00,7.6,4.7,6.2,288
USGS-01649190,2024-01-13 01:25:00+00:00,7.6,4.9,6.2,288
USGS-01649190,2024-01-13 01:30:00+00:00,7.6,5.0,6.3,288
USGS-01649190,2024-01-13 01:35:00+00:00,7.6,5.0,6.3,288
USGS-01649190,2024-01-13 01:40:00+00:00,7.6,4.8,6.3,288
USGS-01649190,2024-01-13 01:45:00+00:00,7.6,5.0,6.3,288
USGS-01649190,2024-01-13 01:50:00+00:00,7.6,4.9,6.3,288
USGS-01649190,2024-01-13 01:55:00+00:00,7.6,5.0,6.3,288
USGS-01649190,2024-01-13 02:00:00+00:00,7.6,5.0,6.3,288
USGS-01649190,2024-01-13 02:05:00+00:00,7.6,5.1,6.3,288
USGS-01649190,2024-01-13 02:10:00+00:00,7.6,5.0,6.3,288
USGS-01649190,2024-01-13 02:15:00+00:00,7.6,5.1,6.3,288
USGS-01649190,2024-01-13 02:20:00+00:00,7.6,5.1,6.3,287
USGS-01649190,2024-01-13 02:25:00+00:00,7.6,5.0,6.3,287
USGS-01649190,2024-01-13 02:30:00+00:00,7.6,5.2,6.3,287
USGS-01649190,2024-01-13 02:35:00+00:00,7.6,5.2,6.3,286
USGS-01649190,2024-01-13 02:40:00+00:00,7.6,5.1,6.3,286
USGS-01649190,2024-01-13 02:45:00+00:00,7.6,5.2,6.3,285
USGS-01649190,2024-01-13 02:50:00+00:00,7.6,5.3,6.3,285
USGS-01649190,2024-01-13 02:55:00+00:00,7.6,5.3,6.4,284
USGS-01649190,2024-01-13 03:00:00+00:00,7.6,5.6,6.4,284
USGS-01649190,2024-01-13 03:05:00+00:00,7.6,5.7,6.4,283
USGS-01649190,2024-01-13 03:10:00+00:00,7.6,5.8,6.4,283
USGS-01649190,2024-01-13 03:15:00+00:00,7.6,6.2,6.4,283
USGS-01649190,2024-01-13 03:20:00+00:00,7.6,6.5,6.4,282
USGS-01649190,2024-01-13 03:25:00+00:00,7.6,8.7,6.4,281
USGS-01649190,2024-01-13 03:30:00+00:00,7.6,13.5,6.5,278
USGS-01649190,2024-01-13 03:35:00+00:00,7.6,15.8,6.5,231
USGS-01649190,2024-01-13 03:40:00+00:00,7.6,19.1,6.5,228
USGS-01649190,2024-01-13 03:45:00+00:00,7.6,33.2,6.6,287
USGS-01649190,2024-01-13 03:50:00+00:00,7.6,33.6,6.7,313
USGS-01649190,2024-01-13 03:55:00+00:00,7.6,38.3,6.8,312
USGS-01649190,2024-01-13 04:00:00+00:00,7.6,38.6,7.0,281
USGS-01649190,2024-01-13 04:05:00+00:00,7.6,63.0,7.1,248
USGS-01649190,2024-01-13 04:10:00+00:00,7.6,53.1,7.3,219
USGS-01649190,2024-01-13 04:20:00+00:00,7.6,46.9,7.4,188
USGS-01649190,2024-01-13 04:30:00+00:00,7.6,63.9,7.4,129
USGS-01649190,2024-01-13 04:35:00+00:00,7.6,53.8,7.3,131
USGS-01649190,2024-01-13 04:45:00+00:00,7.6,65.6,7.3,151
USGS-01649190,2024-01-13 04:50:00+00:00,7.6,64.0,7.3,159
USGS-01649190,2024-01-13 04:55:00+00:00,7.6,50.6,7.3,161
USGS-01649190,2024-01-13 07:05:00+00:00,7.6,88.3,7.4,152
USGS-01649190,2024-01-13 07:10:00+00:00,7.6,74.2,7.4,150
USGS-01649190,2024-01-13 07:15:00+00:00,7.6,70.0,7.4,152
USGS-01649190,2024-01-13 07:20:00+00:00,7.6,72.7,7.4,150
USGS-01649190,2024-01-13 07:25:00+00:00,7.6,75.5,7.4,147
USGS-01649190,2024-01-13 07:30:00+00:00,7.6,68.7,7.4,145
USGS-01649190,2024-01-13 07:40:00+00:00,7.6,84.5,7.5,140
USGS-01649190,2024-01-13 07:55:00+00:00,7.6,74.3,7.5,118
USGS-01649190,2024-01-13 08:00:00+00:00,7.6,98.9,7.5,128
USGS-01649190,2024-01-13 08:10:00+00:00,7.6,95.2,7.5,152
USGS-01649190,2024-01-13 08:15:00+00:00,7.6,90.4,7.5,153
USGS-01649190,2024-01-13 08:20:00+00:00,7.6,91.6,7.5,155
USGS-01649190,2024-01-13 08:25:00+00:00,7.6,91.3,7.5,151
USGS-01649190,2024-01-13 08:30:00+00:00,7.5,87.9,7.5,154
USGS-01649190,2024-01-13 08:35:00+00:00,7.5,86.8,7.5,155
USGS-01649190,2024-01-13 08:50:00+00:00,7.6,72.9,7.6,151
USGS-01649190,2024-01-15 15:50:00+00:00,7.6,16.2,2.5,303
USGS-01649190,2024-01-15 15:55:00+00:00,7.6,12.0,2.5,303
USGS-01649190,2024-01-15 16:00:00+00:00,7.6,12.0,2.5,304
USGS-01649190,2024-01-15 16:05:00+00:00,7.6,18.1,2.5,304
USGS-01649190,2024-01-15 16:10:00+00:00,7.6,16.7,2.5,304
USGS-01649190,2024-01-15 16:15:00+00:00,7.6,13.4,2.6,304
USGS-01649190,2024-01-15 16:20:00+00:00,7.6,18.3,2.6,304
USGS-01649190,2024-01-15 16:25:00+00:00,7.6,16.7,2.6,304
USGS-01649190,2024-01-15 16:30:00+00:00,7.6,13.8,2.6,304
USGS-01649190,2024-01-15 16:35:00+00:00,7.6,18.4,2.6,305
USGS-01649190,2024-01-15 16:40:00+00:00,7.6,19.1,2.6,305
USGS-01649190,2024-01-15 16:45:00+00:00,7.6,21.5,2.6,305
USGS-01649190,2024-01-15 16:50:00+00:00,7.6,24.1,2.6,305
USGS-01649190,2024-01-15 16:55:00+00:00,7.6,17.1,2.6,305
USGS-01649190,2024-01-15 17:00:00+00:00,7.6,13.9,2.6,305
USGS-01649190,2024-01-15 17:05:00+00:00,7.6,14.7,2.6,306
USGS-01649190,2024-01-15 17:10:00+00:00,7.6,14.0,2.6,306
USGS-01649190,2024-01-15 17:15:00+00:00,7.6,14.0,2.6,306
USGS-01649190,2024-01-15 17:20:00+00:00,7.6,15.6,2.6,306
USGS-01649190,2024-01-15 17:25:00+00:00,7.6,13.8,2.6,306
USGS-01649190,2024-01-15 17:30:00+00:00,7.6,14.1,2.6,307
USGS-01649190,2024-01-15 17:35:00+00:00,7.6,12.8,2.6,307
USGS-01649190,2024-01-15 17:40:00+00:00,7.6,15.3,2.6,307
USGS-01649190,2024-01-15 17:45:00+00:00,7.6,14.0,2.6,307
USGS-01649190,2024-01-15 17:50:00+00:00,7.6,13.8,2.6,307
USGS-01649190,2024-01-15 17:55:00+00:00,7.6,13.3,2.6,307
USGS-01649190,2024-01-15 18:00:00+00:00,7.6,13.8,2.6,308
USGS-01649190,2024-01-15 18:05:00+00:00,7.6,13.4,2.6,308
USGS-01649190,2024-01-15 18:10:00+00:00,7.6,15.2,2.6,308
USGS-01649190,2024-01-15 18:15:00+00:00,7.6,14.1,2.6,308
USGS-01649190,2024-01-15 18:20:00+00:00,7.6,10.6,2.6,308
USGS-01649190,2024-01-15 18:25:00+00:00,7.6,13.1,2.6,308
USGS-01649190,2024-01-15 18:30:00+00:00,7.6,13.6,2.6,309
USGS-01649190,2024-01-15 18:35:00+00:00,7.6,12.7,2.6,309
USGS-01649190,2024-01-15 18:40:00+00:00,7.6,12.4,2.6,309
USGS-01649190,2024-01-15 18:45:00+00:00,7.6,11.8,2.6,309
USGS-01649190,2024-01-15 18:50:00+00:00,7.6,13.8,2.6,309
USGS-01649190,2024-01-15 18:55:00+00:00,7.6,14.1,2.6,309
USGS-01649190,2024-01-15 19:00:00+00:00,7.6,14.9,2.6,309
USGS-01649190,2024-01-15 19:05:00+00:00,7.6,12.6,2.6,309
USGS-01649190,2024-01-15 19:10:00+00:00,7.6,16.2,2.6,309
USGS-01649190,2024-01-15 19:15:00+00:00,7.6,11.5,2.6,309
USGS-01649190,2024-01-15 19:20:00+00:00,7.6,12.3,2.6,309
USGS-01649190,2024-01-15 19:25:00+00:00,7.6,12.1,2.6,310
USGS-01649190,2024-01-15 19:30:00+00:00,7.6,13.4,2.6,310
USGS-01649190,2024-01-15 19:35:00+00:00,7.6,12.8,2.6,310
USGS-01649190,2024-01-15 19:40:00+00:00,7.6,16.7,2.6,310
USGS-01649190,2024-01-15 19:45:00+00:00,7.6,12.5,2.6,310
USGS-01649190,2024-01-15 19:50:00+00:00,7.6,13.0,2.6,310
USGS-01649190,2024-01-15 19:55:00+00:00,7.6,12.3,2.6,310
USGS-01649190,2024-01-15 20:00:00+00:00,7.6,12.1,2.6,310
USGS-01649190,2024-01-15 20:05:00+00:00,7.6,10.3,2.6,311
USGS-01649190,2024-01-15 20:10:00+00:00,7.6,10.1,2.6,311
USGS-01649190,2024-01-15 20:15:00+00:00,7.6,10.6,2.6,312
USGS-01649190,2024-01-15 20:20:00+00:00,7.6,10.3,2.6,313
USGS-01649190,2024-01-15 20:25:00+00:00,7.6,11.5,2.5,314
USGS-01649190,2024-01-15 20:30:00+00:00,7.6,11.7,2.5,315
USGS-01649190,2024-01-15 20:35:00+00:00,7.6,11.4,2.5,316
USGS-01649190,2024-01-15 20:40:00+00:00,7.6,12.5,2.5,317
USGS-01649190,2024-01-15 20:45:00+00:00,7.6,11.9,2.5,319
USGS-01649190,2024-01-15 20:50:00+00:00,7.6,11.0,2.5,319
USGS-01649190,2024-01-15 20:55:00+00:00,7.6,10.8,2.5,320
USGS-01649190,2024-01-15 21:00:00+00:00,7.6,16.3,2.5,321
USGS-01649190,2024-01-15 21:05:00+00:00,7.6,14.9,2.5,323
USGS-01649190,2024-01-15 21:10:00+00:00,7.6,11.2,2.5,324
USGS-01649190,2024-01-15 21:15:00+00:00,7.6,10.5,2.5,326
USGS-01649190,2024-01-15 21:20:00+00:00,7.6,10.7,2.5,327
USGS-01649190,2024-01-15 21:25:00+00:00,7.6,10.6,2.5,328
USGS-01649190,2024-01-15 21:30:00+00:00,7.6,10.5,2.5,329
USGS-01649190,2024-01-15 21:35:00+00:00,7.6,10.6,2.5,329
USGS-01649190,2024-01-15 21:40:00+00:00,7.6,15.7,2.4,332
USGS-01649190,2024-01-15 21:45:00+00:00,7.6,17.4,2.4,333
USGS-01649190,2024-01-15 21:50:00+00:00,7.6,14.2,2.4,333
USGS-01649190,2024-01-15 21:55:00+00:00,7.6,11.7,2.4,335
USGS-01649190,2024-01-15 22:00:00+00:00,7.6,10.5,2.4,335
USGS-01649190,2024-01-15 22:05:00+00:00,7.6,11.1,2.4,337
USGS-01649190,2024-01-15 22:10:00+00:00,7.6,10.2,2.4,337
USGS-01649190,2024-01-15 22:15:00+00:00,7.6,10.8,2.4,340
USGS-01649190,2024-01-15 22:20:00+00:00,7.6,10.6,2.4,341
USGS-01649190,2024-01-15 22:25:00+00:00,7.6,10.0,2.4,343
USGS-01649190,2024-01-15 22:30:00+00:00,7.6,10.5,2.4,347
USGS-01649190,2024-01-15 22:35:00+00:00,7.6,11.2,2.4,348
USGS-01649190,2024-01-15 22:40:00+00:00,7.6,11.2,2.4,351
USGS-01649190,2024-01-15 22:45:00+00:00,7.6,10.1,2.4,357
USGS-01649190,2024-01-15 22:50:00+00:00,7.6,10.1,2.4,356
USGS-01649190,2024-01-15 22:55:00+00:00,7.6,13.0,2.4,360
USGS-01649190,2024-01-15 23:00:00+00:00,7.6,11.8,2.3,364
USGS-01649190,2024-01-15 23:05:00+00:00,7.6,10.3,2.3,366
USGS-01649190,2024-01-15 23:10:00+00:00,7.6,11.1,2.3,367
USGS-01649190,2024-01-15 23:15:00+00:00,7.6,10.8,2.3,368
USGS-01649190,2024-01-15 23:20:00+00:00,7.6,10.4,2.3,370
USGS-01649190,2024-01-15 23:25:00+00:00,7.6,11.2,2.3,371
USGS-01649190,2024-01-15 23:30:00+00:00,7.6,10.7,2.3,373
USGS-01649190,2024-01-15 23:35:00+00:00,7.6,9.7,2.2,375
USGS-01649190,2024-01-15 23:40:00+00:00,7.6,10.9,2.2,378
USGS-01649190,2024-01-15 23:45:00+00:00,7.6,10.7,2.2,378
USGS-01649190,2024-01-15 23:50:00+00:00,7.6,9.8,2.2,381
USGS-01649190,2024-01-15 23:55:00+00:00,7.6,10.5,2.2,384
USGS-01649190,2024-01-16 00:00:00+00:00,7.6,10.1,2.2,388
USGS-01649190,2024-01-16 00:05:00+00:00,7.6,12.5,2.2,392
USGS-01649190,2024-01-16 00:10:00+00:00,7.6,11.1,2.2,398
USGS-01649190,2024-01-16 00:15:00+00:00,7.6,10.1,2.2,403
USGS-01649190,2024-01-16 00:20:00+00:00,7.6,10.0,2.2,409
USGS-01649190,2024-01-16 00:25:00+00:00,7.6,10.0,2.1,419
USGS-01649190,2024-01-16 00:30:00+00:00,7.6,10.2,2.1,431
USGS-01649190,2024-01-16 00:35:00+00:00,7.6,10.7,2.1,437
USGS-01649190,2024-01-16 00:40:00+00:00,7.6,10.6,2.1,450
USGS-01649190,2024-01-16 00:45:00+00:00,7.6,11.0,2.1,460
USGS-01649190,2024-01-16 00:50:00+00:00,7.6,10.0,2.1,481
USGS-01649190,2024-01-16 00:55:00+00:00,7.6,10.6,2.1,496
USGS-01649190,2024-01-16 01:00:00+00:00,7.6,10.9,2.1,506
USGS-01649190,2024-01-16 01:05:00+00:00,7.6,10.4,2.0,530
USGS-01649190,2024-01-16 01:10:00+00:00,7.6,10.4,2.0,552
USGS-01649190,2024-01-16 01:15:00+00:00,7.6,10.9,2.0,564
USGS-01649190,2024-01-16 01:20:00+00:00,7.6,10.0,2.0,584
USGS-01649190,2024-01-16 01:25:00+00:00,7.6,12.1,2.0,607
USGS-01649190,2024-01-16 01:30:00+00:00,7.6,10.5,1.9,627
USGS-01649190,2024-01-16 01:35:00+00:00,7.5,10.4,1.9,641
USGS-01649190,2024-01-16 01:40:00+00:00,7.5,10.9,1.9,655
USGS-01649190,2024-01-16 01:45:00+00:00,7.5,10.8,1.9,683
USGS-01649190,2024-01-16 01:50:00+00:00,7.5,11.1,1.9,686
USGS-01649190,2024-01-16 01:55:00+00:00,7.5,11.8,1.8,709
USGS-01649190,2024-01-16 02:00:00+00:00,7.5,11.0,1.8,718
USGS-01649190,2024-01-16 02:05:00+00:00,7.5,10.3,1.8,736
USGS-01649190,2024-01-16 02:10:00+00:00,7.5,10.5,1.8,751
USGS-01649190,2024-01-16 02:15:00+00:00,7.5,11.1,1.7,761
USGS-01649190,2024-01-16 02:20:00+00:00,7.5,11.5,1.7,789
USGS-01649190,2024-01-16 02:25:00+00:00,7.5,10.7,1.7,797
USGS-01649190,2024-01-16 02:30:00+00:00,7.5,10.4,1.6,819
USGS-01649190,2024-01-16 02:35:00+00:00,7.5,11.0,1.6,811
USGS-01649190,2024-01-16 02:40:00+00:00,7.5,10.4,1.6,834
USGS-01649190,2024-01-16 02:45:00+00:00,7.5,10.2,1.6,843
USGS-01649190,2024-01-16 02:50:00+00:00,7.5,10.2,1.5,847
USGS-01649190,2024-01-16 02:55:00+00:00,7.5,10.3,1.5,855
USGS-01649190,2024-01-16 03:00:00+00:00,7.5,10.3,1.5,861
USGS-01649190,2024-01-16 03:05:00+00:00,7.5,10.4,1.5,883
USGS-01649190,2024-01-16 03:10:00+00:00,7.5,10.3,1.5,886
USGS-01649190,2024-01-16 03:15:00+00:00,7.5,10.1,1.4,889
USGS-01649190,2024-01-16 03:20:00+00:00,7.5,10.3,1.4,898
USGS-01649190,2024-01-16 03:25:00+00:00,7.5,10.8,1.4,908
USGS-01649190,2024-01-16 03:30:00+00:00,7.5,10.6,1.4,925
USGS-01649190,2024-01-16 03:35:00+00:00,7.5,10.4,1.4,927
USGS-01649190,2024-01-16 03:40:00+00:00,7.5,10.7,1.4,937
USGS-01649190,2024-01-16 03:45:00+00:00,7.5,10.5,1.4,943
USGS-01649190,2024-01-16 03:50:00+00:00,7.5,10.0,1.4,950
USGS-01649190,2024-01-16 03:55:00+00:00,7.5,10.6,1.4,958
USGS-01649190,2024-01-16 04:00:00+00:00,7.5,11.2,1.4,963
USGS-01649190,2024-01-16 04:05:00+00:00,7.5,10.2,1.4,968
USGS-01649190,2024-01-16 04:10:00+00:00,7.5,10.9,1.4,975
USGS-01649190,2024-01-16 04:15:00+00:00,7.5,10.4,1.4,972
USGS-01649190,2024-01-16 04:20:00+00:00,7.5,10.3,1.3,977
USGS-01649190,2024-01-16 04:25:00+00:00,7.5,10.4,1.3,977
USGS-01649190,2024-01-16 04:30:00+00:00,7.5,10.4,1.3,978
USGS-01649190,2024-01-16 04:35:00+00:00,7.5,11.0,1.3,978
USGS-01649190,2024-01-16 04:40:00+00:00,7.5,9.8,1.3,976
USGS-01649190,2024-01-16 04:45:00+00:00,7.5,10.2,1.3,975
USGS-01649190,2024-01-16 04:50:00+00:00,7.5,14.3,1.3,972
USGS-01649190,2024-01-16 04:55:00+00:00,7.5,10.8,1.3,970
USGS-01649190,2024-01-16 05:00:00+00:00,7.5,10.2,1.3,967
USGS-01649190,2024-01-16 05:05:00+00:00,7.5,10.6,1.3,963
USGS-01649190,2024-01-16 05:10:00+00:00,7.5,11.0,1.3,961
USGS-01649190,2024-01-16 05:15:00+00:00,7.5,10.5,1.3,960
USGS-01649190,2024-01-16 05:20:00+00:00,7.5,9.9,1.3,958
USGS-01649190,2024-01-16 05:25:00+00:00,7.5,19.4,1.3,958
USGS-01649190,2024-01-16 05:30:00+00:00,7.5,11.0,1.3,957
USGS-01649190,2024-01-16 05:35:00+00:00,7.5,10.6,1.3,958
USGS-01649190,2024-01-16 05:40:00+00:00,7.5,10.2,1.3,960
USGS-01649190,2024-01-16 05:45:00+00:00,7.5,10.1,1.3,962
USGS-01649190,2024-01-16 05:50:00+00:00,7.5,10.4,1.3,967
USGS-01649190,2024-01-16 05:55:00+00:00,7.5,11.0,1.3,973
USGS-01649190,2024-01-16 06:00:00+00:00,7.5,9.9,1.3,981
USGS-01649190,2024-01-16 06:05:00+00:00,7.5,10.1,1.3,987
USGS-01649190,2024-01-16 06:10:00+00:00,7.5,10.2,1.3,994
USGS-01649190,2024-01-16 06:15:00+00:00,7.5,10.1,1.3,1010
USGS-01649190,2024-01-16 06:20:00+00:00,7.5,9.9,1.3,1020
USGS-01649190,2024-01-16 06:25:00+00:00,7.5,10.4,1.3,1030
USGS-01649190,2024-01-16 06:30:00+00:00,7.5,9.8,1.3,1040
USGS-01649190,2024-01-16 06:35:00+00:00,7.5,10.2,1.2,1050
USGS-01649190,2024-01-16 06:40:00+00:00,7.5,10.9,1.2,1070
USGS-01649190,2024-01-16 06:45:00+00:00,7.5,10.1,1.2,1090
USGS-01649190,2024-01-16 06:50:00+00:00,7.5,10.9,1.2,1100
USGS-01649190,2024-01-16 06:55:00+00:00,7.5,12.1,1.2,1120
USGS-01649190,2024-01-16 07:00:00+00:00,7.5,11.6,1.2,1130
USGS-01649190,2024-01-16 07:05:00+00:00,7.5,10.6,1.2,1140
USGS-01649190,2024-01-16 07:10:00+00:00,7.5,9.6,1.2,1150
USGS-01649190,2024-01-16 07:15:00+00:00,7.5,10.9,1.2,1180
USGS-01649190,2024-01-16 07:20:00+00:00,7.5,11.0,1.2,1190
USGS-01649190,2024-01-16 07:25:00+00:00,7.5,13.4,1.2,1210
USGS-01649190,2024-01-16 07:30:00+00:00,7.5,12.1,1.2,1220
USGS-01649190,2024-01-16 07:35:00+00:00,7.5,14.1,1.2,1230
USGS-01649190,2024-01-16 07:40:00+00:00,7.5,12.5,1.2,1260
USGS-01649190,2024-01-16 07:45:00+00:00,7.5,13.3,1.3,1270
USGS-01649190,2024-01-16 07:50:00+00:00,7.5,12.9,1.3,1280
USGS-01649190,2024-01-16 07:55:00+00:00,7.5,13.8,1.3,1290
USGS-01649190,2024-01-16 08:00:00+00:00,7.5,12.2,1.3,1290
USGS-01649190,2024-01-16 08:05:00+00:00,7.5,13.4,1.3,1310
USGS-01649190,2024-01-16 08:10:00+00:00,7.5,13.0,1.3,1320
USGS-01649190,2024-01-16 08:15:00+00:00,7.5,12.7,1.3,1320
USGS-01649190,2024-01-16 08:20:00+00:00,7.5,10.9,1.3,1330
USGS-01649190,2024-01-16 08:25:00+00:00,7.5,11.4,1.3,1330
USGS-01649190,2024-01-16 08:30:00+00:00,7.5,11.8,1.3,1340
USGS-01649190,2024-01-16 08:35:00+00:00,7.5,11.7,1.2,1340
USGS-01649190,2024-01-16 08:40:00+00:00,7.5,13.0,1.2,1350
USGS-01649190,2024-01-16 08:45:00+00:00,7.5,11.2,1.2,1350
USGS-01649190,2024-01-16 08:50:00+00:00,7.5,12.1,1.2,1360
USGS-01649190,2024-01-16 08:55:00+00:00,7.5,12.1,1.2,1360
USGS-01649190,2024-01-16 09:00:00+00:00,7.5,10.5,1.2,1360
USGS-01649190,2024-01-16 09:05:00+00:00,7.5,13.3,1.2,1370
USGS-01649190,2024-01-16 09:10:00+00:00,7.5,14.0,1.2,1370
USGS-01649190,2024-01-16 09:15:00+00:00,7.5,15.0,1.2,1370
USGS-01649190,2024-01-16 09:20:00+00:00,7.5,9.9,1.2,1370
USGS-01649190,2024-01-16 09:25:00+00:00,7.5,24.3,1.2,1370
USGS-01649190,2024-01-16 09:30:00+00:00,7.5,21.5,1.2,1370
USGS-01649190,2024-01-16 09:35:00+00:00,7.5,30.5,1.3,1370
USGS-01649190,2024-01-16 09:40:00+00:00,7.5,11.7,1.3,1370
USGS-01649190,2024-01-16 09:45:00+00:00,7.5,10.5,1.3,1370
USGS-01649190,2024-01-16 09:50:00+00:00,7.5,10.8,1.3,1370
USGS-01649190,2024-01-16 09:55:00+00:00,7.5,11.0,1.3,1370
USGS-01649190,2024-01-16 10:00:00+00:00,7.5,13.5,1.3,1360
USGS-01649190,2024-01-16 10:05:00+00:00,7.5,9.7,1.3,1360
USGS-01649190,2024-01-16 10:10:00+00:00,7.5,13.9,1.3,1360
USGS-01649190,2024-01-16 10:15:00+00:00,7.5,12.6,1.3,1350
USGS-01649190,2024-01-16 10:20:00+00:00,7.5,14.5,1.3,1350
USGS-01649190,2024-01-16 10:25:00+00:00,7.5,11.8,1.3,1350
USGS-01649190,2024-01-16 10:30:00+00:00,7.5,12.3,1.3,1340
USGS-01649190,2024-01-16 10:35:00+00:00,7.5,11.2,1.3,1340
USGS-01649190,2024-01-16 10:40:00+00:00,7.5,11.2,1.3,1340
USGS-01649190,2024-01-16 10:45:00+00:00,7.5,11.1,1.3,1340
USGS-01649190,2024-01-16 10:50:00+00:00,7.5,11.4,1.3,1330
USGS-01649190,2024-01-16 10:55:00+00:00,7.5,11.3,1.3,1330
USGS-01649190,2024-01-16 11:00:00+00:00,7.5,12.2,1.3,1330
USGS-01649190,2024-01-16 11:05:00+00:00,7.5,11.1,1.3,1320
USGS-01649190,2024-01-16 11:10:00+00:00,7.5,13.2,1.3,1320
USGS-01649190,2024-01-16 11:15:00+00:00,7.5,12.2,1.3,1320
USGS-01649190,2024-01-16 11:20:00+00:00,7.5,12.2,1.3,1320
USGS-01649190,2024-01-16 11:25:00+00:00,7.5,11.9,1.3,1310
USGS-01649190,2024-01-16 11:30:00+00:00,7.5,11.8,1.3,1310
USGS-01649190,2024-01-16 11:35:00+00:00,7.5,12.8,1.3,1310
USGS-01649190,2024-01-16 11:40:00+00:00,7.5,12.1,1.3,1310
USGS-01649190,2024-01-16 11:45:00+00:00,7.5,12.8,1.3,1300
USGS-01649190,2024-01-16 11:50:00+00:00,7.5,10.9,1.3,1300
USGS-01649190,2024-01-16 11:55:00+00:00,7.5,11.6,1.3,1300
USGS-01649190,2024-01-16 12:00:00+00:00,7.5,10.7,1.3,1300
USGS-01649190,2024-01-16 12:05:00+00:00,7.5,11.1,1.4,1300
USGS-01649190,2024-01-16 12:10:00+00:00,7.5,13.8,1.4,1300
USGS-01649190,2024-01-16 12:15:00+00:00,7.5,11.2,1.4,1300
USGS-01649190,2024-01-16 12:20:00+00:00,7.5,10.8,1.4,1290
USGS-01649190,2024-01-16 12:25:00+00:00,7.5,10.2,1.4,1290
USGS-01649190,2024-01-16 12:30:00+00:00,7.5,13.0,1.4,1290
USGS-01649190,2024-01-16 12:35:00+00:00,7.5,12.4,1.4,1290
USGS-01649190,2024-01-16 12:40:00+00:00,7.5,11.5,1.4,1290
USGS-01649190,2024-01-16 12:45:00+00:00,7.5,10.7,1.4,1290
USGS-01649190,2024-01-16 12:50:00+00:00,7.5,13.9,1.4,1290
USGS-01649190,2024-01-16 12:55:00+00:00,7.5,13.3,1.4,1290
USGS-01649190,2024-01-16 13:00:00+00:00,7.5,12.8,1.4,1290
USGS-01649190,2024-01-16 13:05:00+00:00,7.5,11.0,1.4,1290
USGS-01649190,2024-01-16 13:10:00+00:00,7.5,12.0,1.4,1300
USGS-01649190,2024-01-16 13:15:00+00:00,7.5,11.2,1.4,1300
USGS-01649190,2024-01-16 13:20:00+00:00,7.5,12.7,1.4,1310
USGS-01649190,2024-01-16 13:25:00+00:00,7.5,11.5,1.4,1310
USGS-01649190,2024-01-16 13:30:00+00:00,7.5,12.7,1.4,1320
USGS-01649190,2024-01-16 13:35:00+00:00,7.5,12.3,1.4,1330
USGS-01649190,2024-01-16 13:40:00+00:00,7.5,11.8,1.4,1330
USGS-01649190,2024-01-16 13:45:00+00:00,7.5,10.7,1.4,1350
USGS-01649190,2024-01-16 13:50:00+00:00,7.5,14.0,1.4,1360
USGS-01649190,2024-01-16 13:55:00+00:00,7.5,13.9,1.5,1370
USGS-01649190,2024-01-16 14:00:00+00:00,7.5,13.4,1.5,1380
USGS-01649190,2024-01-16 14:05:00+00:00,7.5,13.2,1.5,1400
USGS-01649190,2024-01-16 14:10:00+00:00,7.5,12.8,1.5,1400
USGS-01649190,2024-01-16 14:15:00+00:00,7.5,10.9,1.5,1410
USGS-01649190,2024-01-16 14:20:00+00:00,7.5,12.6,1.5,1440
USGS-01649190,2024-01-16 14:25:00+00:00,7.5,13.5,1.5,1440
USGS-01649190,2024-01-16 14:30:00+00:00,7.5,14.2,1.5,1460
USGS-01649190,2024-01-16 14:35:00+00:00,7.5,10.9,1.5,1480
USGS-01649190,2024-01-16 14:40:00+00:00,7.5,12.1,1.5,1480
USGS-01649190,2024-01-16 14:45:00+00:00,7.5,11.9,1.5,1520
USGS-01649190,2024-01-16 14:50:00+00:00,7.5,10.6,1.5,1540
USGS-01649190,2024-01-16 14:55:00+00:00,7.5,11.3,1.5,1560
USGS-01649190,2024-01-16 15:00:00+00:00,7.5,11.6,1.5,1570
USGS-01649190,2024-01-16 15:05:00+00:00,7.5,10.9,1.5,1590
USGS-01649190,2024-01-16 15:10:00+00:00,7.5,11.5,1.5,1650
USGS-01649190,2024-01-16 15:15:00+00:00,7.5,12.2,1.6,1680
USGS-01649190,2024-01-16 15:20:00+00:00,7.5,11.9,1.6,1700
USGS-01649190,2024-01-16 15:25:00+00:00,7.5,11.0,1.6,1720
USGS-01649190,2024-01-16 15:30:00+00:00,7.5,12.1,1.6,1780
USGS-01649190,2024-01-16 15:35:00+00:00,7.5,11.3,1.6,1810
USGS-01649190,2024-01-16 15:40:00+00:00,7.5,10.8,1.6,1850
USGS-01649190,2024-01-16 15:45:00+00:00,7.5,13.3,1.6,1910
USGS-01649190,2024-01-16 15:50:00+00:00,7.5,12.5,1.6,1930
USGS-01649190,2024-01-16 15:55:00+00:00,7.5,13.1,1.6,1960
USGS-01649190,2024-01-16 16:00:00+00:00,7.5,13.4,1.6,1960
USGS-01649190,2024-01-16 16:05:00+00:00,7.5,12.9,1.6,2020
USGS-01649190,2024-01-16 16:10:00+00:00,7.5,11.5,1.6,2060
USGS-01649190,2024-01-16 16:15:00+00:00,7.5,10.6,1.6,2070
USGS-01649190,2024-01-16 16:20:00+00:00,7.5,11.2,1.7,2120
USGS-01649190,2024-01-16 16:25:00+00:00,7.5,11.4,1.7,2130
USGS-01649190,2024-01-16 16:30:00+00:00,7.5,11.3,1.7,2150
USGS-01649190,2024-01-16 16:35:00+00:00,7.5,11.8,1.7,2180
USGS-01649190,2024-01-16 16:40:00+00:00,7.5,13.6,1.7,2190
USGS-01649190,2024-01-16 16:45:00+00:00,7.5,11.2,1.7,2200
USGS-01649190,2024-01-16 16:50:00+00:00,7.5,11.6,1.7,2210
USGS-01649190,2024-01-16 16:55:00+00:00,7.5,11.6,1.7,2230
USGS-01649190,2024-01-16 17:00:00+00:00,7.5,12.6,1.7,2240
USGS-01649190,2024-01-16 17:05:00+00:00,7.5,11.9,1.7,2270
USGS-01649190,2024-01-16 17:10:00+00:00,7.5,11.3,1.8,2290
USGS-01649190,2024-01-16 17:15:00+00:00,7.5,12.7,1.8,2310
USGS-01649190,2024-01-16 17:20:00+00:00,7.5,13.2,1.8,2330
USGS-01649190,2024-01-16 17:25:00+00:00,7.5,11.5,1.8,2360
USGS-01649190,2024-01-16 17:30:00+00:00,7.5,12.3,1.8,2370
USGS-01649190,2024-01-16 17:35:00+00:00,7.5,12.0,1.8,2420
USGS-01649190,2024-01-16 17:40:00+00:00,7.5,12.0,1.8,2430
USGS-01649190,2024-01-16 17:45:00+00:00,7.5,11.2,1.8,2480
USGS-01649190,2024-01-16 17:50:00+00:00,7.5,13.0,1.8,2510
USGS-01649190,2024-01-16 17:55:00+00:00,7.5,11.7,1.9,2570
USGS-01649190,2024-01-16 18:00:00+00:00,7.5,11.5,1.9,2620
USGS-01649190,2024-01-16 18:05:00+00:00,7.5,11.4,1.9,2640
USGS-01649190,2024-01-16 18:10:00+00:00,7.5,11.6,1.9,2700
USGS-01649190,2024-01-16 18:15:00+00:00,7.5,12.9,1.9,2710
USGS-01649190,2024-01-16 18:20:00+00:00,7.5,12.8,1.9,2780
USGS-01649190,2024-01-16 18:25:00+00:00,7.5,13.4,2.0,2860
USGS-01649190,2024-01-16 18:30:00+00:00,7.5,13.5,2.0,2910
USGS-01649190,2024-01-16 18:35:00+00:00,7.5,11.6,2.0,3000
USGS-01649190,2024-01-16 18:40:00+00:00,7.5,11.3,2.0,3060
USGS-01649190,2024-01-16 18:45:00+00:00,7.5,10.6,2.0,3120
USGS-01649190,2024-01-16 18:50:00+00:00,7.5,10.7,2.0,3170
USGS-01649190,2024-01-16 18:55:00+00:00,7.5,11.5,2.0,3260
USGS-01649190,2024-01-16 19:00:00+00:00,7.5,11.8,2.0,3330
USGS-01649190,2024-01-16 19:05:00+00:00,7.5,11.2,2.0,3390
USGS-01649190,2024-01-16 19:10:00+00:00,7.5,12.0,2.0,3420
USGS-01649190,2024-01-16 19:15:00+00:00,7.5,12.2,2.1,3520
USGS-01649190,2024-01-16 19:20:00+00:00,7.5,12.3,2.1,3580
USGS-01649190,2024-01-16 19:25:00+00:00,7.5,13.1,2.1,3610
USGS-01649190,2024-01-16 19:30:00+00:00,7.5,12.5,2.1,3680
USGS-01649190,2024-01-16 19:35:00+00:00,7.5,11.9,2.1,3780
USGS-01649190,2024-01-16 19:40:00+00:00,7.5,11.4,2.1,3790
USGS-01649190,2024-01-16 19:45:00+00:00,7.5,13.5,2.1,3810
USGS-01649190,2024-01-16 19:50:00+00:00,7.5,15.3,2.2,3880
USGS-01649190,2024-01-16 19:55:00+00:00,7.5,13.6,2.2,3940
USGS-01649190,2024-01-16 20:00:00+00:00,7.5,11.3,2.2,3980
USGS-01649190,2024-01-16 20:05:00+00:00,7.5,13.0,2.2,4010
USGS-01649190,2024-01-16 20:10:00+00:00,7.5,11.1,2.2,4040
USGS-01649190,2024-01-16 20:15:00+00:00,7.5,10.6,2.2,4080
USGS-01649190,2024-01-16 20:20:00+00:00,7.5,10.8,2.2,4090
USGS-01649190,2024-01-16 20:25:00+00:00,7.5,11.7,2.2,4140
USGS-01649190,2024-01-16 20:30:00+00:00,7.5,12.1,2.2,4160
USGS-01649190,2024-01-16 20:35:00+00:00,7.5,12.5,2.2,4180
USGS-01649190,2024-01-16 20:40:00+00:00,7.5,13.3,2.2,4220
USGS-01649190,2024-01-16 20:45:00+00:00,7.5,14.6,2.2,4220
USGS-01649190,2024-01-16 20:50:00+00:00,7.5,13.8,2.2,4240
USGS-01649190,2024-01-16 20:55:00+00:00,7.5,13.5,2.2,4250
USGS-01649190,2024-01-16 21:00:00+00:00,7.5,11.9,2.2,4260
USGS-01649190,2024-01-16 21:05:00+00:00,7.5,11.6,2.2,4280
USGS-01649190,2024-01-16 21:10:00+00:00,7.5,16.9,2.2,4290
USGS-01649190,2024-01-16 21:15:00+00:00,7.5,11.2,2.2,4300
USGS-01649190,2024-01-16 21:20:00+00:00,7.5,12.0,2.2,4300
USGS-01649190,2024-01-16 21:25:00+00:00,7.5,11.8,2.2,4310
USGS-01649190,2024-01-16 21:30:00+00:00,7.5,12.8,2.2,4310
USGS-01649190,2024-01-16 21:35:00+00:00,7.5,13.0,2.2,4320
USGS-01649190,2024-01-16 21:40:00+00:00,7.5,13.3,2.2,4320
USGS-01649190,2024-01-16 21:45:00+00:00,7.5,14.3,2.2,4330
USGS-01649190,2024-01-16 21:50:00+00:00,7.5,12.2,2.2,4330
USGS-01649190,2024-01-16 21:55:00+00:00,7.5,11.9,2.2,4330
USGS-01649190,2024-01-16 22:00:00+00:00,7.5,13.3,2.2,4340
USGS-01649190,2024-01-16 22:05:00+00:00,7.5,12.4,2.2,4340
USGS-01649190,2024-01-16 22:10:00+00:00,7.5,11.8,2.2,4340
USGS-01649190,2024-01-16 22:15:00+00:00,7.5,12.7,2.2,4350
USGS-01649190,2024-01-16 22:20:00+00:00,7.5,13.5,2.1,4350
USGS-01649190,2024-01-16 22:25:00+00:00,7.5,12.7,2.1,4360
USGS-01649190,2024-01-16 22:30:00+00:00,7.5,11.5,2.1,4370
USGS-01649190,2024-01-16 22:35:00+00:00,7.5,12.8,2.1,4380
USGS-01649190,2024-01-16 22:40:00+00:00,7.5,13.6,2.1,4390
USGS-01649190,2024-01-16 22:45:00+00:00,7.5,12.0,2.1,4400
USGS-01649190,2024-01-16 22:50:00+00:00,7.5,13.9,2.1,4410
USGS-01649190,2024-01-16 22:55:00+00:00,7.5,13.1,2.1,4420
USGS-01649190,2024-01-16 23:00:00+00:00,7.5,14.0,2.1,4420
USGS-01649190,2024-01-16 23:05:00+00:00,7.5,13.3,2.1,4430
USGS-01649190,2024-01-16 23:10:00+00:00,7.5,12.8,2.0,4430
USGS-01649190,2024-01-16 23:15:00+00:00,7.5,13.6,2.0,4440
USGS-01649190,2024-01-16 23:20:00+00:00,7.5,13.3,2.0,4440
USGS-01649190,2024-01-16 23:25:00+00:00,7.5,13.3,2.0,4430
USGS-01649190,2024-01-16 23:30:00+00:00,7.5,14.1,2.0,4430
USGS-01649190,2024-01-16 23:35:00+00:00,7.5,15.0,2.0,4420
USGS-01649190,2024-01-16 23:40:00+00:00,7.5,13.3,2.0,4410
USGS-01649190,2024-01-16 23:45:00+00:00,7.5,13.4,1.9,4400
USGS-01649190,2024-01-16 23:50:00+00:00,7.5,13.1,1.9,4380
USGS-01649190,2024-01-16 23:55:00+00:00,7.5,13.6,1.9,4370
USGS-01649190,2024-01-17 00:00:00+00:00,7.5,13.7,1.9,4350
USGS-01649190,2024-01-17 00:05:00+00:00,7.5,12.7,1.9,4330
USGS-01649190,2024-01-17 00:10:00+00:00,7.5,14.7,1.9,4320
USGS-01649190,2024-01-17 00:15:00+00:00,7.5,14.2,1.8,4300
USGS-01649190,2024-01-17 00:20:00+00:00,7.5,12.2,1.8,4270
USGS-01649190,2024-01-17 00:25:00+00:00,7.5,13.1,1.8,4270
USGS-01649190,2024-01-17 00:30:00+00:00,7.5,14.4,1.8,4240
USGS-01649190,2024-01-17 00:35:00+00:00,7.5,11.7,1.8,4220
USGS-01649190,2024-01-17 00:40:00+00:00,7.5,13.0,1.7,4200
USGS-01649190,2024-01-17 00:45:00+00:00,7.5,12.9,1.7,4170
USGS-01649190,2024-01-17 00:50:00+00:00,7.5,12.7,1.7,4150
USGS-01649190,2024-01-17 00:55:00+00:00,7.5,12.3,1.7,4130
USGS-01649190,2024-01-17 01:00:00+00:00,7.5,13.9,1.7,4090
USGS-01649190,2024-01-17 01:05:00+00:00,7.5,12.0,1.7,4080
USGS-01649190,2024-01-17 01:10:00+00:00,7.5,12.4,1.6,4060
USGS-01649190,2024-01-17 01:15:00+00:00,7.5,12.7,1.6,4020
USGS-01649190,2024-01-17 01:20:00+00:00,7.5,13.6,1.6,4010
USGS-01649190,2024-01-17 01:25:00+00:00,7.5,11.6,1.6,3970
USGS-01649190,2024-01-17 01:30:00+00:00,7.5,12.7,1.5,3940
USGS-01649190,2024-01-17 01:35:00+00:00,7.5,14.8,1.5,3930
USGS-01649190,2024-01-17 01:40:00+00:00,7.5,13.3,1.5,3890
USGS-01649190,2024-01-17 01:45:00+00:00,7.5,12.2,1.5,3880
USGS-01649190,2024-01-17 01:50:00+00:00,7.5,11.8,1.5,3840
USGS-01649190,2024-01-17 01:55:00+00:00,7.5,14.8,1.5,3810
USGS-01649190,2024-01-17 02:00:00+00:00,7.5,13.4,1.4,3800
USGS-01649190,2024-01-17 02:05:00+00:00,7.5,12.8,1.4,3760
USGS-01649190,2024-01-17 02:10:00+00:00,7.5,11.9,1.4,3740
USGS-01649190,2024-01-17 02:15:00+00:00,7.5,12.9,1.4,3730
USGS-01649190,2024-01-17 02:20:00+00:00,7.5,13.0,1.3,3670
USGS-01649190,2024-01-17 02:25:00+00:00,7.5,13.5,1.3,3660
USGS-01649190,2024-01-17 02:30:00+00:00,7.5,14.2,1.3,3630
USGS-01649190,2024-01-17 02:35:00+00:00,7.5,13.1,1.3,3600
USGS-01649190,2024-01-17 02:40:00+00:00,7.5,12.6,1.3,3580
USGS-01649190,2024-01-17 02:45:00+00:00,7.5,13.3,1.3,3550
USGS-01649190,2024-01-17 02:50:00+00:00,7.5,13.5,1.2,3530
USGS-01649190,2024-01-17 02:55:00+00:00,7.5,14.5,1.2,3490
USGS-01649190,2024-01-17 03:00:00+00:00,7.5,13.1,1.2,3500
USGS-01649190,2024-01-17 03:05:00+00:00,7.5,13.7,1.2,3460
USGS-01649190,2024-01-17 03:10:00+00:00,7.5,12.4,1.2,3440
USGS-01649190,2024-01-17 03:15:00+00:00,7.5,14.5,1.1,3430
USGS-01649190,2024-01-17 03:20:00+00:00,7.5,13.3,1.1,3420
USGS-01649190,2024-01-17 03:25:00+00:00,7.5,15.5,1.1,3390
USGS-01649190,2024-01-17 03:30:00+00:00,7.5,13.9,1.1,3370
USGS-01649190,2024-01-17 03:35:00+00:00,7.5,15.0,1.1,3370
USGS-01649190,2024-01-17 03:40:00+00:00,7.5,13.0,1.0,3350
USGS-01649190,2024-01-17 03:45:00+00:00,7.5,14.4,1.0,3350
USGS-01649190,2024-01-17 03:50:00+00:00,7.5,13.6,1.0,3310
USGS-01649190,2024-01-17 03:55:00+00:00,7.5,12.6,1.0,3310
USGS-01649190,2024-01-17 04:00:00+00:00,7.5,14.0,1.0,3300
USGS-01649190,2024-01-17 04:05:00+00:00,7.5,10.9,0.9,3280
USGS-01649190,2024-01-17 04:10:00+00:00,7.5,12.1,0.9,3290
USGS-01649190,2024-01-17 04:15:00+00:00,7.5,13.9,0.9,3280
USGS-01649190,2024-01-17 04:20:00+00:00,7.5,14.3,0.9,3270
USGS-01649190,2024-01-17 04:25:00+00:00,7.5,13.8,0.9,3260
USGS-01649190,2024-01-17 04:30:00+00:00,7.5,11.6,0.8,3250
USGS-01649190,2024-01-17 04:35:00+00:00,7.5,12.1,0.8,3250
USGS-01649190,2024-01-17 04:40:00+00:00,7.5,13.5,0.8,3240
USGS-01649190,2024-01-17 04:45:00+00:00,7.5,14.0,0.8,3240
USGS-01649190,2024-01-17 04:50:00+00:00,7.5,14.6,0.8,3240
USGS-01649190,2024-01-17 04:55:00+00:00,7.5,13.3,0.8,3230
USGS-01649190,2024-01-17 05:00:00+00:00,7.5,13.1,0.7,3220
USGS-01649190,2024-01-17 05:05:00+00:00,7.5,15.3,0.7,3220
USGS-01649190,2024-01-17 05:10:00+00:00,7.5,24.6,0.7,3220
USGS-01649190,2024-01-17 05:15:00+00:00,7.5,10.9,0.7,3210
USGS-01649190,2024-01-17 05:20:00+00:00,7.5,13.0,0.7,3210
USGS-01649190,2024-01-17 05:25:00+00:00,7.5,12.6,0.6,3210
USGS-01649190,2024-01-17 05:30:00+00:00,7.5,13.5,0.6,3210
USGS-01649190,2024-01-17 05:35:00+00:00,7.5,11.3,0.6,3210
USGS-01649190,2024-01-17 05:40:00+00:00,7.5,12.4,0.6,3210
USGS-01649190,2024-01-17 05:45:00+00:00,7.5,11.6,0.6,3220
USGS-01649190,2024-01-17 05:50:00+00:00,7.5,14.2,0.6,3220
USGS-01649190,2024-01-17 05:55:00+00:00,7.5,14.1,0.6,3220
USGS-01649190,2024-01-17 06:00:00+00:00,7.5,12.7,0.5,3220
USGS-01649190,2024-01-17 06:05:00+00:00,7.5,14.3,0.5,3220
USGS-01649190,2024-01-17 06:10:00+00:00,7.5,14.1,0.5,3230
USGS-01649190,2024-01-17 06:15:00+00:00,7.5,14.3,0.5,3230
USGS-01649190,2024-01-17 06:20:00+00:00,7.5,14.2,0.5,3240
USGS-01649190,2024-01-17 06:25:00+00:00,7.5,11.3,0.4,3240
USGS-01649190,2024-01-17 06:30:00+00:00,7.5,14.1,0.4,3240
USGS-01649190,2024-01-17 06:35:00+00:00,7.5,12.4,0.4,3240
USGS-01649190,2024-01-17 06:40:00+00:00,7.5,14.2,0.4,3250
USGS-01649190,2024-01-17 06:45:00+00:00,7.5,14.4,0.4,3260
USGS-01649190,2024-01-17 06:50:00+00:00,7.5,13.4,0.4,3270
USGS-01649190,2024-01-17 06:55:00+00:00,7.5,13.2,0.4,3270
USGS-01649190,2024-01-17 07:00:00+00:00,7.5,13.3,0.3,3280
USGS-01649190,2024-01-17 07:05:00+00:00,7.5,13.8,0.3,3290
USGS-01649190,2024-01-17 07:10:00+00:00,7.5,14.1,0.3,3300
USGS-01649190,2024-01-17 07:15:00+00:00,7.5,13.6,0.3,3310
USGS-01649190,2024-01-17 07:20:00+00:00,7.5,12.4,0.3,3320
USGS-01649190,2024-01-17 07:25:00+00:00,7.5,14.4,0.3,3330
USGS-01649190,2024-01-17 07:30:00+00:00,7.5,12.4,0.2,3340
USGS-01649190,2024-01-17 07:35:00+00:00,7.5,14.3,0.2,3360
USGS-01649190,2024-01-17 07:40:00+00:00,7.5,12.8,0.2,3370
USGS-01649190,2024-01-17 07:45:00+00:00,7.5,12.6,0.2,3380
USGS-01649190,2024-01-17 07:50:00+00:00,7.5,12.0,0.2,3400
USGS-01649190,2024-01-17 07:55:00+00:00,7.5,12.1,0.2,3410
USGS-01649190,2024-01-17 08:00:00+00:00,7.5,12.3,0.1,3420
USGS-01649190,2024-01-17 08:05:00+00:00,7.5,21.5,0.1,3440
USGS-01649190,2024-01-17 08:10:00+00:00,7.5,20.0,0.1,3450
USGS-01649190,2024-01-17 08:15:00+00:00,7.5,18.7,0.1,3470
USGS-01649190,2024-01-17 08:20:00+00:00,7.5,11.4,0.1,3480
USGS-01649190,2024-01-17 08:25:00+00:00,7.5,12.0,0.1,3500
USGS-01649190,2024-01-17 08:30:00+00:00,7.5,14.8,0.1,3520
USGS-01649190,2024-01-17 08:35:00+00:00,7.5,13.3,0.1,3530
USGS-01649190,2024-01-17 08:40:00+00:00,7.5,13.0,0.0,3560
USGS-01649190,2024-01-17 08:45:00+00:00,7.5,15.0,0.0,3570
USGS-01649190,2024-01-17 08:50:00+00:00,7.5,15.7,0.0,3600
USGS-01649190,2024-01-17 08:55:00+00:00,7.4,12.7,0.0,3620
USGS-01649190,2024-01-17 09:00:00+00:00,7.4,12.5,-0.0,3630
USGS-01649190,2024-01-17 09:05:00+00:00,7.4,14.2,-0.0,3650
USGS-01649190,2024-01-17 09:10:00+00:00,7.4,14.3,-0.0,3670
USGS-01649190,2024-01-17 09:15:00+00:00,7.4,14.8,-0.0,3680
USGS-01649190,2024-01-17 09:20:00+00:00,7.4,15.5,-0.1,3710
USGS-01649190,2024-01-17 09:25:00+00:00,7.4,15.2,-0.1,3720
USGS-01649190,2024-01-17 09:30:00+00:00,7.4,14.2,-0.1,3720
USGS-01649190,2024-01-17 09:35:00+00:00,7.4,13.8,-0.1,3750
USGS-01649190,2024-01-17 09:40:00+00:00,7.4,15.0,-0.1,3760
USGS-01649190,2024-01-17 09:45:00+00:00,7.4,15.5,-0.1,3780
USGS-01649190,2024-01-17 09:50:00+00:00,7.4,16.1,-0.1,3800
USGS-01649190,2024-01-17 09:55:00+00:00,7.4,16.3,-0.1,3820
USGS-01649190,2024-01-17 10:00:00+00:00,7.4,20.3,-0.1,3820
USGS-01649190,2024-01-17 10:05:00+00:00,7.4,16.1,-0.2,3840
USGS-01649190,2024-01-17 10:10:00+00:00,7.4,13.5,-0.2,3840
USGS-01649190,2024-01-17 10:15:00+00:00,7.4,18.9,-0.2,3850
USGS-01649190,2024-01-17 10:20:00+00:00,7.4,18.9,-0.2,3870
USGS-01649190,2024-01-17 10:25:00+00:00,7.4,14.0,-0.2,3880
USGS-01649190,2024-01-17 10:30:00+00:00,7.4,14.4,-0.2,3890
USGS-01649190,2024-01-17 10:35:00+00:00,7.4,13.8,-0.2,3910
USGS-01649190,2024-01-17 10:40:00+00:00,7.4,18.1,-0.2,3910
USGS-01649190,2024-01-17 10:45:00+00:00,7.4,18.6,-0.2,3920
USGS-01649190,2024-01-17 10:50:00+00:00,7.4,18.9,-0.2,3920
USGS-01649190,2024-01-17 10:55:00+00:00,7.4,13.0,-0.2,3940
USGS-01649190,2024-01-17 11:00:00+00:00,7.4,12.3,-0.2,3940
USGS-01649190,2024-01-17 11:05:00+00:00,7.4,12.8,-0.2,3950
USGS-01649190,2024-01-17 11:10:00+00:00,7.4,14.7,-0.2,3950
USGS-01649190,2024-01-17 11:15:00+00:00,7.4,13.2,-0.2,3960
USGS-01649190,2024-01-17 11:20:00+00:00,7.4,12.1,-0.2,3970
USGS-01649190,2024-01-17 11:25:00+00:00,7.4,21.8,-0.2,3970
USGS-01649190,2024-01-17 11:30:00+00:00,7.4,21.9,-0.2,3970
USGS-01649190,2024-01-17 11:35:00+00:00,7.4,13.7,-0.2,3970
USGS-01649190,2024-01-17 11:40:00+00:00,7.4,12.0,-0.2,3980
USGS-01649190,2024-01-17 11:45:00+00:00,7.4,13.9,-0.2,3980
USGS-01649190,2024-01-17 11:50:00+00:00,7.4,14.4,-0.2,3980
USGS-01649190,2024-01-17 11:55:00+00:00,7.4,11.7,-0.2,3980
USGS-01649190,2024-01-17 12:00:00+00:00,7.4,16.6,-0.2,3980
USGS-01649190,2024-01-17 12:05:00+00:00,7.4,13.8,-0.2,3980
USGS-01649190,2024-01-17 12:10:00+00:00,7.4,15.0,-0.2,3980
USGS-01649190,2024-01-17 12:15:00+00:00,7.4,12.4,-0.2,3980
USGS-01649190,2024-01-17 12:20:00+00:00,7.4,12.2,-0.2,3980
USGS-01649190,2024-01-17 12:25:00+00:00,7.4,11.2,-0.2,3980
USGS-01649190,2024-01-17 12:30:00+00:00,7.4,13.7,-0.2,3970
USGS-01649190,2024-01-17 12:35:00+00:00,7.4,11.9,-0.2,3970
USGS-01649190,2024-01-17 12:40:00+00:00,7.4,12.3,-0.2,3970
USGS-01649190,2024-01-17 12:45:00+00:00,7.4,12.4,-0.2,3960
USGS-01649190,2024-01-17 12:50:00+00:00,7.4,12.7,-0.2,3960
USGS-01649190,2024-01-17 12:55:00+00:00,7.4,12.8,-0.2,3950
USGS-01649190,2024-01-17 13:00:00+00:00,7.4,11.9,-0.2,3950
USGS-01649190,2024-01-17 13:05:00+00:00,7.4,12.1,-0.2,3950
USGS-01649190,2024-01-17 13:10:00+00:00,7.4,11.9,-0.2,3940
USGS-01649190,2024-01-17 13:15:00+00:00,7.4,10.8,-0.2,3930
USGS-01649190,2024-01-17 13:20:00+00:00,7.4,12.1,-0.2,3920
USGS-01649190,2024-01-17 13:25:00+00:00,7.4,11.9,-0.2,3910
USGS-01649190,2024-01-17 13:30:00+00:00,7.4,10.8,-0.2,3900
USGS-01649190,2024-01-17 13:35:00+00:00,7.4,10.9,-0.2,3900
USGS-01649190,2024-01-17 13:40:00+00:00,7.4,10.9,-0.2,3890
USGS-01649190,2024-01-17 13:45:00+00:00,7.4,12.2,-0.2,3880
USGS-01649190,2024-01-17 13:50:00+00:00,7.4,11.6,-0.2,3870
USGS-01649190,2024-01-17 13:55:00+00:00,7.4,10.9,-0.2,3860
USGS-01649190,2024-01-17 14:00:00+00:00,7.4,12.3,-0.2,3850
USGS-01649190,2024-01-17 14:05:00+00:00,7.4,11.4,-0.2,3850
USGS-01649190,2024-01-17 14:10:00+00:00,7.4,10.6,-0.2,3830
USGS-01649190,2024-01-17 14:15:00+00:00,7.4,10.4,-0.2,3810
USGS-01649190,2024-01-17 14:20:00+00:00,7.4,10.7,-0.2,3810
USGS-01649190,2024-01-17 14:25:00+00:00,7.4,12.6,-0.2,3780
USGS-01649190,2024-01-17 14:30:00+00:00,7.4,10.5,-0.2,3780
USGS-01649190,2024-01-17 14:35:00+00:00,7.4,10.5,-0.2,3760
USGS-01649190,2024-01-17 14:40:00+00:00,7.4,16.3,-0.2,3760
USGS-01649190,2024-01-17 14:45:00+00:00,7.4,12.3,-0.2,3730
USGS-01649190,2024-01-17 14:50:00+00:00,7.4,10.2,-0.1,3720
USGS-01649190,2024-01-17 14:55:00+00:00,7.4,11.0,-0.1,3710
USGS-01649190,2024-01-17 15:00:00+00:00,7.4,10.8,-0.1,3680
USGS-01649190,2024-01-17 15:05:00+00:00,7.4,18.7,-0.1,3670
USGS-01649190,2024-01-17 15:10:00+00:00,7.4,19.5,-0.1,3660
USGS-01649190,2024-01-17 15:15:00+00:00,7.4,11.5,-0.1,3660
USGS-01649190,2024-01-17 15:20:00+00:00,7.4,14.2,-0.1,3630
USGS-01649190,2024-01-17 15:25:00+00:00,7.4,14.6,-0.1,3600
USGS-01649190,2024-01-17 15:30:00+00:00,7.4,18.5,-0.1,3600
USGS-01649190,2024-01-17 15:35:00+00:00,7.4,12.0,-0.1,3560
USGS-01649190,2024-01-17 15:40:00+00:00,7.4,24.4,-0.1,3560
USGS-01649190,2024-01-17 15:45:00+00:00,7.4,11.8,-0.1,3540
USGS-01649190,2024-01-17 15:50:00+00:00,7.4,13.4,-0.1,3520
USGS-01649190,2024-01-17 15:55:00+00:00,7.4,18.7,-0.1,3510
USGS-01649190,2024-01-17 16:00:00+00:00,7.4,12.9,-0.0,3490
USGS-01649190,2024-01-17 16:05:00+00:00,7.4,11.3,-0.0,3460
USGS-01649190,2024-01-17 16:10:00+00:00,7.4,12.6,-0.0,3450
USGS-01649190,2024-01-17 16:15:00+00:00,7.4,20.1,0.0,3410
USGS-01649190,2024-01-17 16:20:00+00:00,7.4,14.6,0.0,3400
USGS-01649190,2024-01-17 16:25:00+00:00,7.4,11.0,0.0,3410
USGS-01649190,2024-01-17 16:30:00+00:00,7.4,11.4,0.1,3360
USGS-01649190,2024-01-17 16:35:00+00:00,7.4,11.8,0.1,3360
USGS-01649190,2024-01-17 16:40:00+00:00,7.4,11.2,0.1,3340
USGS-01649190,2024-01-17 16:45:00+00:00,7.4,10.9,0.1,3310
USGS-01649190,2024-01-17 16:50:00+00:00,7.4,11.9,0.1,3300
USGS-01649190,2024-01-17 16:55:00+00:00,7.4,12.4,0.2,3290
USGS-01649190,2024-01-17 17:00:00+00:00,7.4,11.9,0.2,3260
USGS-01649190,2024-01-17 17:05:00+00:00,7.4,13.2,0.2,3240
USGS-01649190,2024-01-17 17:10:00+00:00,7.4,13.2,0.2,3230
USGS-01649190,2024-01-17 17:15:00+00:00,7.4,11.4,0.2,3230
USGS-01649190,2024-01-17 17:20:00+00:00,7.4,10.5,0.2,3200
USGS-01649190,2024-01-17 17:25:00+00:00,7.4,11.9,0.2,3180
USGS-01649190,2024-01-17 17:30:00+00:00,7.4,12.3,0.2,3180
USGS-01649190,2024-01-17 17:35:00+00:00,7.4,11.6,0.2,3130
USGS-01649190,2024-01-17 17:40:00+00:00,7.4,11.4,0.2,3130
USGS-01649190,2024-01-17 17:45:00+00:00,7.4,12.0,0.3,3130
USGS-01649190,2024-01-17 17:50:00+00:00,7.4,11.6,0.3,3090
USGS-01649190,2024-01-17 17:55:00+00:00,7.4,13.4,0.3,3100
USGS-01649190,2024-01-17 18:00:00+00:00,7.4,13.2,0.3,3060
USGS-01649190,2024-01-17 18:05:00+00:00,7.4,12.6,0.3,3040
USGS-01649190,2024-01-17 18:10:00+00:00,7.4,11.3,0.3,3040
USGS-01649190,2024-01-17 18:15:00+00:00,7.4,12.4,0.3,3030
USGS-01649190,2024-01-17 18:20:00+00:00,7.5,12.6,0.3,3000
USGS-01649190,2024-01-17 18:25:00+00:00,7.5,12.1,0.3,2980
USGS-01649190,2024-01-17 18:30:00+00:00,7.5,13.7,0.3,2980
USGS-01649190,2024-01-17 18:35:00+00:00,7.5,13.3,0.3,2950
USGS-01649190,2024-01-17 18:40:00+00:00,7.5,13.4,0.3,2950
USGS-01649190,2024-01-17 18:45:00+00:00,7.5,13.9,0.3,2910
USGS-01649190,2024-01-17 18:50:00+00:00,7.5,13.8,0.3,2910
USGS-01649190,2024-01-17 18:55:00+00:00,7.5,14.8,0.3,2890
USGS-01649190,2024-01-17 19:00:00+00:00,7.5,11.2,0.3,2870
USGS-01649190,2024-01-17 19:05:00+00:00,7.5,14.1,0.3,2860
USGS-01649190,2024-01-17 19:10:00+00:00,7.5,14.2,0.3,2850
USGS-01649190,2024-01-17 19:15:00+00:00,7.5,21.0,0.3,2830
USGS-01649190,2024-01-17 19:20:00+00:00,7.5,15.4,0.3,2800
USGS-01649190,2024-01-17 19:25:00+00:00,7.5,15.5,0.3,2780
USGS-01649190,2024-01-17 19:30:00+00:00,7.5,12.2,0.3,2780
USGS-01649190,2024-01-17 19:35:00+00:00,7.5,17.3,0.3,2770
USGS-01649190,2024-01-17 19:40:00+00:00,7.5,14.4,0.3,2740
USGS-01649190,2024-01-17 19:45:00+00:00,7.5,18.7,0.3,2730
USGS-01649190,2024-01-17 19:50:00+00:00,7.5,15.2,0.3,2710
USGS-01649190,2024-01-17 19:55:00+00:00,7.5,12.7,0.3,2690
USGS-01649190,2024-01-17 20:00:00+00:00,7.5,14.4,0.3,2670
USGS-01649190,2024-01-17 20:05:00+00:00,7.5,13.0,0.3,2680
USGS-01649190,2024-01-17 20:10:00+00:00,7.5,12.3,0.3,2640
USGS-01649190,2024-01-17 20:15:00+00:00,7.5,14.6,0.3,2630
USGS-01649190,2024-01-17 20:20:00+00:00,7.5,27.9,0.3,2620
USGS-01649190,2024-01-17 20:25:00+00:00,7.5,15.1,0.3,2600
USGS-01649190,2024-01-17 20:30:00+00:00,7.5,13.7,0.3,2590
USGS-01649190,2024-01-17 20:35:00+00:00,7.5,17.3,0.3,2580
USGS-01649190,2024-01-17 20:40:00+00:00,7.5,14.5,0.3,2550
USGS-01649190,2024-01-17 20:45:00+00:00,7.5,14.2,0.3,2550
USGS-01649190,2024-01-17 20:50:00+00:00,7.5,16.1,0.3,2530
USGS-01649190,2024-01-18 13:10:00+00:00,7.4,3.7,-0.1,1910
USGS-01649190,2024-01-18 13:15:00+00:00,7.4,4.6,-0.1,1910
USGS-01649190,2024-01-18 13:20:00+00:00,7.4,16.2,-0.1,1920
USGS-01649190,2024-01-18 13:25:00+00:00,7.4,9.8,-0.1,1920
USGS-01649190,2024-01-18 13:30:00+00:00,7.4,9.8,-0.1,1920
USGS-01649190,2024-01-18 13:35:00+00:00,7.4,17.5,-0.1,1920
USGS-01649190,2024-01-18 13:55:00+00:00,7.4,12.8,-0.1,1920
USGS-01649190,2024-01-18 14:00:00+00:00,7.4,10.2,-0.1,1920
USGS-01649190,2024-01-18 14:05:00+00:00,7.4,9.5,-0.1,1920
USGS-01649190,2024-01-18 14:10:00+00:00,7.4,9.8,-0.1,1920
USGS-01649190,2024-01-18 14:15:00+00:00,7.4,9.7,-0.1,1920
USGS-01649190,2024-01-18 14:20:00+00:00,7.4,8.4,-0.1,1920
USGS-01649190,2024-01-18 14:25:00+00:00,7.4,7.9,-0.1,1920
USGS-01649190,2024-01-18 14:30:00+00:00,7.4,8.4,-0.1,1920
USGS-01649190,2024-01-18 14:35:00+00:00,7.4,8.3,-0.1,1920
USGS-01649190,2024-01-18 14:40:00+00:00,7.4,16.3,-0.1,1920
USGS-01649190,2024-01-18 14:45:00+00:00,7.4,15.3,-0.1,1920
USGS-01649190,2024-01-18 14:50:00+00:00,7.4,8.8,-0.1,1920
USGS-01649190,2024-01-18 14:55:00+00:00,7.4,9.1,-0.1,1920
USGS-01649190,2024-01-18 15:00:00+00:00,7.4,8.4,-0.0,1920
USGS-01649190,2024-01-18 15:05:00+00:00,7.4,11.8,-0.0,1920
USGS-01649190,2024-01-18 15:10:00+00:00,7.4,9.8,-0.0,1920
USGS-01649190,2024-01-18 15:15:00+00:00,7.4,13.3,-0.0,1920
USGS-01649190,2024-01-18 15:20:00+00:00,7.4,16.3,-0.0,1920
USGS-01649190,2024-01-18 15:25:00+00:00,7.4,18.0,-0.0,1920
USGS-01649190,2024-01-18 15:30:00+00:00,7.4,15.6,-0.0,1920
USGS-01649190,2024-01-18 15:35:00+00:00,7.4,16.2,0.0,1920
USGS-01649190,2024-01-18 15:40:00+00:00,7.4,15.3,0.0,1920
USGS-01649190,2024-01-18 15:45:00+00:00,7.4,11.3,0.0,1920
USGS-01649190,2024-01-18 15:50:00+00:00,7.4,20.5,0.0,1920
USGS-01649190,2024-01-18 15:55:00+00:00,7.4,18.5,0.0,1920
USGS-01649190,2024-01-18 16:00:00+00:00,7.4,11.5,0.0,1920
USGS-01649190,2024-01-18 16:05:00+00:00,7.4,11.6,0.0,1920
USGS-01649190,2024-01-18 16:10:00+00:00,7.4,14.1,0.1,1920
USGS-01649190,2024-01-18 16:15:00+00:00,7.4,14.7,0.1,1920
USGS-01649190,2024-01-18 16:20:00+00:00,7.4,15.5,0.1,1920
USGS-01649190,2024-01-18 16:25:00+00:00,7.4,15.9,0.1,1920
USGS-01649190,2024-01-18 16:30:00+00:00,7.4,16.4,0.1,1920
USGS-01649190,2024-01-18 16:35:00+00:00,7.4,13.3,0.1,1920
USGS-01649190,2024-01-18 16:40:00+00:00,7.4,13.0,0.1,1920
USGS-01649190,2024-01-18 16:45:00+00:00,7.4,13.2,0.1,1920
USGS-01649190,2024-01-18 16:50:00+00:00,7.4,14.3,0.1,1910
USGS-01649190,2024-01-18 16:55:00+00:00,7.4,13.2,0.2,1910
USGS-01649190,2024-01-18 17:00:00+00:00,7.4,10.1,0.2,1910
USGS-01649190,2024-01-18 17:05:00+00:00,7.4,12.0,0.2,1910
USGS-01649190,2024-01-18 17:10:00+00:00,7.4,13.9,0.2,1910
USGS-01649190,2024-01-18 17:15:00+00:00,7.4,12.4,0.2,1910
USGS-01649190,2024-01-18 17:20:00+00:00,7.4,12.0,0.2,1910
USGS-01649190,2024-01-18 17:25:00+00:00,7.4,12.5,0.2,1910
USGS-01649190,2024-01-18 17:30:00+00:00,7.4,12.4,0.2,1910
USGS-01649190,2024-01-18 17:35:00+00:00,7.4,13.0,0.2,1910
USGS-01649190,2024-01-18 17:40:00+00:00,7.4,13.7,0.2,1910
USGS-01649190,2024-01-18 17:45:00+00:00,7.4,10.6,0.2,1910
USGS-01649190,2024-01-18 17:50:00+00:00,7.4,10.8,0.2,1910
USGS-01649190,2024-01-18 17:55:00+00:00,7.4,12.0,0.3,1910
USGS-01649190,2024-01-18 18:00:00+00:00,7.4,12.6,0.3,1910
USGS-01649190,2024-01-18 18:05:00+00:00,7.4,11.9,0.3,1910
USGS-01649190,2024-01-18 18:10:00+00:00,7.4,12.4,0.3,1910
USGS-01649190,2024-01-18 18:15:00+00:00,7.4,11.3,0.3,1910
USGS-01649190,2024-01-18 18:20:00+00:00,7.4,11.6,0.3,1910
USGS-01649190,2024-01-18 18:25:00+00:00,7.4,11.6,0.3,1900
USGS-01649190,2024-01-18 18:30:00+00:00,7.4,11.4,0.3,1900
USGS-01649190,2024-01-18 18:35:00+00:00,7.4,11.3,0.4,1900
USGS-01649190,2024-01-18 18:40:00+00:00,7.4,11.1,0.4,1900
USGS-01649190,2024-01-18 18:45:00+00:00,7.4,11.6,0.4,1900
USGS-01649190,2024-01-18 18:50:00+00:00,7.4,11.3,0.4,1900
USGS-01649190,2024-01-18 18:55:00+00:00,7.4,11.4,0.4,1890
USGS-01649190,2024-01-18 19:00:00+00:00,7.4,11.0,0.4,1890
USGS-01649190,2024-01-18 19:05:00+00:00,7.4,11.0,0.4,1890
USGS-01649190,2024-01-18 19:10:00+00:00,7.4,11.3,0.4,1890
USGS-01649190,2024-01-18 19:15:00+00:00,7.4,10.8,0.4,1880
USGS-01649190,2024-01-18 19:20:00+00:00,7.4,11.4,0.4,1880
USGS-01649190,2024-01-18 19:25:00+00:00,7.4,10.5,0.5,1880
USGS-01649190,2024-01-18 19:30:00+00:00,7.4,11.4,0.5,1870
USGS-01649190,2024-01-18 19:35:00+00:00,7.4,11.9,0.5,1870
USGS-01649190,2024-01-18 19:40:00+00:00,7.4,10.8,0.5,1860
USGS-01649190,2024-01-18 19:45:00+00:00,7.4,11.6,0.5,1860
USGS-01649190,2024-01-18 19:50:00+00:00,7.4,11.2,0.5,1860
USGS-01649190,2024-01-18 19:55:00+00:00,7.4,11.4,0.5,1850
USGS-01649190,2024-01-18 20:00:00+00:00,7.4,10.7,0.5,1850
USGS-01649190,2024-01-18 20:05:00+00:00,7.4,11.7,0.5,1840
USGS-01649190,2024-01-18 20:10:00+00:00,7.4,10.9,0.5,1840
USGS-01649190,2024-01-18 20:15:00+00:00,7.4,10.0,0.5,1830
USGS-01649190,2024-01-18 20:20:00+00:00,7.4,10.6,0.5,1820
USGS-01649190,2024-01-18 20:25:00+00:00,7.4,10.8,0.5,1820
USGS-01649190,2024-01-18 20:30:00+00:00,7.4,10.5,0.5,1810
USGS-01649190,2024-01-18 20:35:00+00:00,7.4,11.1,0.5,1810
USGS-01649190,2024-01-18 20:40:00+00:00,7.4,11.4,0.5,1800
USGS-01649190,2024-01-18 20:45:00+00:00,7.4,10.1,0.5,1790
USGS-01649190,2024-01-18 20:50:00+00:00,7.4,10.5,0.6,1790
USGS-01649190,2024-01-18 20:55:00+00:00,7.4,10.6,0.5,1780
USGS-01649190,2024-01-18 21:00:00+00:00,7.4,10.4,0.6,1780
USGS-01649190,2024-01-18 21:05:00+00:00,7.4,10.9,0.6,1770
USGS-01649190,2024-01-18 21:10:00+00:00,7.4,9.6,0.6,1760
USGS-01649190,2024-01-18 21:15:00+00:00,7.4,10.4,0.6,1750
USGS-01649190,2024-01-18 21:20:00+00:00,7.4,10.2,0.6,1750
USGS-01649190,2024-01-18 21:25:00+00:00,7.4,10.1,0.6,1740
USGS-01649190,2024-01-18 21:30:00+00:00,7.4,9.7,0.6,1730
USGS-01649190,2024-01-18 21:35:00+00:00,7.4,9.8,0.6,1730
USGS-01649190,2024-01-18 21:40:00+00:00,7.5,9.9,0.6,1720
USGS-01649190,2024-01-18 21:45:00+00:00,7.4,9.7,0.6,1710
USGS-01649190,2024-01-18 21:50:00+00:00,7.4,9.8,0.6,1700
USGS-01649190,2024-01-18 21:55:00+00:00,7.4,10.0,0.6,1690
USGS-01649190,2024-01-18 22:00:00+00:00,7.5,9.2,0.6,1690
USGS-01649190,2024-01-18 22:05:00+00:00,7.5,9.6,0.6,1680
USGS-01649190,2024-01-18 22:10:00+00:00,7.4,11.5,0.6,1670
USGS-01649190,2024-01-18 22:15:00+00:00,7.4,11.2,0.6,1660
USGS-01649190,2024-01-18 22:20:00+00:00,7.5,10.8,0.6,1650
USGS-01649190,2024-01-18 22:25:00+00:00,7.5,9.1,0.6,1650
USGS-01649190,2024-01-18 22:30:00+00:00,7.5,9.6,0.6,1640
USGS-01649190,2024-01-18 22:35:00+00:00,7.5,9.4,0.6,1630
USGS-01649190,2024-01-18 22:40:00+00:00,7.5,8.2,0.6,1630
USGS-01649190,2024-01-18 22:45:00+00:00,7.5,9.5,0.6,1610
USGS-01649190,2024-01-18 22:50:00+00:00,7.5,9.2,0.6,1600
USGS-01649190,2024-01-18 22:55:00+00:00,7.5,9.3,0.6,1600
USGS-01649190,2024-01-18 23:00:00+00:00,7.5,8.7,0.6,1590
USGS-01649190,2024-01-18 23:05:00+00:00,7.5,9.0,0.6,1590
USGS-01649190,2024-01-18 23:10:00+00:00,7.5,8.5,0.6,1570
USGS-01649190,2024-01-18 23:15:00+00:00,7.5,9.0,0.6,1570
USGS-01649190,2024-01-18 23:20:00+00:00,7.5,9.5,0.6,1550
USGS-01649190,2024-01-18 23:25:00+00:00,7.5,9.2,0.6,1540
USGS-01649190,2024-01-18 23:30:00+00:00,7.5,8.5,0.6,1540
USGS-01649190,2024-01-18 23:35:00+00:00,7.4,8.8,0.6,1530
USGS-01649190,2024-01-18 23:40:00+00:00,7.4,7.4,0.6,1530
USGS-01649190,2024-01-18 23:45:00+00:00,7.5,9.2,0.6,1520
USGS-01649190,2024-01-18 23:50:00+00:00,7.5,8.4,0.6,1510
USGS-01649190,2024-01-18 23:55:00+00:00,7.5,8.4,0.6,1500
USGS-01649190,2024-01-19 00:00:00+00:00,7.5,8.5,0.6,1490
USGS-01649190,2024-01-19 00:05:00+00:00,7.5,8.3,0.6,1480
USGS-01649190,2024-01-19 00:10:00+00:00,7.4,8.7,0.6,1490
USGS-01649190,2024-01-19 00:15:00+00:00,7.5,8.3,0.6,1480
USGS-01649190,2024-01-19 00:20:00+00:00,7.4,8.4,0.6,1470
USGS-01649190,2024-01-19 00:25:00+00:00,7.5,8.9,0.6,1460
USGS-01649190,2024-01-19 00:30:00+00:00,7.4,8.5,0.6,1450
USGS-01649190,2024-01-19 00:35:00+00:00,7.5,8.4,0.6,1450
USGS-01649190,2024-01-19 00:40:00+00:00,7.4,8.6,0.6,1440
USGS-01649190,2024-01-19 00:45:00+00:00,7.5,8.4,0.6,1440
USGS-01649190,2024-01-19 00:50:00+00:00,7.5,9.0,0.6,1430
USGS-01649190,2024-01-19 00:55:00+00:00,7.5,8.9,0.6,1430
USGS-01649190,2024-01-19 01:00:00+00:00,7.4,8.9,0.6,1420
USGS-01649190,2024-01-19 01:05:00+00:00,7.4,11.7,0.6,1410
USGS-01649190,2024-01-19 01:10:00+00:00,7.4,9.3,0.7,1410
USGS-01649190,2024-01-19 01:15:00+00:00,7.4,8.5,0.6,1410
USGS-01649190,2024-01-19 01:20:00+00:00,7.4,8.9,0.7,1400
USGS-01649190,2024-01-19 01:25:00+00:00,7.4,9.1,0.7,1390
USGS-01649190,2024-01-19 01:30:00+00:00,7.4,9.2,0.7,1390
USGS-01649190,2024-01-19 01:35:00+00:00,7.4,9.4,0.7,1380
USGS-01649190,2024-01-19 01:40:00+00:00,7.4,7.6,0.7,1380
USGS-01649190,2024-01-19 01:45:00+00:00,7.4,8.9,0.7,1370
USGS-01649190,2024-01-19 01:50:00+00:00,7.4,8.2,0.7,1370
USGS-01649190,2024-01-19 01:55:00+00:00,7.4,9.2,0.7,1370
USGS-01649190,2024-01-19 02:00:00+00:00,7.4,9.3,0.7,1360
USGS-01649190,2024-01-19 02:05:00+00:00,7.4,9.2,0.7,1360
USGS-01649190,2024-01-19 02:10:00+00:00,7.4,9.4,0.7,1350
USGS-01649190,2024-01-19 02:15:00+00:00,7.4,9.4,0.7,1350
USGS-01649190,2024-01-19 02:20:00+00:00,7.4,8.8,0.7,1350
USGS-01649190,2024-01-19 02:25:00+00:00,7.4,9.2,0.7,1340
USGS-01649190,2024-01-19 02:30:00+00:00,7.4,8.9,0.7,1340
USGS-01649190,2024-01-19 02:35:00+00:00,7.4,8.8,0.7,1340
USGS-01649190,2024-01-19 02:40:00+00:00,7.4,9.0,0.7,1330
USGS-01649190,2024-01-19 02:45:00+00:00,7.4,9.2,0.7,1330
USGS-01649190,2024-01-19 02:50:00+00:00,7.4,9.1,0.7,1320
USGS-01649190,2024-01-19 02:55:00+00:00,7.4,9.0,0.7,1320
USGS-01649190,2024-01-19 03:00:00+00:00,7.4,8.9,0.7,1320
USGS-01649190,2024-01-19 03:05:00+00:00,7.4,9.0,0.7,1320
USGS-01649190,2024-01-19 03:10:00+00:00,7.4,8.9,0.7,1310
USGS-01649190,2024-01-19 03:15:00+00:00,7.4,9.0,0.7,1310
USGS-01649190,2024-01-19 03:20:00+00:00,7.4,8.8,0.7,1300
USGS-01649190,2024-01-19 03:25:00+00:00,7.4,8.8,0.7,1300
USGS-01649190,2024-01-19 03:30:00+00:00,7.4,8.7,0.7,1300
USGS-01649190,2024-01-19 03:35:00+00:00,7.4,8.4,0.7,1300
USGS-01649190,2024-01-19 03:40:00+00:00,7.4,9.0,0.7,1300
USGS-01649190,2024-01-19 03:45:00+00:00,7.4,8.8,0.7,1290
USGS-01649190,2024-01-19 03:50:00+00:00,7.4,8.8,0.7,1290
USGS-01649190,2024-01-19 03:55:00+00:00,7.4,8.6,0.7,1290
USGS-01649190,2024-01-19 04:00:00+00:00,7.4,8.9,0.7,1280
USGS-01649190,2024-01-19 04:05:00+00:00,7.4,8.9,0.7,1280
USGS-01649190,2024-01-19 04:10:00+00:00,7.4,8.7,0.7,1280
USGS-01649190,2024-01-19 04:15:00+00:00,7.4,8.3,0.7,1270
USGS-01649190,2024-01-19 04:20:00+00:00,7.4,9.0,0.7,1270
USGS-01649190,2024-01-19 04:25:00+00:00,7.4,9.0,0.7,1270
USGS-01649190,2024-01-19 04:30:00+00:00,7.4,9.2,0.7,1270
USGS-01649190,2024-01-19 04:35:00+00:00,7.4,9.0,0.7,1260
USGS-01649190,2024-01-19 04:40:00+00:00,7.4,8.8,0.7,1260
USGS-01649190,2024-01-19 04:45:00+00:00,7.4,9.0,0.7,1260
USGS-01649190,2024-01-19 04:50:00+00:00,7.4,9.0,0.7,1260
USGS-01649190,2024-01-19 04:55:00+00:00,7.4,9.2,0.7,1250
USGS-01649190,2024-01-19 05:00:00+00:00,7.4,9.2,0.8,1250
USGS-01649190,2024-01-19 05:05:00+00:00,7.4,8.9,0.7,1250
USGS-01649190,2024-01-19 05:10:00+00:00,7.4,9.4,0.8,1250
USGS-01649190,2024-01-19 05:15:00+00:00,7.4,8.8,0.8,1240
USGS-01649190,2024-01-19 05:20:00+00:00,7.4,9.0,0.8,1240
USGS-01649190,2024-01-19 05:25:00+00:00,7.4,9.2,0.8,1240
USGS-01649190,2024-01-19 05:30:00+00:00,7.4,9.4,0.8,1240
USGS-01649190,2024-01-19 05:35:00+00:00,7.4,8.9,0.8,1240
USGS-01649190,2024-01-19 05:40:00+00:00,7.4,8.8,0.8,1230
USGS-01649190,2024-01-19 05:45:00+00:00,7.4,9.2,0.8,1230
USGS-01649190,2024-01-19 05:50:00+00:00,7.4,8.7,0.8,1230
USGS-01649190,2024-01-19 05:55:00+00:00,7.4,8.7,0.8,1230
USGS-01649190,2024-01-19 06:00:00+00:00,7.4,9.1,0.8,1220
USGS-01649190,2024-01-19 06:05:00+00:00,7.4,8.9,0.8,1220
USGS-01649190,2024-01-19 06:10:00+00:00,7.4,8.4,0.8,1220
USGS-01649190,2024-01-19 06:15:00+00:00,7.4,9.1,0.8,1220
USGS-01649190,2024-01-19 06:20:00+00:00,7.4,8.9,0.8,1220
USGS-01649190,2024-01-19 06:25:00+00:00,7.4,9.0,0.8,1210
USGS-01649190,2024-01-19 06:30:00+00:00,7.4,8.3,0.8,1210
USGS-01649190,2024-01-19 06:35:00+00:00,7.4,8.8,0.8,1210
USGS-01649190,2024-01-19 06:40:00+00:00,7.4,9.2,0.8,1210
USGS-01649190,2024-01-19 06:45:00+00:00,7.4,8.8,0.8,1210
USGS-01649190,2024-01-19 06:50:00+00:00,7.4,8.6,0.8,1200
USGS-01649190,2024-01-19 06:55:00+00:00,7.4,8.7,0.8,1200
USGS-01649190,2024-01-19 07:00:00+00:00,7.4,9.1,0.8,1200
USGS-01649190,2024-01-19 07:05:00+00:00,7.4,8.7,0.8,1200
USGS-01649190,2024-01-19 07:10:00+00:00,7.4,8.2,0.8,1200
USGS-01649190,2024-01-19 07:15:00+00:00,7.4,8.6,0.8,1200
USGS-01649190,2024-01-19 07:20:00+00:00,7.4,9.3,0.8,1190
USGS-01649190,2024-01-19 07:25:00+00:00,7.4,8.0,0.8,1190
USGS-01649190,2024-01-19 07:30:00+00:00,7.4,8.9,0.8,1190
USGS-01649190,2024-01-19 07:35:00+00:00,7.4,9.0,0.8,1190
USGS-01649190,2024-01-19 07:40:00+00:00,7.4,7.9,0.8,1190
USGS-01649190,2024-01-19 07:45:00+00:00,7.4,8.3,0.8,1180
USGS-01649190,2024-01-19 07:50:00+00:00,7.4,8.8,0.8,1180
USGS-01649190,2024-01-19 07:55:00+00:00,7.4,8.5,0.8,1180
USGS-01649190,2024-01-19 08:00:00+00:00,7.4,7.8,0.8,1180
USGS-01649190,2024-01-19 08:05:00+00:00,7.4,8.4,0.8,1180
USGS-01649190,2024-01-19 08:10:00+00:00,7.4,8.9,0.8,1180
USGS-01649190,2024-01-19 08:15:00+00:00,7.4,9.0,0.8,1180
USGS-01649190,2024-01-19 08:20:00+00:00,7.4,8.5,0.8,1170
USGS-01649190,2024-01-19 08:25:00+00:00,7.4,8.9,0.8,1170
USGS-01649190,2024-01-19 08:30:00+00:00,7.4,8.9,0.8,1170
USGS-01649190,2024-01-19 08:35:00+00:00,7.4,8.6,0.8,1170
USGS-01649190,2024-01-19 08:40:00+00:00,7.4,8.5,0.8,1170
USGS-01649190,2024-01-19 08:45:00+00:00,7.4,9.5,0.8,1170
USGS-01649190,2024-01-19 08:50:00+00:00,7.4,9.3,0.8,1160
USGS-01649190,2024-01-19 08:55:00+00:00,7.4,9.3,0.8,1160
USGS-01649190,2024-01-19 09:00:00+00:00,7.4,9.3,0.8,1160
USGS-01649190,2024-01-19 09:05:00+00:00,7.4,9.3,0.8,1160
USGS-01649190,2024-01-19 09:10:00+00:00,7.4,9.4,0.8,1160
USGS-01649190,2024-01-19 09:15:00+00:00,7.4,9.2,0.8,1160
USGS-01649190,2024-01-19 09:20:00+00:00,7.4,9.5,0.8,1160
USGS-01649190,2024-01-19 09:25:00+00:00,7.4,9.7,0.8,1150
USGS-01649190,2024-01-19 09:30:00+00:00,7.4,9.6,0.8,1150
USGS-01649190,2024-01-19 09:35:00+00:00,7.4,9.3,0.8,1150
USGS-01649190,2024-01-19 09:40:00+00:00,7.4,9.6,0.7,1150
USGS-01649190,2024-01-19 09:45:00+00:00,7.4,9.7,0.7,1150
USGS-01649190,2024-01-19 09:50:00+00:00,7.4,9.0,0.7,1150
USGS-01649190,2024-01-19 09:55:00+00:00,7.4,9.6,0.7,1150
USGS-01649190,2024-01-19 10:00:00+00:00,7.4,9.5,0.7,1140
USGS-01649190,2024-01-19 10:05:00+00:00,7.4,9.3,0.7,1140
USGS-01649190,2024-01-19 10:10:00+00:00,7.4,9.0,0.6,1140
USGS-01649190,2024-01-19 10:15:00+00:00,7.4,9.4,0.6,1140
USGS-01649190,2024-01-19 10:20:00+00:00,7.4,9.0,0.6,1140
USGS-01649190,2024-01-19 10:25:00+00:00,7.4,9.3,0.6,1140
USGS-01649190,2024-01-19 10:30:00+00:00,7.4,9.6,0.5,1130
USGS-01649190,2024-01-19 10:35:00+00:00,7.4,9.3,0.5,1130
USGS-01649190,2024-01-19 10:40:00+00:00,7.4,9.5,0.5,1130
USGS-01649190,2024-01-19 10:45:00+00:00,7.4,9.4,0.4,1130
USGS-01649190,2024-01-19 10:50:00+00:00,7.4,9.3,0.4,1130
USGS-01649190,2024-01-19 10:55:00+00:00,7.4,8.9,0.4,1130
USGS-01649190,2024-01-19 11:00:00+00:00,7.4,9.4,0.4,1130
USGS-01649190,2024-01-19 11:05:00+00:00,7.4,9.4,0.4,1120
USGS-01649190,2024-01-19 11:10:00+00:00,7.4,9.1,0.3,1120
USGS-01649190,2024-01-19 11:15:00+00:00,7.4,9.2,0.3,1120
USGS-01649190,2024-01-19 11:20:00+00:00,7.4,9.0,0.3,1120
USGS-01649190,2024-01-19 11:25:00+00:00,7.4,9.1,0.3,1120
USGS-01649190,2024-01-19 11:30:00+00:00,7.4,9.5,0.3,1120
USGS-01649190,2024-01-19 11:35:00+00:00,7.4,9.3,0.3,1120
USGS-01649190,2024-01-19 11:40:00+00:00,7.4,9.6,0.3,1120
USGS-01649190,2024-01-19 11:45:00+00:00,7.4,9.2,0.2,1120
USGS-01649190,2024-01-19 11:50:00+00:00,7.4,9.0,0.2,1110
USGS-01649190,2024-01-19 11:55:00+00:00,7.4,8.9,0.2,1110
USGS-01649190,2024-01-19 12:00:00+00:00,7.4,9.2,0.2,1110
USGS-01649190,2024-01-19 12:05:00+00:00,7.4,9.2,0.2,1110
USGS-01649190,2024-01-19 12:10:00+00:00,7.4,9.3,0.2,1110
USGS-01649190,2024-01-19 12:15:00+00:00,7.4,9.0,0.2,1110
USGS-01649190,2024-01-19 12:20:00+00:00,7.4,8.5,0.2,1110
USGS-01649190,2024-01-19 12:25:00+00:00,7.4,9.2,0.2,1110
USGS-01649190,2024-01-19 12:30:00+00:00,7.4,9.0,0.2,1110
USGS-01649190,2024-01-19 12:35:00+00:00,7.4,8.8,0.2,1110
USGS-01649190,2024-01-19 12:40:00+00:00,7.4,8.7,0.2,1110
USGS-01649190,2024-01-19 12:45:00+00:00,7.4,9.1,0.1,1120
USGS-01649190,2024-01-19 12:50:00+00:00,7.4,8.4,0.1,1120
USGS-01649190,2024-01-19 12:55:00+00:00,7.4,7.7,0.1,1120
USGS-01649190,2024-01-19 13:00:00+00:00,7.4,8.0,0.1,1120
USGS-01649190,2024-01-19 13:05:00+00:00,7.4,7.2,0.1,1130
USGS-01649190,2024-01-19 13:10:00+00:00,7.4,7.4,0.1,1130
USGS-01649190,2024-01-19 13:15:00+00:00,7.4,7.2,0.1,1130
USGS-01649190,2024-01-19 13:20:00+00:00,7.4,7.8,0.2,1140
USGS-01649190,2024-01-19 13:25:00+00:00,7.4,7.8,0.2,1140
USGS-01649190,2024-01-19 13:30:00+00:00,7.4,7.7,0.2,1150
USGS-01649190,2024-01-19 13:35:00+00:00,7.4,7.7,0.2,1160
USGS-01649190,2024-01-19 13:40:00+00:00,7.4,6.9,0.2,1170
USGS-01649190,2024-01-19 13:45:00+00:00,7.4,7.3,0.1,1180
USGS-01649190,2024-01-19 13:50:00+00:00,7.4,7.2,0.1,1190
USGS-01649190,2024-01-19 13:55:00+00:00,7.4,7.2,0.1,1190
USGS-01649190,2024-01-19 14:00:00+00:00,7.4,7.2,0.1,1210
USGS-01649190,2024-01-19 14:05:00+00:00,7.4,7.0,0.1,1220
USGS-01649190,2024-01-19 14:10:00+00:00,7.4,7.2,0.1,1220
USGS-01649190,2024-01-19 14:15:00+00:00,7.4,6.7,0.1,1220
USGS-01649190,2024-01-19 14:20:00+00:00,7.4,6.8,0.1,1230
USGS-01649190,2024-01-19 14:25:00+00:00,7.4,6.9,0.1,1230
USGS-01649190,2024-01-19 14:30:00+00:00,7.4,7.4,0.1,1230
USGS-01649190,2024-01-19 14:35:00+00:00,7.4,7.2,0.2,1230
USGS-01649190,2024-01-19 14:40:00+00:00,7.4,6.8,0.2,1220
USGS-01649190,2024-01-19 14:45:00+00:00,7.4,7.2,0.2,1220
USGS-01649190,2024-01-19 14:50:00+00:00,7.4,7.1,0.2,1220
USGS-01649190,2024-01-19 14:55:00+00:00,7.4,7.0,0.2,1210
USGS-01649190,2024-01-19 15:00:00+00:00,7.4,7.2,0.2,1210
USGS-01649190,2024-01-19 15:05:00+00:00,7.4,6.9,0.2,1200
USGS-01649190,2024-01-19 15:10:00+00:00,7.4,7.3,0.2,1200
USGS-01649190,2024-01-19 15:15:00+00:00,7.5,7.3,0.2,1190
USGS-01649190,2024-01-19 15:20:00+00:00,7.4,6.6,0.2,1190
USGS-01649190,2024-01-19 15:25:00+00:00,7.4,6.5,0.2,1190
USGS-01649190,2024-01-19 15:30:00+00:00,7.5,6.5,0.2,1180
USGS-01649190,2024-01-19 15:35:00+00:00,7.5,6.0,0.2,1180
USGS-01649190,2024-01-19 15:40:00+00:00,7.5,6.1,0.2,1180
USGS-01649190,2024-01-19 15:45:00+00:00,7.5,6.2,0.2,1170
USGS-01649190,2024-01-19 15:50:00+00:00,7.5,6.0,0.2,1170
USGS-01649190,2024-01-19 15:55:00+00:00,7.5,5.9,0.2,1170
USGS-01649190,2024-01-19 16:00:00+00:00,7.5,5.8,0.2,1160
USGS-01649190,2024-01-19 16:05:00+00:00,7.5,6.0,0.2,1160
USGS-01649190,2024-01-19 16:10:00+00:00,7.5,5.9,0.2,1160
USGS-01649190,2024-01-19 16:15:00+00:00,7.5,6.4,0.2,1160
USGS-01649190,2024-01-19 16:20:00+00:00,7.5,6.0,0.2,1160
USGS-01649190,2024-01-19 16:25:00+00:00,7.5,5.8,0.2,1150
USGS-01649190,2024-01-19 16:30:00+00:00,7.5,5.5,0.3,1150
USGS-01649190,2024-01-19 16:35:00+00:00,7.5,5.6,0.3,1150
USGS-01649190,2024-01-19 16:40:00+00:00,7.5,5.8,0.3,1150
USGS-01649190,2024-01-19 16:45:00+00:00,7.5,5.7,0.3,1150
USGS-01649190,2024-01-19 16:50:00+00:00,7.5,5.2,0.3,1150
USGS-01649190,2024-01-19 16:55:00+00:00,7.5,5.4,0.3,1150
USGS-01649190,2024-01-19 17:00:00+00:00,7.5,5.6,0.3,1150
USGS-01649190,2024-01-19 17:05:00+00:00,7.5,5.3,0.3,1150
USGS-01649190,2024-01-19 17:10:00+00:00,7.5,5.2,0.4,1150
USGS-01649190,2024-01-19 17:15:00+00:00,7.5,5.2,0.4,1160
USGS-01649190,2024-01-19 17:20:00+00:00,7.5,5.2,0.4,1160
USGS-01649190,2024-01-19 17:25:00+00:00,7.5,5.3,0.4,1170
USGS-01649190,2024-01-19 17:30:00+00:00,7.5,5.2,0.4,1180
USGS-01649190,2024-01-19 17:35:00+00:00,7.5,5.3,0.4,1180
USGS-01649190,2024-01-19 17:40:00+00:00,7.5,5.3,0.4,1200
USGS-01649190,2024-01-19 17:45:00+00:00,7.5,5.4,0.4,1200
USGS-01649190,2024-01-19 17:50:00+00:00,7.5,5.4,0.5,1220
USGS-01649190,2024-01-19 17:55:00+00:00,7.5,5.4,0.5,1220
USGS-01649190,2024-01-19 18:00:00+00:00,7.5,5.2,0.5,1230
USGS-01649190,2024-01-19 18:05:00+00:00,7.5,5.2,0.5,1250
USGS-01649190,2024-01-19 18:10:00+00:00,7.5,5.4,0.5,1260
USGS-01649190,2024-01-19 18:15:00+00:00,7.5,5.2,0.5,1280
USGS-01649190,2024-01-19 18:20:00+00:00,7.5,5.2,0.5,1280
USGS-01649190,2024-01-19 18:25:00+00:00,7.5,5.2,0.5,1290
USGS-01649190,2024-01-19 18:30:00+00:00,7.5,5.3,0.5,1310
USGS-01649190,2024-01-19 18:35:00+00:00,7.5,5.3,0.6,1330
USGS-01649190,2024-01-19 18:40:00+00:00,7.5,5.3,0.6,1330
USGS-01649190,2024-01-19 18:45:00+00:00,7.5,5.2,0.6,1350
USGS-01649190,2024-01-19 18:50:00+00:00,7.5,5.4,0.6,1350
USGS-01649190,2024-01-19 18:55:00+00:00,7.5,5.3,0.6,1390
USGS-01649190,2024-01-19 19:00:00+00:00,7.5,5.3,0.6,1390
USGS-01649190,2024-01-19 19:05:00+00:00,7.5,5.3,0.6,1400
USGS-01649190,2024-01-19 19:10:00+00:00,7.5,5.3,0.7,1420
USGS-01649190,2024-01-19 19:15:00+00:00,7.5,5.3,0.7,1430
USGS-01649190,2024-01-19 19:20:00+00:00,7.5,5.3,0.7,1440
USGS-01649190,2024-01-19 19:25:00+00:00,7.5,5.3,0.7,1460
USGS-01649190,2024-01-19 19:30:00+00:00,7.5,5.4,0.7,1460
USGS-01649190,2024-01-19 19:35:00+00:00,7.5,5.3,0.7,1480
USGS-01649190,2024-01-19 19:40:00+00:00,7.5,5.4,0.8,1470
USGS-01649190,2024-01-19 19:45:00+00:00,7.5,5.3,0.8,1480
USGS-01649190,2024-01-19 19:50:00+00:00,7.5,5.3,0.8,1490
USGS-01649190,2024-01-19 19:55:00+00:00,7.5,5.3,0.8,1490
USGS-01649190,2024-01-19 20:00:00+00:00,7.5,5.2,0.8,1490
USGS-01649190,2024-01-19 20:05:00+00:00,7.5,5.4,0.8,1490
USGS-01649190,2024-01-19 20:10:00+00:00,7.5,5.3,0.8,1490
USGS-01649190,2024-01-19 20:15:00+00:00,7.5,5.3,0.8,1480
USGS-01649190,2024-01-19 20:20:00+00:00,7.5,5.2,0.9,1480
USGS-01649190,2024-01-19 20:25:00+00:00,7.5,5.1,0.9,1480
USGS-01649190,2024-01-19 20:30:00+00:00,7.5,5.2,0.9,1470
USGS-01649190,2024-01-19 20:35:00+00:00,7.5,5.2,0.9,1470
USGS-01649190,2024-01-19 20:40:00+00:00,7.5,5.2,0.9,1460
USGS-01649190,2024-01-19 20:45:00+00:00,7.5,5.1,0.9,1460
USGS-01649190,2024-01-19 20:50:00+00:00,7.5,5.1,0.9,1450
USGS-01649190,2024-01-19 20:55:00+00:00,7.5,5.0,0.9,1450
USGS-01649190,2024-01-19 21:00:00+00:00,7.5,4.9,0.9,1450
USGS-01649190,2024-01-19 21:05:00+00:00,7.5,5.0,0.9,1450
USGS-01649190,2024-01-19 21:10:00+00:00,7.5,5.1,0.9,1460
USGS-01649190,2024-01-19 21:15:00+00:00,7.5,4.6,0.9,1460
USGS-01649190,2024-01-19 21:20:00+00:00,7.5,4.6,1.0,1480
USGS-01649190,2024-01-19 21:25:00+00:00,7.5,4.7,1.0,1490
USGS-01649190,2024-01-19 21:30:00+00:00,7.5,4.6,1.0,1500
USGS-01649190,2024-01-19 21:35:00+00:00,7.5,4.7,1.0,1520
USGS-01649190,2024-01-19 21:40:00+00:00,7.5,4.5,1.0,1520
USGS-01649190,2024-01-19 21:45:00+00:00,7.5,4.5,1.0,1550
USGS-01649190,2024-01-19 21:50:00+00:00,7.5,4.5,1.0,1570
USGS-01649190,2024-01-19 21:55:00+00:00,7.5,4.6,1.0,1570
USGS-01649190,2024-01-19 22:00:00+00:00,7.5,4.6,1.0,1590
USGS-01649190,2024-01-19 22:05:00+00:00,7.5,4.5,1.0,1610
USGS-01649190,2024-01-19 22:10:00+00:00,7.5,4.5,1.0,1630
USGS-01649190,2024-01-19 22:15:00+00:00,7.5,4.5,1.0,1650
USGS-01649190,2024-01-19 22:20:00+00:00,7.5,4.5,1.0,1680
USGS-01649190,2024-01-19 22:25:00+00:00,7.5,4.5,1.0,1710
USGS-01649190,2024-01-19 22:30:00+00:00,7.5,4.5,1.0,1730
USGS-01649190,2024-01-19 22:35:00+00:00,7.5,4.5,1.0,1750
USGS-01649190,2024-01-19 22:40:00+00:00,7.5,4.6,1.0,1790
USGS-01649190,2024-01-19 22:45:00+00:00,7.5,4.6,1.0,1820
USGS-01649190,2024-01-19 22:50:00+00:00,7.5,4.7,1.0,1860
USGS-01649190,2024-01-19 22:55:00+00:00,7.5,4.7,1.0,1890
USGS-01649190,2024-01-19 23:00:00+00:00,7.5,4.7,1.0,1930
USGS-01649190,2024-01-19 23:05:00+00:00,7.5,4.4,1.0,2000
USGS-01649190,2024-01-19 23:10:00+00:00,7.5,4.5,1.0,1990
USGS-01649190,2024-01-19 23:15:00+00:00,7.4,4.4,1.0,2100
USGS-01649190,2024-01-19 23:20:00+00:00,7.5,4.5,1.0,2140
USGS-01649190,2024-01-19 23:25:00+00:00,7.4,4.4,1.0,2220
USGS-01649190,2024-01-19 23:30:00+00:00,7.4,4.5,1.0,2240
USGS-01649190,2024-01-19 23:35:00+00:00,7.4,4.4,1.0,2340
USGS-01649190,2024-01-19 23:40:00+00:00,7.4,4.5,1.0,2400
USGS-01649190,2024-01-19 23:45:00+00:00,7.4,4.5,1.0,2470
USGS-01649190,2024-01-19 23:50:00+00:00,7.4,4.6,1.0,2540
USGS-01649190,2024-01-19 23:55:00+00:00,7.4,4.6,1.0,2640
USGS-01649190,2024-01-20 00:00:00+00:00,7.4,4.5,1.0,2700
USGS-01649190,2024-01-20 00:05:00+00:00,7.4,4.6,1.0,2800
USGS-01649190,2024-01-20 00:10:00+00:00,7.4,4.6,1.0,2840
USGS-01649190,2024-01-20 00:15:00+00:00,7.4,4.7,1.0,2930
USGS-01649190,2024-01-20 00:20:00+00:00,7.4,4.7,1.0,2990
USGS-01649190,2024-01-20 00:25:00+00:00,7.4,4.7,1.0,3100
USGS-01649190,2024-01-20 00:30:00+00:00,7.4,4.8,1.0,3120
USGS-01649190,2024-01-20 00:35:00+00:00,7.4,4.8,1.0,3200
USGS-01649190,2024-01-20 00:40:00+00:00,7.4,4.9,1.0,3310
USGS-01649190,2024-01-20 00:45:00+00:00,7.4,5.0,1.0,3350
USGS-01649190,2024-01-20 00:50:00+00:00,7.4,5.0,1.0,3410
USGS-01649190,2024-01-20 00:55:00+00:00,7.4,5.1,1.0,3480
USGS-01649190,2024-01-20 01:00:00+00:00,7.4,5.2,1.0,3500
USGS-01649190,2024-01-20 01:05:00+00:00,7.4,5.2,1.0,3570
USGS-01649190,2024-01-20 01:10:00+00:00,7.4,5.3,1.0,3650
USGS-01649190,2024-01-20 01:15:00+00:00,7.4,5.6,1.0,3690
USGS-01649190,2024-01-20 01:20:00+00:00,7.4,5.7,1.0,3760
USGS-01649190,2024-01-20 01:25:00+00:00,7.4,5.7,1.0,3790
USGS-01649190,2024-01-20 01:30:00+00:00,7.4,5.7,1.0,3820
USGS-01649190,2024-01-20 01:35:00+00:00,7.4,5.6,1.0,3860
USGS-01649190,2024-01-20 01:40:00+00:00,7.4,5.8,1.0,3890
USGS-01649190,2024-01-20 01:45:00+00:00,7.4,5.8,1.0,3900
USGS-01649190,2024-01-20 01:50:00+00:00,7.4,5.7,0.9,3920
USGS-01649190,2024-01-20 01:55:00+00:00,7.4,5.9,0.9,3920
USGS-01649190,2024-01-20 02:00:00+00:00,7.4,5.8,0.9,3950
USGS-01649190,2024-01-20 02:05:00+00:00,7.4,5.9,0.9,3950
USGS-01649190,2024-01-20 02:10:00+00:00,7.4,5.9,0.9,3960
USGS-01649190,2024-01-20 02:15:00+00:00,7.4,6.0,0.9,3960
USGS-01649190,2024-01-20 02:20:00+00:00,7.4,6.0,0.9,3960
USGS-01649190,2024-01-20 02:25:00+00:00,7.4,6.0,0.9,3970
USGS-01649190,2024-01-20 02:30:00+00:00,7.4,6.1,0.9,3970
USGS-01649190,2024-01-20 02:35:00+00:00,7.4,6.1,0.9,3960
USGS-01649190,2024-01-20 02:40:00+00:00,7.4,6.0,0.9,3960
USGS-01649190,2024-01-20 02:45:00+00:00,7.4,6.0,0.9,3960
USGS-01649190,2024-01-20 02:50:00+00:00,7.4,6.1,0.9,3960
USGS-01649190,2024-01-20 02:55:00+00:00,7.4,6.1,0.8,3960
USGS-01649190,2024-01-20 03:00:00+00:00,7.4,6.0,0.8,3950
USGS-01649190,2024-01-20 03:05:00+00:00,7.4,6.0,0.8,3950
USGS-01649190,2024-01-20 03:10:00+00:00,7.4,6.0,0.8,3950
USGS-01649190,2024-01-20 03:15:00+00:00,7.4,6.0,0.8,3950
USGS-01649190,2024-01-20 03:20:00+00:00,7.4,5.9,0.8,3950
USGS-01649190,2024-01-20 03:25:00+00:00,7.4,6.0,0.8,3950
USGS-01649190,2024-01-20 03:30:00+00:00,7.4,5.9,0.8,3950
USGS-01649190,2024-01-20 03:35:00+00:00,7.4,5.9,0.8,3940
USGS-01649190,2024-01-20 03:40:00+00:00,7.4,5.9,0.8,3940
USGS-01649190,2024-01-20 03:45:00+00:00,7.4,6.1,0.8,3940
USGS-01649190,2024-01-20 03:50:00+00:00,7.4,5.8,0.8,3940
USGS-01649190,2024-01-20 03:55:00+00:00,7.4,5.8,0.8,3940
USGS-01649190,2024-01-20 04:00:00+00:00,7.4,5.6,0.7,3940
USGS-01649190,2024-01-20 04:05:00+00:00,7.4,5.8,0.7,3940
USGS-01649190,2024-01-20 04:10:00+00:00,7.4,5.7,0.7,3940
USGS-01649190,2024-01-20 04:15:00+00:00,7.4,5.7,0.7,3940
USGS-01649190,2024-01-20 04:20:00+00:00,7.4,5.6,0.7,3930
USGS-01649190,2024-01-20 04:25:00+00:00,7.4,5.7,0.7,3930
USGS-01649190,2024-01-20 04:30:00+00:00,7.4,5.6,0.7,3930
USGS-01649190,2024-01-20 04:35:00+00:00,7.4,5.5,0.7,3920
USGS-01649190,2024-01-20 04:40:00+00:00,7.4,5.5,0.7,3920
USGS-01649190,2024-01-20 04:45:00+00:00,7.4,5.5,0.7,3910
USGS-01649190,2024-01-20 04:50:00+00:00,7.4,5.5,0.7,3900
USGS-01649190,2024-01-20 04:55:00+00:00,7.4,5.4,0.6,3900
USGS-01649190,2024-01-20 05:00:00+00:00,7.4,5.5,0.6,3890
USGS-01649190,2024-01-20 05:05:00+00:00,7.4,5.5,0.6,3870
USGS-01649190,2024-01-20 05:10:00+00:00,7.4,5.5,0.6,3860
USGS-01649190,2024-01-20 05:15:00+00:00,7.4,5.4,0.6,3860
USGS-01649190,2024-01-20 05:20:00+00:00,7.4,5.4,0.6,3840
USGS-01649190,2024-01-20 05:25:00+00:00,7.4,5.3,0.6,3830
USGS-01649190,2024-01-20 05:30:00+00:00,7.4,5.4,0.6,3810
USGS-01649190,2024-01-20 05:35:00+00:00,7.4,5.4,0.6,3800
USGS-01649190,2024-01-20 05:40:00+00:00,7.4,5.4,0.6,3780
USGS-01649190,2024-01-20 05:45:00+00:00,7.4,5.3,0.5,3760
USGS-01649190,2024-01-20 05:50:00+00:00,7.4,5.5,0.5,3740
USGS-01649190,2024-01-20 05:55:00+00:00,7.4,5.4,0.5,3730
USGS-01649190,2024-01-20 06:00:00+00:00,7.4,5.4,0.5,3720
USGS-01649190,2024-01-20 06:05:00+00:00,7.4,5.4,0.5,3690
USGS-01649190,2024-01-20 06:10:00+00:00,7.4,5.4,0.5,3690
USGS-01649190,2024-01-20 06:15:00+00:00,7.4,5.3,0.5,3660
USGS-01649190,2024-01-20 06:20:00+00:00,7.4,6.1,0.5,3630
USGS-01649190,2024-01-20 06:25:00+00:00,7.4,5.8,0.5,3620
USGS-01649190,2024-01-20 06:30:00+00:00,7.4,5.6,0.5,3590
USGS-01649190,2024-01-20 06:35:00+00:00,7.4,5.6,0.4,3570
USGS-01649190,2024-01-20 06:40:00+00:00,7.4,5.6,0.4,3560
USGS-01649190,2024-01-20 06:45:00+00:00,7.4,5.4,0.4,3540
USGS-01649190,2024-01-20 06:50:00+00:00,7.4,5.3,0.4,3510
USGS-01649190,2024-01-20 06:55:00+00:00,7.4,5.4,0.4,3510
USGS-01649190,2024-01-20 07:00:00+00:00,7.4,5.2,0.4,3470
USGS-01649190,2024-01-20 07:05:00+00:00,7.4,5.2,0.4,3460
USGS-01649190,2024-01-20 07:10:00+00:00,7.4,5.2,0.4,3430
USGS-01649190,2024-01-20 07:15:00+00:00,7.4,5.1,0.4,3430
USGS-01649190,2024-01-20 07:20:00+00:00,7.4,5.1,0.3,3410
USGS-01649190,2024-01-20 07:25:00+00:00,7.4,5.0,0.3,3390
USGS-01649190,2024-01-20 07:30:00+00:00,7.4,5.0,0.3,3390
USGS-01649190,2024-01-20 07:35:00+00:00,7.4,4.9,0.3,3350
USGS-01649190,2024-01-20 07:40:00+00:00,7.4,4.9,0.3,3350
USGS-01649190,2024-01-20 07:45:00+00:00,7.4,4.9,0.3,3330
USGS-01649190,2024-01-20 07:50:00+00:00,7.4,4.9,0.3,3310
USGS-01649190,2024-01-20 07:55:00+00:00,7.4,5.0,0.3,3310
USGS-01649190,2024-01-20 08:00:00+00:00,7.4,5.0,0.3,3290
USGS-01649190,2024-01-20 08:05:00+00:00,7.4,5.0,0.2,3280
USGS-01649190,2024-01-20 08:10:00+00:00,7.4,5.0,0.2,3270
USGS-01649190,2024-01-20 08:15:00+00:00,7.4,4.9,0.2,3250
USGS-01649190,2024-01-20 08:20:00+00:00,7.4,5.0,0.2,3250
USGS-01649190,2024-01-20 08:25:00+00:00,7.4,4.9,0.2,3240
USGS-01649190,2024-01-20 08:30:00+00:00,7.4,5.0,0.2,3240
USGS-01649190,2024-01-20 08:35:00+00:00,7.4,5.1,0.2,3240
USGS-01649190,2024-01-20 08:40:00+00:00,7.4,5.0,0.2,3220
USGS-01649190,2024-01-20 08:45:00+00:00,7.4,5.1,0.2,3220
USGS-01649190,2024-01-20 08:50:00+00:00,7.4,5.2,0.1,3210
USGS-01649190,2024-01-20 08:55:00+00:00,7.4,5.1,0.1,3200
USGS-01649190,2024-01-20 09:00:00+00:00,7.4,5.2,0.1,3210
USGS-01649190,2024-01-20 09:05:00+00:00,7.4,5.2,0.1,3200
USGS-01649190,2024-01-20 09:10:00+00:00,7.4,5.2,0.1,3200
USGS-01649190,2024-01-20 09:15:00+00:00,7.4,5.4,0.1,3190
USGS-01649190,2024-01-20 09:20:00+00:00,7.4,5.4,0.1,3190
USGS-01649190,2024-01-20 09:25:00+00:00,7.4,5.5,0.1,3190
USGS-01649190,2024-01-20 09:30:00+00:00,7.4,5.5,0.1,3180
USGS-01649190,2024-01-20 09:35:00+00:00,7.4,5.6,0.1,3180
USGS-01649190,2024-01-20 09:40:00+00:00,7.4,5.5,0.0,3180
USGS-01649190,2024-01-20 09:45:00+00:00,7.4,5.3,0.0,3180
USGS-01649190,2024-01-20 09:50:00+00:00,7.4,5.2,0.0,3180
USGS-01649190,2024-01-20 09:55:00+00:00,7.4,5.4,0.0,3180
USGS-01649190,2024-01-20 10:00:00+00:00,7.4,5.3,-0.0,3180
USGS-01649190,2024-01-20 10:05:00+00:00,7.4,5.2,-0.0,3180
USGS-01649190,2024-01-20 10:10:00+00:00,7.4,5.1,-0.0,3180
USGS-01649190,2024-01-20 10:15:00+00:00,7.4,5.1,-0.0,3180
USGS-01649190,2024-01-20 10:20:00+00:00,7.4,5.0,-0.0,3180
USGS-01649190,2024-01-20 10:25:00+00:00,7.4,4.9,-0.1,3180
USGS-01649190,2024-01-20 10:30:00+00:00,7.4,4.9,-0.1,3180
USGS-01649190,2024-01-20 10:35:00+00:00,7.4,5.0,-0.1,3180
USGS-01649190,2024-01-20 10:40:00+00:00,7.4,4.8,-0.1,3180
USGS-01649190,2024-01-20 10:45:00+00:00,7.4,4.8,-0.1,3180
USGS-01649190,2024-01-20 10:50:00+00:00,7.4,4.9,-0.1,3180
USGS-01649190,2024-01-20 10:55:00+00:00,7.4,4.8,-0.1,3180
USGS-01649190,2024-01-20 11:00:00+00:00,7.4,4.8,-0.1,3190
USGS-01649190,2024-01-20 11:05:00+00:00,7.4,4.8,-0.1,3190
USGS-01649190,2024-01-20 11:10:00+00:00,7.4,5.0,-0.1,3190
USGS-01649190,2024-01-20 11:15:00+00:00,7.4,5.0,-0.2,3190
USGS-01649190,2024-01-20 11:20:00+00:00,7.4,5.0,-0.2,3190
USGS-01649190,2024-01-20 11:25:00+00:00,7.4,5.0,-0.2,3200
USGS-01649190,2024-01-20 11:30:00+00:00,7.4,4.9,-0.2,3200
USGS-01649190,2024-01-20 11:35:00+00:00,7.4,5.0,-0.2,3200
USGS-01649190,2024-01-20 11:40:00+00:00,7.4,5.0,-0.2,3210
USGS-01649190,2024-01-20 11:45:00+00:00,7.4,5.2,-0.2,3210
USGS-01649190,2024-01-20 11:50:00+00:00,7.4,5.1,-0.2,3210
USGS-01649190,2024-01-20 11:55:00+00:00,7.4,5.2,-0.2,3210
USGS-01649190,2024-01-20 12:00:00+00:00,7.4,5.0,-0.2,3220
USGS-01649190,2024-01-20 12:05:00+00:00,7.4,5.1,-0.2,3220
USGS-01649190,2024-01-20 12:10:00+00:00,7.4,5.0,-0.2,3230
USGS-01649190,2024-01-20 12:15:00+00:00,7.4,4.8,-0.2,3230
USGS-01649190,2024-01-20 12:20:00+00:00,7.4,4.6,-0.2,3240
USGS-01649190,2024-01-20 12:25:00+00:00,7.4,4.5,-0.2,3240
USGS-01649190,2024-01-20 12:30:00+00:00,7.4,4.4,-0.2,3250
USGS-01649190,2024-01-20 12:35:00+00:00,7.4,4.3,-0.2,3250
USGS-01649190,2024-01-20 12:40:00+00:00,7.4,4.2,-0.2,3250
USGS-01649190,2024-01-20 12:45:00+00:00,7.4,4.2,-0.2,3260
USGS-01649190,2024-01-20 12:50:00+00:00,7.4,4.3,-0.2,3260
USGS-01649190,2024-01-20 12:55:00+00:00,7.4,4.1,-0.2,3260
USGS-01649190,2024-01-20 13:00:00+00:00,7.4,4.1,-0.2,3270
USGS-01649190,2024-01-20 13:05:00+00:00,7.4,4.1,-0.2,3270
USGS-01649190,2024-01-20 13:10:00+00:00,7.4,4.0,-0.2,3270
USGS-01649190,2024-01-20 13:15:00+00:00,7.4,4.0,-0.2,3280
USGS-01649190,2024-01-20 13:20:00+00:00,7.4,3.9,-0.2,3280
USGS-01649190,2024-01-20 13:25:00+00:00,7.4,3.9,-0.2,3280
USGS-01649190,2024-01-20 13:30:00+00:00,7.4,3.8,-0.2,3290
USGS-01649190,2024-01-20 13:35:00+00:00,7.4,3.5,-0.2,3290
USGS-01649190,2024-01-20 13:40:00+00:00,7.4,3.3,-0.2,3300
USGS-01649190,2024-01-20 13:45:00+00:00,7.4,3.4,-0.2,3300
USGS-01649190,2024-01-20 13:50:00+00:00,7.4,3.4,-0.2,3300
USGS-01649190,2024-01-20 13:55:00+00:00,7.4,3.5,-0.2,3310
USGS-01649190,2024-01-20 14:00:00+00:00,7.4,3.5,-0.2,3310
USGS-01649190,2024-01-20 14:05:00+00:00,7.4,3.6,-0.2,3310
USGS-01649190,2024-01-20 14:10:00+00:00,7.4,3.8,-0.2,3320
USGS-01649190,2024-01-20 14:15:00+00:00,7.4,3.8,-0.2,3320
USGS-01649190,2024-01-20 14:20:00+00:00,7.4,3.9,-0.2,3330
USGS-01649190,2024-01-20 14:25:00+00:00,7.4,4.1,-0.2,3330
USGS-01649190,2024-01-20 14:30:00+00:00,7.4,4.1,-0.2,3330
USGS-01649190,2024-01-20 14:35:00+00:00,7.4,4.2,-0.2,3340
USGS-01649190,2024-01-20 14:40:00+00:00,7.4,4.1,-0.1,3340
USGS-01649190,2024-01-20 14:45:00+00:00,7.4,4.1,-0.2,3350
USGS-01649190,2024-01-20 14:50:00+00:00,7.4,4.0,-0.1,3350
USGS-01649190,2024-01-20 14:55:00+00:00,7.4,3.9,-0.1,3350
USGS-01649190,2024-01-20 15:00:00+00:00,7.4,4.0,-0.1,3360
USGS-01649190,2024-01-20 15:05:00+00:00,7.4,3.8,-0.1,3360
USGS-01649190,2024-01-20 15:10:00+00:00,7.4,3.8,-0.1,3360
USGS-01649190,2024-01-20 15:15:00+00:00,7.4,3.9,-0.1,3370
USGS-01649190,2024-01-20 15:20:00+00:00,7.4,3.1,-0.1,3370
USGS-01649190,2024-01-20 15:25:00+00:00,7.4,2.9,-0.1,3380
USGS-01649190,2024-01-20 15:30:00+00:00,7.4,2.9,-0.1,3380
USGS-01649190,2024-01-20 15:35:00+00:00,7.4,3.1,-0.1,3390
USGS-01649190,2024-01-20 15:40:00+00:00,7.4,3.0,-0.1,3400
USGS-01649190,2024-01-20 15:45:00+00:00,7.4,3.4,-0.1,3400
USGS-01649190,2024-01-20 15:50:00+00:00,7.4,6.0,-0.1,3410
USGS-01649190,2024-01-20 15:55:00+00:00,7.4,3.1,-0.1,3410
USGS-01649190,2024-01-20 16:00:00+00:00,7.4,2.7,-0.1,3420
USGS-01649190,2024-01-20 16:05:00+00:00,7.4,3.7,-0.1,3420
USGS-01649190,2024-01-20 16:10:00+00:00,7.4,5.6,-0.1,3420
USGS-01649190,2024-01-20 16:15:00+00:00,7.4,2.8,-0.0,3430
USGS-01649190,2024-01-20 16:20:00+00:00,7.4,2.4,-0.0,3440
USGS-01649190,2024-01-20 16:25:00+00:00,7.4,2.3,-0.0,3440
USGS-01649190,2024-01-20 16:30:00+00:00,7.4,2.4,-0.0,3450
USGS-01649190,2024-01-20 16:35:00+00:00,7.4,2.4,0.0,3450
USGS-01649190,2024-01-20 16:45:00+00:00,7.4,2.2,0.0,3460
USGS-01649190,2024-01-20 16:50:00+00:00,7.4,2.2,0.1,3470
USGS-01649190,2024-01-20 16:55:00+00:00,7.4,2.2,0.1,3470
USGS-01649190,2024-01-20 17:00:00+00:00,7.4,2.1,0.1,3480
USGS-01649190,2024-01-20 17:05:00+00:00,7.4,2.1,0.1,3480
USGS-01649190,2024-01-20 17:10:00+00:00,7.4,2.2,0.1,3480
USGS-01649190,2024-01-20 17:15:00+00:00,7.4,2.1,0.1,3490
USGS-01649190,2024-01-20 17:20:00+00:00,7.4,2.1,0.1,3490
USGS-01649190,2024-01-20 17:25:00+00:00,7.4,2.1,0.1,3500
USGS-01649190,2024-01-20 17:30:00+00:00,7.4,2.1,0.2,3500
USGS-01649190,2024-01-20 17:35:00+00:00,7.4,2.2,0.2,3500
USGS-01649190,2024-01-20 17:40:00+00:00,7.4,2.1,0.2,3500
USGS-01649190,2024-01-20 17:45:00+00:00,7.4,2.1,0.2,3500
USGS-01649190,2024-01-20 17:50:00+00:00,7.4,2.2,0.2,3500
USGS-01649190,2024-01-20 17:55:00+00:00,7.4,2.2,0.2,3510
USGS-01649190,2024-01-20 18:00:00+00:00,7.4,2.2,0.2,3510
USGS-01649190,2024-01-20 18:05:00+00:00,7.4,2.2,0.2,3510
USGS-01649190,2024-01-20 18:10:00+00:00,7.4,2.3,0.2,3510
USGS-01649190,2024-01-20 18:15:00+00:00,7.4,2.2,0.2,3510
USGS-01649190,2024-01-20 18:20:00+00:00,7.4,2.2,0.2,3510
USGS-01649190,2024-01-20 18:25:00+00:00,7.4,2.2,0.2,3510
USGS-01649190,2024-01-20 18:30:00+00:00,7.4,2.2,0.3,3500
USGS-01649190,2024-01-20 18:35:00+00:00,7.4,2.2,0.3,3500
USGS-01649190,2024-01-20 18:40:00+00:00,7.4,2.2,0.3,3500
USGS-01649190,2024-01-20 18:45:00+00:00,7.4,2.2,0.3,3500
USGS-01649190,2024-01-20 18:50:00+00:00,7.4,2.1,0.3,3500
USGS-01649190,2024-01-20 18:55:00+00:00,7.4,2.2,0.3,3490
USGS-01649190,2024-01-20 19:00:00+00:00,7.4,2.2,0.3,3490
USGS-01649190,2024-01-20 19:05:00+00:00,7.4,2.2,0.3,3490
USGS-01649190,2024-01-20 19:10:00+00:00,7.4,2.2,0.3,3480
USGS-01649190,2024-01-20 19:15:00+00:00,7.4,2.2,0.3,3480
USGS-01649190,2024-01-20 19:20:00+00:00,7.4,2.2,0.3,3480
USGS-01649190,2024-01-20 19:25:00+00:00,7.4,2.1,0.3,3470
USGS-01649190,2024-01-20 19:30:00+00:00,7.4,2.2,0.3,3470
USGS-01649190,2024-01-20 19:35:00+00:00,7.4,2.1,0.3,3460
USGS-01649190,2024-01-20 19:40:00+00:00,7.4,2.1,0.3,3460
USGS-01649190,2024-01-20 19:45:00+00:00,7.4,2.1,0.3,3460
USGS-01649190,2024-01-20 19:50:00+00:00,7.4,2.1,0.3,3450
USGS-01649190,2024-01-20 19:55:00+00:00,7.4,2.1,0.3,3450
USGS-01649190,2024-01-20 20:00:00+00:00,7.4,2.1,0.3,3450
USGS-01649190,2024-01-20 20:05:00+00:00,7.4,2.1,0.3,3440
USGS-01649190,2024-01-20 20:10:00+00:00,7.4,2.1,0.3,3440
USGS-01649190,2024-01-20 20:15:00+00:00,7.4,2.2,0.3,3430
USGS-01649190,2024-01-20 20:20:00+00:00,7.4,2.1,0.3,3430
USGS-01649190,2024-01-20 20:25:00+00:00,7.4,2.1,0.3,3420
USGS-01649190,2024-01-20 20:30:00+00:00,7.4,2.1,0.3,3420
USGS-01649190,2024-01-20 20:35:00+00:00,7.4,2.1,0.3,3410
USGS-01649190,2024-01-20 20:40:00+00:00,7.4,2.1,0.3,3410
USGS-01649190,2024-01-20 20:45:00+00:00,7.4,2.0,0.3,3410
USGS-01649190,2024-01-20 20:50:00+00:00,7.4,2.0,0.3,3400
USGS-01649190,2024-01-20 20:55:00+00:00,7.4,2.0,0.3,3400
USGS-01649190,2024-01-20 21:00:00+00:00,7.4,2.1,0.3,3390
USGS-01649190,2024-01-20 21:05:00+00:00,7.4,2.1,0.3,3390
USGS-01649190,2024-01-20 21:10:00+00:00,7.4,2.1,0.2,3390
USGS-01649190,2024-01-20 21:15:00+00:00,7.4,2.0,0.2,3380
USGS-01649190,2024-01-20 21:20:00+00:00,7.4,2.0,0.2,3370
USGS-01649190,2024-01-20 21:25:00+00:00,7.4,2.1,0.2,3370
USGS-01649190,2024-01-20 21:30:00+00:00,7.4,2.0,0.2,3360
USGS-01649190,2024-01-20 21:35:00+00:00,7.4,2.0,0.2,3360
USGS-01649190,2024-01-20 21:40:00+00:00,7.4,2.0,0.2,3360
USGS-01649190,2024-01-20 21:45:00+00:00,7.4,2.0,0.2,3350
USGS-01649190,2024-01-20 21:50:00+00:00,7.4,2.0,0.2,3350
USGS-01649190,2024-01-20 21:55:00+00:00,7.4,2.0,0.2,3340
USGS-01649190,2024-01-20 22:00:00+00:00,7.4,2.0,0.2,3330
USGS-01649190,2024-01-20 22:05:00+00:00,7.4,2.0,0.2,3320
USGS-01649190,2024-01-20 22:10:00+00:00,7.4,2.0,0.2,3320
USGS-01649190,2024-01-20 22:15:00+00:00,7.4,2.0,0.2,3310
USGS-01649190,2024-01-20 22:20:00+00:00,7.4,2.0,0.2,3300
USGS-01649190,2024-01-20 22:25:00+00:00,7.4,2.0,0.2,3290
USGS-01649190,2024-01-20 22:30:00+00:00,7.4,2.0,0.2,3280
USGS-01649190,2024-01-20 22:35:00+00:00,7.4,2.0,0.1,3270
USGS-01649190,2024-01-20 22:40:00+00:00,7.4,2.1,0.1,3270
USGS-01649190,2024-01-20 22:45:00+00:00,7.4,2.1,0.1,3260
USGS-01649190,2024-01-20 22:50:00+00:00,7.4,2.2,0.1,3250
USGS-01649190,2024-01-20 22:55:00+00:00,7.4,2.3,0.1,3250
USGS-01649190,2024-01-20 23:00:00+00:00,7.4,2.1,0.1,3230
USGS-01649190,2024-01-20 23:05:00+00:00,7.4,2.3,0.1,3230
USGS-01649190,2024-01-20 23:10:00+00:00,7.4,2.2,0.1,3210
USGS-01649190,2024-01-20 23:15:00+00:00,7.4,2.2,0.1,3200
USGS-01649190,2024-01-20 23:20:00+00:00,7.4,2.2,0.1,3200
USGS-01649190,2024-01-20 23:25:00+00:00,7.4,2.0,0.1,3180
USGS-01649190,2024-01-20 23:30:00+00:00,7.4,2.2,0.1,3180
USGS-01649190,2024-01-20 23:35:00+00:00,7.4,2.1,0.0,3170
USGS-01649190,2024-01-20 23:40:00+00:00,7.4,2.1,0.0,3160
USGS-01649190,2024-01-20 23:45:00+00:00,7.4,2.1,0.0,3150
USGS-01649190,2024-01-20 23:50:00+00:00,7.4,2.1,0.0,3140
USGS-01649190,2024-01-20 23:55:00+00:00,7.4,2.0,-0.0,3120
USGS-01649190,2024-01-21 00:00:00+00:00,7.4,2.0,-0.0,3110
USGS-01649190,2024-01-21 00:05:00+00:00,7.4,2.0,-0.0,3100
USGS-01649190,2024-01-21 00:10:00+00:00,7.4,2.0,-0.0,3100
USGS-01649190,2024-01-21 00:15:00+00:00,7.4,1.9,-0.1,3080
USGS-01649190,2024-01-21 00:20:00+00:00,7.4,2.0,-0.1,3080
USGS-01649190,2024-01-21 00:25:00+00:00,7.4,2.0,-0.1,3070
USGS-01649190,2024-01-21 00:30:00+00:00,7.4,2.0,-0.1,3060
USGS-01649190,2024-01-21 00:35:00+00:00,7.4,2.0,-0.1,3040
USGS-01649190,2024-01-21 00:40:00+00:00,7.4,2.0,-0.1,3040
USGS-01649190,2024-01-21 00:45:00+00:00,7.4,1.9,-0.1,3020
USGS-01649190,2024-01-21 00:50:00+00:00,7.4,1.9,-0.1,3020
USGS-01649190,2024-01-21 00:55:00+00:00,7.4,1.9,-0.1,3010
USGS-01649190,2024-01-21 01:00:00+00:00,7.4,1.9,-0.2,3000
USGS-01649190,2024-01-21 01:05:00+00:00,7.4,1.9,-0.2,2990
USGS-01649190,2024-01-21 01:10:00+00:00,7.4,1.9,-0.2,2980
USGS-01649190,2024-01-21 01:15:00+00:00,7.4,1.9,-0.2,2970
USGS-01649190,2024-01-21 01:20:00+00:00,7.4,1.9,-0.2,2960
USGS-01649190,2024-01-21 01:25:00+00:00,7.4,1.9,-0.2,2960
USGS-01649190,2024-01-21 01:30:00+00:00,7.4,2.0,-0.2,2960
USGS-01649190,2024-01-21 01:35:00+00:00,7.4,2.0,-0.2,2940
USGS-01649190,2024-01-21 01:40:00+00:00,7.4,1.9,-0.2,2930
USGS-01649190,2024-01-21 01:45:00+00:00,7.4,1.9,-0.2,2920
USGS-01649190,2024-01-21 01:50:00+00:00,7.4,1.9,-0.2,2920
USGS-01649190,2024-01-21 01:55:00+00:00,7.4,2.0,-0.2,2910
USGS-01649190,2024-01-21 02:00:00+00:00,7.4,1.9,-0.2,2910
USGS-01649190,2024-01-21 02:05:00+00:00,7.4,1.9,-0.2,2900
USGS-01649190,2024-01-21 02:10:00+00:00,7.4,2.0,-0.2,2890
USGS-01649190,2024-01-21 02:15:00+00:00,7.4,1.9,-0.2,2880
USGS-01649190,2024-01-21 02:20:00+00:00,7.4,1.9,-0.2,2870
USGS-01649190,2024-01-21 02:25:00+00:00,7.4,2.0,-0.2,2870
USGS-01649190,2024-01-21 02:30:00+00:00,7.4,1.9,-0.2,2860
USGS-01649190,2024-01-21 02:35:00+00:00,7.4,1.9,-0.2,2860
USGS-01649190,2024-01-21 02:40:00+00:00,7.4,1.9,-0.2,2850
USGS-01649190,2024-01-21 02:45:00+00:00,7.4,1.9,-0.2,2850
USGS-01649190,2024-01-21 02:50:00+00:00,7.4,1.9,-0.2,2840
USGS-01649190,2024-01-21 02:55:00+00:00,7.4,2.0,-0.2,2830
USGS-01649190,2024-01-21 03:00:00+00:00,7.4,1.9,-0.2,2830
USGS-01649190,2024-01-21 03:05:00+00:00,7.4,1.9,-0.2,2830
USGS-01649190,2024-01-21 03:10:00+00:00,7.4,2.0,-0.2,2820
USGS-01649190,2024-01-21 03:15:00+00:00,7.4,2.4,-0.2,2820
USGS-01649190,2024-01-21 03:20:00+00:00,7.4,2.4,-0.2,2810
USGS-01649190,2024-01-21 03:25:00+00:00,7.4,2.4,-0.2,2810
USGS-01649190,2024-01-21 03:30:00+00:00,7.4,2.2,-0.2,2810
USGS-01649190,2024-01-21 03:35:00+00:00,7.4,2.2,-0.2,2810
USGS-01649190,2024-01-21 03:40:00+00:00,7.4,2.3,-0.2,2800
USGS-01649190,2024-01-21 03:45:00+00:00,7.4,2.3,-0.2,2800
USGS-01649190,2024-01-21 03:50:00+00:00,7.4,2.2,-0.2,2790
USGS-01649190,2024-01-21 03:55:00+00:00,7.4,2.3,-0.2,2790
USGS-01649190,2024-01-21 04:00:00+00:00,7.4,2.4,-0.2,2790
USGS-01649190,2024-01-21 04:05:00+00:00,7.4,2.3,-0.2,2790
USGS-01649190,2024-01-21 04:10:00+00:00,7.4,2.4,-0.2,2790
USGS-01649190,2024-01-21 04:15:00+00:00,7.4,2.4,-0.2,2790
USGS-01649190,2024-01-21 04:20:00+00:00,7.4,2.4,-0.2,2780
USGS-01649190,2024-01-21 04:25:00+00:00,7.4,2.5,-0.2,2780
USGS-01649190,2024-01-21 04:30:00+00:00,7.4,2.4,-0.2,2780
USGS-01649190,2024-01-21 04:35:00+00:00,7.4,2.4,-0.2,2780
USGS-01649190,2024-01-21 04:40:00+00:00,7.4,2.4,-0.2,2780
USGS-01649190,2024-01-21 04:45:00+00:00,7.4,2.4,-0.2,2780
USGS-01649190,2024-01-21 04:50:00+00:00,7.4,2.5,-0.2,2780
USGS-01649190,2024-01-21 04:55:00+00:00,7.4,2.6,-0.2,2770
USGS-01649190,2024-01-21 05:00:00+00:00,7.4,2.5,-0.2,2770
USGS-01649190,2024-01-21 05:05:00+00:00,7.4,2.6,-0.2,2770
USGS-01649190,2024-01-21 05:10:00+00:00,7.4,2.6,-0.2,2770
USGS-01649190,2024-01-21 05:15:00+00:00,7.4,2.6,-0.2,2770
USGS-01649190,2024-01-21 05:20:00+00:00,7.4,2.6,-0.2,2770
USGS-01649190,2024-01-21 05:25:00+00:00,7.4,2.6,-0.2,2770
USGS-01649190,2024-01-21 05:30:00+00:00,7.4,2.6,-0.2,2770
USGS-01649190,2024-01-21 05:35:00+00:00,7.4,2.6,-0.2,2770
USGS-01649190,2024-01-21 05:40:00+00:00,7.4,2.7,-0.2,2770
USGS-01649190,2024-01-21 05:45:00+00:00,7.4,2.8,-0.2,2760
USGS-01649190,2024-01-21 05:50:00+00:00,7.4,3.2,-0.2,2760
USGS-01649190,2024-01-21 05:55:00+00:00,7.4,3.4,-0.2,2760
USGS-01649190,2024-01-21 06:00:00+00:00,7.4,3.5,-0.2,2760
USGS-01649190,2024-01-21 06:05:00+00:00,7.4,3.4,-0.2,2760
USGS-01649190,2024-01-21 06:10:00+00:00,7.4,3.3,-0.2,2760
USGS-01649190,2024-01-21 06:15:00+00:00,7.4,3.0,-0.2,2760
USGS-01649190,2024-01-21 06:20:00+00:00,7.4,3.1,-0.2,2760
USGS-01649190,2024-01-21 06:25:00+00:00,7.4,3.0,-0.2,2750
USGS-01649190,2024-01-21 06:30:00+00:00,7.4,3.0,-0.2,2750
USGS-01649190,2024-01-21 06:35:00+00:00,7.4,3.0,-0.2,2750
USGS-01649190,2024-01-21 06:40:00+00:00,7.4,3.0,-0.2,2750
USGS-01649190,2024-01-21 06:45:00+00:00,7.4,2.9,-0.2,2750
USGS-01649190,2024-01-21 06:50:00+00:00,7.4,2.8,-0.2,2750
USGS-01649190,2024-01-21 06:55:00+00:00,7.4,2.9,-0.2,2750
USGS-01649190,2024-01-21 07:00:00+00:00,7.4,2.8,-0.2,2740
USGS-01649190,2024-01-21 07:05:00+00:00,7.4,2.8,-0.2,2740
USGS-01649190,2024-01-21 07:10:00+00:00,7.4,2.8,-0.2,2740
USGS-01649190,2024-01-21 07:15:00+00:00,7.4,2.8,-0.2,2740
USGS-01649190,2024-01-21 07:20:00+00:00,7.4,2.8,-0.2,2740
USGS-01649190,2024-01-21 07:25:00+00:00,7.4,2.8,-0.2,2730
USGS-01649190,2024-01-21 07:30:00+00:00,7.4,2.8,-0.2,2730
USGS-01649190,2024-01-21 07:35:00+00:00,7.4,2.8,-0.2,2730
USGS-01649190,2024-01-21 07:40:00+00:00,7.4,2.9,-0.2,2730
USGS-01649190,2024-01-21 07:45:00+00:00,7.4,3.0,-0.2,2730
USGS-01649190,2024-01-21 07:50:00+00:00,7.4,3.0,-0.2,2730
USGS-01649190,2024-01-21 07:55:00+00:00,7.4,3.0,-0.2,2730
USGS-01649190,2024-01-21 08:00:00+00:00,7.4,3.1,-0.2,2720
USGS-01649190,2024-01-21 08:05:00+00:00,7.4,3.0,-0.2,2720
USGS-01649190,2024-01-21 08:10:00+00:00,7.4,3.1,-0.2,2720
USGS-01649190,2024-01-21 08:15:00+00:00,7.4,3.1,-0.2,2720
USGS-01649190,2024-01-21 08:20:00+00:00,7.4,3.4,-0.2,2710
USGS-01649190,2024-01-21 08:25:00+00:00,7.4,3.2,-0.2,2710
USGS-01649190,2024-01-21 08:30:00+00:00,7.4,3.1,-0.2,2710
USGS-01649190,2024-01-21 08:35:00+00:00,7.4,3.2,-0.2,2710
USGS-01649190,2024-01-21 08:40:00+00:00,7.4,3.2,-0.2,2710
USGS-01649190,2024-01-21 08:45:00+00:00,7.4,3.1,-0.2,2710
USGS-01649190,2024-01-21 08:50:00+00:00,7.4,3.1,-0.2,2700
USGS-01649190,2024-01-21 08:55:00+00:00,7.4,3.1,-0.2,2700
USGS-01649190,2024-01-21 09:00:00+00:00,7.4,3.0,-0.2,2700
USGS-01649190,2024-01-21 09:05:00+00:00,7.4,3.1,-0.2,2700
USGS-01649190,2024-01-21 09:10:00+00:00,7.4,3.6,-0.2,2700
USGS-01649190,2024-01-21 09:15:00+00:00,7.4,3.2,-0.2,2690
USGS-01649190,2024-01-21 09:20:00+00:00,7.4,3.0,-0.2,2690
USGS-01649190,2024-01-21 09:25:00+00:00,7.4,3.0,-0.2,2690
USGS-01649190,2024-01-21 09:30:00+00:00,7.4,2.9,-0.2,2690
USGS-01649190,2024-01-21 09:35:00+00:00,7.4,2.8,-0.2,2680
USGS-01649190,2024-01-21 09:40:00+00:00,7.4,2.9,-0.2,2690
USGS-01649190,2024-01-21 09:45:00+00:00,7.4,2.9,-0.2,2680
USGS-01649190,2024-01-21 09:50:00+00:00,7.4,2.9,-0.2,2680
USGS-01649190,2024-01-21 09:55:00+00:00,7.4,2.8,-0.2,2680
USGS-01649190,2024-01-21 10:00:00+00:00,7.4,2.8,-0.2,2680
USGS-01649190,2024-01-21 10:05:00+00:00,7.4,2.8,-0.2,2680
USGS-01649190,2024-01-21 10:10:00+00:00,7.4,2.9,-0.2,2670
USGS-01649190,2024-01-21 10:15:00+00:00,7.4,2.8,-0.2,2670
USGS-01649190,2024-01-21 10:20:00+00:00,7.4,2.8,-0.2,2670
USGS-01649190,2024-01-21 10:25:00+00:00,7.4,2.8,-0.2,2670
USGS-01649190,2024-01-21 10:30:00+00:00,7.4,2.8,-0.2,2670
USGS-01649190,2024-01-21 10:35:00+00:00,7.4,2.7,-0.2,2670
USGS-01649190,2024-01-21 10:40:00+00:00,7.4,2.7,-0.2,2670
USGS-01649190,2024-01-21 10:45:00+00:00,7.4,2.6,-0.2,2670
USGS-01649190,2024-01-21 10:50:00+00:00,7.4,2.7,-0.2,2670
USGS-01649190,2024-01-21 10:55:00+00:00,7.4,2.5,-0.2,2670
USGS-01649190,2024-01-21 11:00:00+00:00,7.4,2.6,-0.2,2670
USGS-01649190,2024-01-21 11:05:00+00:00,7.4,2.5,-0.2,2670
USGS-01649190,2024-01-21 11:10:00+00:00,7.4,2.5,-0.2,2670
USGS-01649190,2024-01-21 11:15:00+00:00,7.4,2.5,-0.2,2670
USGS-01649190,2024-01-21 11:20:00+00:00,7.4,2.4,-0.2,2670
USGS-01649190,2024-01-21 11:25:00+00:00,7.4,2.4,-0.2,2670
USGS-01649190,2024-01-21 11:30:00+00:00,7.4,2.3,-0.2,2670
USGS-01649190,2024-01-21 11:35:00+00:00,7.4,2.4,-0.2,2670
USGS-01649190,2024-01-21 11:40:00+00:00,7.4,2.3,-0.2,2680
USGS-01649190,2024-01-21 11:45:00+00:00,7.4,2.3,-0.2,2680
USGS-01649190,2024-01-21 11:50:00+00:00,7.4,2.3,-0.2,2680
USGS-01649190,2024-01-21 11:55:00+00:00,7.4,2.2,-0.2,2680
USGS-01649190,2024-01-21 12:00:00+00:00,7.4,2.3,-0.2,2680
USGS-01649190,2024-01-21 12:05:00+00:00,7.4,2.3,-0.2,2680
USGS-01649190,2024-01-21 12:10:00+00:00,7.4,2.3,-0.2,2690
USGS-01649190,2024-01-21 12:15:00+00:00,7.4,2.3,-0.2,2690
USGS-01649190,2024-01-21 12:20:00+00:00,7.4,2.3,-0.2,2690
USGS-01649190,2024-01-21 12:25:00+00:00,7.4,2.4,-0.2,2700
USGS-01649190,2024-01-21 12:30:00+00:00,7.4,2.4,-0.2,2700
USGS-01649190,2024-01-21 12:35:00+00:00,7.4,2.4,-0.2,2700
USGS-01649190,2024-01-21 12:40:00+00:00,7.4,2.5,-0.2,2710
USGS-01649190,2024-01-21 12:45:00+00:00,7.4,2.4,-0.2,2710
USGS-01649190,2024-01-21 12:50:00+00:00,7.4,2.4,-0.2,2710
USGS-01649190,2024-01-21 12:55:00+00:00,7.4,2.5,-0.2,2720
USGS-01649190,2024-01-21 13:00:00+00:00,7.4,2.5,-0.2,2720
USGS-01649190,2024-01-21 13:05:00+00:00,7.4,2.4,-0.2,2730
USGS-01649190,2024-01-21 13:10:00+00:00,7.4,2.5,-0.2,2730
USGS-01649190,2024-01-21 13:15:00+00:00,7.4,2.4,-0.2,2740
USGS-01649190,2024-01-21 13:20:00+00:00,7.4,2.4,-0.2,2740
USGS-01649190,2024-01-21 13:25:00+00:00,7.4,2.5,-0.2,2750
USGS-01649190,2024-01-21 13:30:00+00:00,7.4,2.4,-0.2,2750
USGS-01649190,2024-01-21 13:35:00+00:00,7.4,2.4,-0.2,2750
USGS-01649190,2024-01-21 13:40:00+00:00,7.4,2.3,-0.2,2760
USGS-01649190,2024-01-21 13:45:00+00:00,7.4,2.3,-0.2,2760
USGS-01649190,2024-01-21 13:50:00+00:00,7.4,2.3,-0.1,2770
USGS-01649190,2024-01-21 13:55:00+00:00,7.4,2.4,-0.1,2770
USGS-01649190,2024-01-21 14:00:00+00:00,7.4,2.3,-0.1,2780
USGS-01649190,2024-01-21 14:05:00+00:00,7.4,2.3,-0.1,2780
USGS-01649190,2024-01-21 14:10:00+00:00,7.4,2.2,-0.1,2800
USGS-01649190,2024-01-21 14:15:00+00:00,7.4,2.2,-0.1,2800
USGS-01649190,2024-01-21 14:20:00+00:00,7.4,2.1,-0.1,2800
USGS-01649190,2024-01-21 14:25:00+00:00,7.4,2.2,-0.1,2810
USGS-01649190,2024-01-21 14:30:00+00:00,7.4,2.3,-0.1,2810
USGS-01649190,2024-01-21 14:35:00+00:00,7.4,2.5,-0.1,2820
USGS-01649190,2024-01-21 14:40:00+00:00,7.4,2.4,-0.1,2820
USGS-01649190,2024-01-21 14:45:00+00:00,7.4,2.5,-0.1,2820
USGS-01649190,2024-01-21 14:50:00+00:00,7.4,2.3,-0.1,2830
USGS-01649190,2024-01-21 14:55:00+00:00,7.4,2.4,-0.1,2840
USGS-01649190,2024-01-21 15:00:00+00:00,7.4,2.8,-0.1,2840
USGS-01649190,2024-01-21 15:05:00+00:00,7.4,3.1,-0.1,2840
USGS-01649190,2024-01-21 15:10:00+00:00,7.4,3.7,-0.1,2850
USGS-01649190,2024-01-21 15:15:00+00:00,7.4,3.6,-0.1,2850
USGS-01649190,2024-01-21 15:20:00+00:00,7.4,2.2,-0.1,2850
USGS-01649190,2024-01-21 15:25:00+00:00,7.4,2.1,-0.1,2860
USGS-01649190,2024-01-21 15:30:00+00:00,7.4,2.0,-0.1,2860
USGS-01649190,2024-01-21 15:35:00+00:00,7.4,2.1,-0.1,2860
USGS-01649190,2024-01-21 15:40:00+00:00,7.4,2.1,-0.1,2860
USGS-01649190,2024-01-21 15:45:00+00:00,7.4,2.0,-0.1,2870
USGS-01649190,2024-01-21 15:50:00+00:00,7.4,1.9,-0.1,2870
USGS-01649190,2024-01-21 15:55:00+00:00,7.4,1.9,-0.1,2870
USGS-01649190,2024-01-21 16:00:00+00:00,7.4,1.8,-0.1,2870
USGS-01649190,2024-01-21 16:05:00+00:00,7.4,1.9,-0.1,2870
USGS-01649190,2024-01-21 16:10:00+00:00,7.4,1.8,-0.1,2880
USGS-01649190,2024-01-21 16:15:00+00:00,7.4,1.9,-0.1,2880
USGS-01649190,2024-01-21 16:20:00+00:00,7.4,1.9,-0.1,2880
USGS-01649190,2024-01-21 16:25:00+00:00,7.4,2.0,-0.1,2880
USGS-01649190,2024-01-21 16:30:00+00:00,7.4,2.0,-0.1,2880
USGS-01649190,2024-01-21 16:35:00+00:00,7.4,2.0,-0.1,2870
USGS-01649190,2024-01-21 16:40:00+00:00,7.4,2.0,-0.1,2870
USGS-01649190,2024-01-21 16:45:00+00:00,7.4,2.0,-0.1,2870
USGS-01649190,2024-01-21 16:50:00+00:00,7.4,2.0,-0.0,2870
USGS-01649190,2024-01-21 16:55:00+00:00,7.4,2.0,-0.0,2870
USGS-01649190,2024-01-21 17:00:00+00:00,7.4,2.1,-0.0,2860
USGS-01649190,2024-01-21 17:05:00+00:00,7.4,2.1,-0.0,2860
USGS-01649190,2024-01-21 17:10:00+00:00,7.4,2.2,-0.0,2860
USGS-01649190,2024-01-21 17:15:00+00:00,7.4,2.1,-0.0,2850
USGS-01649190,2024-01-21 17:20:00+00:00,7.4,2.1,-0.0,2850
USGS-01649190,2024-01-21 17:25:00+00:00,7.4,2.2,-0.0,2840
USGS-01649190,2024-01-21 17:30:00+00:00,7.4,2.3,-0.0,2840
USGS-01649190,2024-01-21 17:35:00+00:00,7.4,2.4,0.0,2830
USGS-01649190,2024-01-21 17:40:00+00:00,7.4,2.5,0.0,2820
USGS-01649190,2024-01-21 17:45:00+00:00,7.4,2.4,0.0,2820
USGS-01649190,2024-01-21 17:50:00+00:00,7.4,2.4,0.0,2810
USGS-01649190,2024-01-21 17:55:00+00:00,7.4,2.5,0.0,2800
USGS-01649190,2024-01-21 18:00:00+00:00,7.4,2.6,0.0,2790
USGS-01649190,2024-01-21 18:05:00+00:00,7.4,2.6,0.0,2790
USGS-01649190,2024-01-21 18:10:00+00:00,7.4,2.7,0.0,2780
USGS-01649190,2024-01-21 18:15:00+00:00,7.4,2.6,0.0,2770
USGS-01649190,2024-01-21 18:20:00+00:00,7.4,2.6,0.0,2760
USGS-01649190,2024-01-21 18:25:00+00:00,7.4,2.6,0.0,2750
USGS-01649190,2024-01-21 18:30:00+00:00,7.4,2.5,0.0,2750
USGS-01649190,2024-01-21 18:35:00+00:00,7.4,2.6,0.1,2740
USGS-01649190,2024-01-21 18:40:00+00:00,7.4,2.5,0.0,2730
USGS-01649190,2024-01-21 18:45:00+00:00,7.4,2.5,0.1,2730
USGS-01649190,2024-01-21 18:50:00+00:00,7.4,2.6,0.0,2710
USGS-01649190,2024-01-21 18:55:00+00:00,7.4,2.5,0.0,2710
USGS-01649190,2024-01-21 19:00:00+00:00,7.4,2.4,0.0,2700
USGS-01649190,2024-01-21 19:05:00+00:00,7.4,2.5,0.0,2690
USGS-01649190,2024-01-21 19:10:00+00:00,7.4,2.4,0.0,2690
USGS-01649190,2024-01-21 19:15:00+00:00,7.4,2.4,0.0,2670
USGS-01649190,2024-01-21 19:20:00+00:00,7.4,2.4,0.0,2660
USGS-01649190,2024-01-21 19:25:00+00:00,7.4,2.4,0.0,2660
USGS-01649190,2024-01-21 19:30:00+00:00,7.4,2.4,0.0,2650
USGS-01649190,2024-01-21 19:35:00+00:00,7.4,2.4,0.0,2640
USGS-01649190,2024-01-21 19:40:00+00:00,7.4,2.5,0.0,2630
USGS-01649190,2024-01-21 19:45:00+00:00,7.4,2.4,0.0,2620
USGS-01649190,2024-01-21 19:50:00+00:00,7.4,2.6,0.0,2610
USGS-01649190,2024-01-21 19:55:00+00:00,7.4,2.5,0.0,2610
USGS-01649190,2024-01-21 20:00:00+00:00,7.4,2.4,0.0,2590
USGS-01649190,2024-01-21 20:05:00+00:00,7.4,2.5,0.0,2590
USGS-01649190,2024-01-21 20:10:00+00:00,7.4,2.5,0.0,2580
USGS-01649190,2024-01-21 20:15:00+00:00,7.4,2.4,0.0,2570
USGS-01649190,2024-01-21 20:20:00+00:00,7.4,2.5,0.0,2560
USGS-01649190,2024-01-21 20:25:00+00:00,7.4,2.5,0.0,2560
USGS-01649190,2024-01-21 20:30:00+00:00,7.4,2.4,0.0,2540
USGS-01649190,2024-01-21 20:35:00+00:00,7.4,2.5,0.0,2540
USGS-01649190,2024-01-21 20:40:00+00:00,7.4,2.5,0.0,2530
USGS-01649190,2024-01-21 20:45:00+00:00,7.4,2.6,0.0,2520
USGS-01649190,2024-01-21 20:50:00+00:00,7.4,2.6,0.0,2510
USGS-01649190,2024-01-21 20:55:00+00:00,7.4,2.5,0.0,2500
USGS-01649190,2024-01-21 21:00:00+00:00,7.4,2.5,0.0,2500
USGS-01649190,2024-01-21 21:05:00+00:00,7.4,2.4,0.0,2490
USGS-01649190,2024-01-21 21:10:00+00:00,7.4,2.4,0.0,2480
USGS-01649190,2024-01-21 21:15:00+00:00,7.4,2.4,0.0,2470
USGS-01649190,2024-01-21 21:20:00+00:00,7.4,2.6,0.0,2460
USGS-01649190,2024-01-21 21:25:00+00:00,7.4,2.4,0.0,2460
USGS-01649190,2024-01-21 21:30:00+00:00,7.4,2.4,0.0,2450
USGS-01649190,2024-01-21 21:35:00+00:00,7.4,2.4,0.0,2440
USGS-01649190,2024-01-21 21:40:00+00:00,7.4,2.4,0.0,2430
USGS-01649190,2024-01-21 21:45:00+00:00,7.4,2.4,0.0,2420
USGS-01649190,2024-01-21 21:50:00+00:00,7.4,2.4,0.0,2410
USGS-01649190,2024-01-21 21:55:00+00:00,7.4,2.4,0.0,2410
USGS-01649190,2024-01-21 22:00:00+00:00,7.4,2.4,0.0,2400
USGS-01649190,2024-01-21 22:05:00+00:00,7.4,2.4,0.0,2400
USGS-01649190,2024-01-21 22:10:00+00:00,7.4,2.4,0.0,2390
USGS-01649190,2024-01-21 22:15:00+00:00,7.4,2.3,0.0,2380
USGS-01649190,2024-01-21 22:20:00+00:00,7.4,2.2,-0.0,2370
USGS-01649190,2024-01-21 22:25:00+00:00,7.4,2.3,0.0,2370
USGS-01649190,2024-01-21 22:30:00+00:00,7.4,2.3,-0.0,2350
USGS-01649190,2024-01-21 22:35:00+00:00,7.4,2.3,-0.0,2350
USGS-01649190,2024-01-21 22:40:00+00:00,7.4,2.3,-0.0,2350
USGS-01649190,2024-01-21 22:45:00+00:00,7.4,2.3,-0.0,2340
USGS-01649190,2024-01-21 22:50:00+00:00,7.4,2.3,-0.0,2320
USGS-01649190,2024-01-21 22:55:00+00:00,7.4,2.2,-0.0,2320
USGS-01649190,2024-01-21 23:00:00+00:00,7.4,2.3,-0.0,2310
USGS-01649190,2024-01-21 23:05:00+00:00,7.4,2.3,-0.0,2300
USGS-01649190,2024-01-21 23:10:00+00:00,7.4,2.5,-0.0,2290
USGS-01649190,2024-01-21 23:15:00+00:00,7.4,2.5,-0.0,2280
USGS-01649190,2024-01-21 23:20:00+00:00,7.4,2.7,-0.0,2280
USGS-01649190,2024-01-21 23:25:00+00:00,7.4,2.5,-0.0,2270
USGS-01649190,2024-01-21 23:30:00+00:00,7.4,2.5,-0.0,2270
USGS-01649190,2024-01-21 23:35:00+00:00,7.4,2.7,-0.1,2260
USGS-01649190,2024-01-21 23:40:00+00:00,7.4,2.5,-0.1,2250
USGS-01649190,2024-01-21 23:45:00+00:00,7.4,2.4,-0.1,2240
USGS-01649190,2024-01-21 23:50:00+00:00,7.4,2.3,-0.1,2230
USGS-01649190,2024-01-21 23:55:00+00:00,7.4,2.3,-0.1,2230
USGS-01649190,2024-01-22 00:00:00+00:00,7.4,2.3,-0.1,2230
USGS-01649190,2024-01-22 00:05:00+00:00,7.4,2.2,-0.1,2210
USGS-01649190,2024-01-22 00:10:00+00:00,7.4,2.3,-0.1,2210
USGS-01649190,2024-01-22 00:15:00+00:00,7.4,2.3,-0.1,2210
USGS-01649190,2024-01-22 00:20:00+00:00,7.4,2.2,-0.1,2190
USGS-01649190,2024-01-22 00:25:00+00:00,7.4,2.2,-0.1,2190
USGS-01649190,2024-01-22 00:30:00+00:00,7.4,2.2,-0.1,2180
USGS-01649190,2024-01-22 00:35:00+00:00,7.4,2.1,-0.1,2170
USGS-01649190,2024-01-22 00:40:00+00:00,7.4,2.1,-0.1,2160
USGS-01649190,2024-01-22 00:45:00+00:00,7.4,2.1,-0.1,2160
USGS-01649190,2024-01-22 00:50:00+00:00,7.4,2.1,-0.1,2150
USGS-01649190,2024-01-22 00:55:00+00:00,7.4,2.0,-0.1,2140
USGS-01649190,2024-01-22 01:00:00+00:00,7.4,2.0,-0.1,2140
USGS-01649190,2024-01-22 01:05:00+00:00,7.4,2.0,-0.1,2140
USGS-01649190,2024-01-22 01:10:00+00:00,7.4,2.0,-0.1,2130
USGS-01649190,2024-01-22 01:15:00+00:00,7.4,2.0,-0.1,2120
USGS-01649190,2024-01-22 01:20:00+00:00,7.4,2.0,-0.1,2120
USGS-01649190,2024-01-22 01:25:00+00:00,7.4,1.9,-0.1,2110
USGS-01649190,2024-01-22 01:30:00+00:00,7.4,2.0,-0.1,2100
USGS-01649190,2024-01-22 01:35:00+00:00,7.4,1.9,-0.1,2100
USGS-01649190,2024-01-22 01:40:00+00:00,7.4,2.0,-0.1,2090
USGS-01649190,2024-01-22 01:45:00+00:00,7.4,2.0,-0.1,2090
USGS-01649190,2024-01-22 01:50:00+00:00,7.4,2.0,-0.1,2080
USGS-01649190,2024-01-22 01:55:00+00:00,7.4,2.0,-0.1,2080
USGS-01649190,2024-01-22 02:00:00+00:00,7.4,2.0,-0.1,2080
USGS-01649190,2024-01-22 02:05:00+00:00,7.4,1.9,-0.1,2070
USGS-01649190,2024-01-22 02:10:00+00:00,7.4,1.9,-0.1,2070
USGS-01649190,2024-01-22 02:15:00+00:00,7.4,1.9,-0.1,2060
USGS-01649190,2024-01-22 02:20:00+00:00,7.4,2.0,-0.1,2050
USGS-01649190,2024-01-22 02:25:00+00:00,7.4,1.9,-0.1,2050
USGS-01649190,2024-01-22 02:30:00+00:00,7.4,1.9,-0.1,2040
USGS-01649190,2024-01-22 02:35:00+00:00,7.4,2.0,-0.1,2040
USGS-01649190,2024-01-22 02:40:00+00:00,7.4,1.9,-0.1,2040
USGS-01649190,2024-01-22 02:45:00+00:00,7.4,1.9,-0.1,2030
USGS-01649190,2024-01-22 02:50:00+00:00,7.4,2.0,-0.1,2030
USGS-01649190,2024-01-22 02:55:00+00:00,7.4,1.8,-0.1,2020
USGS-01649190,2024-01-22 03:00:00+00:00,7.4,1.9,-0.1,2020
USGS-01649190,2024-01-22 03:05:00+00:00,7.4,1.9,-0.1,2020
USGS-01649190,2024-01-22 03:10:00+00:00,7.4,1.9,-0.1,2010
USGS-01649190,2024-01-22 03:15:00+00:00,7.4,1.9,-0.1,2000
USGS-01649190,2024-01-22 03:20:00+00:00,7.4,1.9,-0.1,2000
USGS-01649190,2024-01-22 03:25:00+00:00,7.4,1.9,-0.2,2000
USGS-01649190,2024-01-22 03:30:00+00:00,7.4,1.8,-0.2,1990
USGS-01649190,2024-01-22 03:35:00+00:00,7.4,1.9,-0.2,1990
USGS-01649190,2024-01-22 03:40:00+00:00,7.4,2.0,-0.2,1990
USGS-01649190,2024-01-22 03:45:00+00:00,7.4,2.0,-0.2,1980
USGS-01649190,2024-01-22 03:50:00+00:00,7.4,1.9,-0.2,1970
USGS-01649190,2024-01-22 03:55:00+00:00,7.4,1.9,-0.2,1970
USGS-01649190,2024-01-22 04:00:00+00:00,7.4,1.9,-0.2,1970
USGS-01649190,2024-01-22 04:05:00+00:00,7.4,2.0,-0.2,1960
USGS-01649190,2024-01-22 04:10:00+00:00,7.4,1.9,-0.2,1960
USGS-01649190,2024-01-22 04:15:00+00:00,7.4,1.9,-0.2,1950
USGS-01649190,2024-01-22 04:20:00+00:00,7.4,1.9,-0.2,1950
USGS-01649190,2024-01-22 04:25:00+00:00,7.4,1.9,-0.2,1950
USGS-01649190,2024-01-22 04:30:00+00:00,7.4,1.8,-0.2,1940
USGS-01649190,2024-01-22 04:35:00+00:00,7.4,1.8,-0.2,1940
USGS-01649190,2024-01-22 04:40:00+00:00,7.4,1.9,-0.2,1940
USGS-01649190,2024-01-22 04:45:00+00:00,7.4,1.8,-0.2,1930
USGS-01649190,2024-01-22 04:50:00+00:00,7.4,1.9,-0.2,1930
USGS-01649190,2024-01-22 04:55:00+00:00,7.4,1.9,-0.2,1920
USGS-01649190,2024-01-22 05:00:00+00:00,7.4,2.0,-0.2,1920
USGS-01649190,2024-01-22 05:05:00+00:00,7.4,1.9,-0.2,1910
USGS-01649190,2024-01-22 05:10:00+00:00,7.4,2.0,-0.2,1910
USGS-01649190,2024-01-22 05:15:00+00:00,7.4,2.0,-0.2,1910
USGS-01649190,2024-01-22 05:20:00+00:00,7.4,2.1,-0.2,1900
USGS-01649190,2024-01-22 05:25:00+00:00,7.4,2.1,-0.2,1900
USGS-01649190,2024-01-22 05:30:00+00:00,7.4,2.1,-0.2,1900
USGS-01649190,2024-01-22 05:35:00+00:00,7.4,2.2,-0.2,1890
USGS-01649190,2024-01-22 05:40:00+00:00,7.4,2.2,-0.1,1890
USGS-01649190,2024-01-22 05:45:00+00:00,7.4,2.2,-0.1,1890
USGS-01649190,2024-01-22 05:50:00+00:00,7.4,2.3,-0.1,1880
USGS-01649190,2024-01-22 05:55:00+00:00,7.4,2.2,-0.1,1880
USGS-01649190,2024-01-22 06:00:00+00:00,7.4,2.2,-0.1,1870
USGS-01649190,2024-01-22 06:05:00+00:00,7.4,2.3,-0.1,1870
USGS-01649190,2024-01-22 06:10:00+00:00,7.4,2.3,-0.1,1870
USGS-01649190,2024-01-22 06:15:00+00:00,7.4,2.3,-0.1,1870
USGS-01649190,2024-01-22 06:20:00+00:00,7.4,2.2,-0.1,1860
USGS-01649190,2024-01-22 06:25:00+00:00,7.4,2.2,-0.1,1860
USGS-01649190,2024-01-22 06:30:00+00:00,7.4,2.2,-0.1,1860
USGS-01649190,2024-01-22 06:35:00+00:00,7.4,2.3,-0.1,1850
USGS-01649190,2024-01-22 06:40:00+00:00,7.4,2.2,-0.1,1850
USGS-01649190,2024-01-22 06:45:00+00:00,7.4,2.2,-0.1,1850
USGS-01649190,2024-01-22 06:50:00+00:00,7.4,2.2,-0.1,1840
USGS-01649190,2024-01-22 06:55:00+00:00,7.4,2.2,-0.1,1840
USGS-01649190,2024-01-22 07:00:00+00:00,7.4,2.3,-0.1,1840
USGS-01649190,2024-01-22 07:05:00+00:00,7.4,2.3,-0.1,1840
USGS-01649190,2024-01-22 07:10:00+00:00,7.4,2.2,-0.1,1830
USGS-01649190,2024-01-22 07:15:00+00:00,7.4,2.2,-0.1,1830
USGS-01649190,2024-01-22 07:20:00+00:00,7.4,2.2,-0.1,1830
USGS-01649190,2024-01-22 07:25:00+00:00,7.4,2.1,-0.1,1820
USGS-01649190,2024-01-22 07:30:00+00:00,7.4,2.1,-0.1,1820
USGS-01649190,2024-01-22 07:35:00+00:00,7.4,2.2,-0.1,1820
USGS-01649190,2024-01-22 07:40:00+00:00,7.4,2.2,-0.1,1820
USGS-01649190,2024-01-22 07:45:00+00:00,7.4,2.1,-0.1,1820
USGS-01649190,2024-01-22 07:50:00+00:00,7.4,2.1,-0.1,1810
USGS-01649190,2024-01-22 07:55:00+00:00,7.4,2.1,-0.1,1810
USGS-01649190,2024-01-22 08:00:00+00:00,7.4,2.1,-0.1,1810
USGS-01649190,2024-01-22 08:05:00+00:00,7.4,2.2,-0.1,1810
USGS-01649190,2024-01-22 08:10:00+00:00,7.4,2.4,-0.1,1800
USGS-01649190,2024-01-22 08:15:00+00:00,7.4,2.6,-0.1,1800
USGS-01649190,2024-01-22 08:20:00+00:00,7.4,2.7,-0.1,1800
USGS-01649190,2024-01-22 08:25:00+00:00,7.4,2.5,-0.1,1790
USGS-01649190,2024-01-22 08:30:00+00:00,7.4,2.4,-0.1,1790
USGS-01649190,2024-01-22 08:35:00+00:00,7.4,2.2,-0.1,1790
USGS-01649190,2024-01-22 08:40:00+00:00,7.4,2.2,-0.1,1790
USGS-01649190,2024-01-22 08:45:00+00:00,7.4,2.2,-0.1,1790
USGS-01649190,2024-01-22 08:50:00+00:00,7.4,2.2,-0.1,1790
USGS-01649190,2024-01-22 08:55:00+00:00,7.4,2.1,-0.1,1780
USGS-01649190,2024-01-22 09:00:00+00:00,7.4,2.1,-0.1,1780
USGS-01649190,2024-01-22 09:05:00+00:00,7.4,2.1,-0.1,1780
USGS-01649190,2024-01-22 09:10:00+00:00,7.4,2.1,-0.1,1780
USGS-01649190,2024-01-22 09:15:00+00:00,7.4,2.0,-0.1,1770
USGS-01649190,2024-01-22 09:20:00+00:00,7.4,2.0,-0.1,1770
USGS-01649190,2024-01-22 09:25:00+00:00,7.4,2.1,-0.1,1770
USGS-01649190,2024-01-22 09:30:00+00:00,7.4,2.0,-0.1,1770
USGS-01649190,2024-01-22 09:35:00+00:00,7.4,2.1,-0.1,1770
USGS-01649190,2024-01-22 09:40:00+00:00,7.4,2.0,-0.1,1770
USGS-01649190,2024-01-22 09:45:00+00:00,7.4,2.0,-0.1,1770
USGS-01649190,2024-01-22 09:50:00+00:00,7.4,2.0,-0.1,1770
USGS-01649190,2024-01-22 09:55:00+00:00,7.4,2.1,-0.1,1760
USGS-01649190,2024-01-22 10:00:00+00:00,7.4,2.0,-0.1,1760
USGS-01649190,2024-01-22 10:05:00+00:00,7.4,2.0,-0.1,1760
USGS-01649190,2024-01-22 10:10:00+00:00,7.4,2.0,-0.1,1760
USGS-01649190,2024-01-22 10:15:00+00:00,7.4,2.0,-0.1,1760
USGS-01649190,2024-01-22 10:20:00+00:00,7.4,2.0,-0.1,1760
USGS-01649190,2024-01-22 10:25:00+00:00,7.4,2.0,-0.1,1750
USGS-01649190,2024-01-22 10:30:00+00:00,7.4,2.0,-0.1,1750
USGS-01649190,2024-01-22 10:35:00+00:00,7.4,2.0,-0.1,1750
USGS-01649190,2024-01-22 10:40:00+00:00,7.4,2.0,-0.1,1750
USGS-01649190,2024-01-22 10:45:00+00:00,7.4,1.9,-0.1,1750
USGS-01649190,2024-01-22 10:50:00+00:00,7.4,2.0,-0.1,1750
USGS-01649190,2024-01-22 10:55:00+00:00,7.4,2.0,-0.1,1750
USGS-01649190,2024-01-22 11:00:00+00:00,7.4,1.9,-0.1,1750
USGS-01649190,2024-01-22 11:05:00+00:00,7.4,2.0,-0.1,1750
USGS-01649190,2024-01-22 11:10:00+00:00,7.4,1.9,-0.1,1750
USGS-01649190,2024-01-22 11:15:00+00:00,7.4,2.0,-0.1,1750
USGS-01649190,2024-01-22 11:20:00+00:00,7.4,2.0,-0.1,1750
USGS-01649190,2024-01-22 11:25:00+00:00,7.4,2.0,-0.1,1740
USGS-01649190,2024-01-22 11:30:00+00:00,7.4,2.0,-0.1,1740
USGS-01649190,2024-01-22 11:35:00+00:00,7.4,1.9,-0.1,1740
USGS-01649190,2024-01-22 11:40:00+00:00,7.4,1.8,-0.1,1740
USGS-01649190,2024-01-22 11:45:00+00:00,7.4,1.9,-0.1,1740
USGS-01649190,2024-01-22 11:50:00+00:00,7.4,1.9,-0.1,1740
USGS-01649190,2024-01-22 11:55:00+00:00,7.4,1.9,-0.1,1740
USGS-01649190,2024-01-22 12:00:00+00:00,7.4,1.9,-0.1,1740
USGS-01649190,2024-01-22 12:05:00+00:00,7.4,1.9,-0.1,1740
USGS-01649190,2024-01-22 12:10:00+00:00,7.4,2.0,-0.1,1740
USGS-01649190,2024-01-22 12:15:00+00:00,7.4,2.0,-0.1,1740
USGS-01649190,2024-01-22 12:20:00+00:00,7.4,2.0,-0.1,1740
USGS-01649190,2024-01-22 12:25:00+00:00,7.4,2.0,-0.1,1740
USGS-01649190,2024-01-22 12:30:00+00:00,7.4,2.0,-0.1,1740
USGS-01649190,2024-01-22 12:35:00+00:00,7.4,2.1,-0.1,1740
USGS-01649190,2024-01-22 12:40:00+00:00,7.4,2.1,-0.1,1740
USGS-01649190,2024-01-22 12:45:00+00:00,7.4,2.2,-0.1,1740
USGS-01649190,2024-01-22 12:50:00+00:00,7.4,2.2,-0.1,1740
USGS-01649190,2024-01-22 12:55:00+00:00,7.4,2.3,-0.1,1740
USGS-01649190,2024-01-22 13:00:00+00:00,7.4,2.3,-0.1,1740
USGS-01649190,2024-01-22 13:05:00+00:00,7.4,2.2,-0.1,1730
USGS-01649190,2024-01-22 13:10:00+00:00,7.4,2.2,-0.1,1730
USGS-01649190,2024-01-22 13:15:00+00:00,7.4,2.2,-0.1,1730
USGS-01649190,2024-01-22 13:20:00+00:00,7.4,2.2,-0.1,1730
USGS-01649190,2024-01-22 13:25:00+00:00,7.4,2.3,-0.1,1730
USGS-01649190,2024-01-22 13:30:00+00:00,7.4,2.3,-0.1,1730
USGS-01649190,2024-01-22 13:35:00+00:00,7.4,2.2,-0.1,1730
USGS-01649190,2024-01-22 13:40:00+00:00,7.4,2.2,-0.1,1730
USGS-01649190,2024-01-22 13:45:00+00:00,7.4,2.3,-0.1,1730
USGS-01649190,2024-01-22 13:50:00+00:00,7.4,2.2,-0.1,1730
USGS-01649190,2024-01-22 13:55:00+00:00,7.4,2.2,-0.1,1730
USGS-01649190,2024-01-22 14:00:00+00:00,7.4,2.1,-0.1,1730
USGS-01649190,2024-01-22 14:05:00+00:00,7.4,2.2,-0.1,1730
USGS-01649190,2024-01-22 14:10:00+00:00,7.4,2.1,-0.1,1730
USGS-01649190,2024-01-22 14:15:00+00:00,7.4,2.1,-0.1,1730
USGS-01649190,2024-01-22 14:20:00+00:00,7.4,2.0,-0.1,1730
USGS-01649190,2024-01-22 14:25:00+00:00,7.4,2.0,-0.1,1730
USGS-01649190,2024-01-22 14:30:00+00:00,7.4,2.1,-0.1,1730
USGS-01649190,2024-01-22 14:35:00+00:00,7.4,2.0,-0.1,1730
USGS-01649190,2024-01-22 14:40:00+00:00,7.4,2.0,-0.1,1730
USGS-01649190,2024-01-22 14:45:00+00:00,7.4,2.1,-0.1,1730
USGS-01649190,2024-01-22 14:50:00+00:00,7.4,2.0,-0.1,1720
USGS-01649190,2024-01-22 14:55:00+00:00,7.4,2.0,-0.1,1720
USGS-01649190,2024-01-22 15:00:00+00:00,7.4,1.9,-0.1,1720
USGS-01649190,2024-01-22 15:05:00+00:00,7.4,2.0,-0.1,1720
USGS-01649190,2024-01-22 15:10:00+00:00,7.4,2.0,-0.1,1720
USGS-01649190,2024-01-22 15:15:00+00:00,7.4,2.1,-0.1,1720
USGS-01649190,2024-01-22 15:20:00+00:00,7.4,2.0,-0.1,1720
USGS-01649190,2024-01-22 15:25:00+00:00,7.4,2.0,-0.1,1720
USGS-01649190,2024-01-22 15:30:00+00:00,7.4,2.0,-0.1,1720
USGS-01649190,2024-01-22 15:35:00+00:00,7.4,2.0,-0.1,1720
USGS-01649190,2024-01-22 15:40:00+00:00,7.4,2.0,-0.1,1720
USGS-01649190,2024-01-22 15:45:00+00:00,7.4,2.1,-0.0,1710
USGS-01649190,2024-01-22 15:50:00+00:00,7.4,2.0,-0.0,1710
USGS-01649190,2024-01-22 15:55:00+00:00,7.4,2.0,-0.0,1710
USGS-01649190,2024-01-22 16:00:00+00:00,7.4,2.0,-0.0,1710
USGS-01649190,2024-01-22 16:05:00+00:00,7.4,2.0,-0.0,1710
USGS-01649190,2024-01-22 16:10:00+00:00,7.4,2.1,0.0,1710
USGS-01649190,2024-01-22 16:15:00+00:00,7.4,2.0,0.0,1710
USGS-01649190,2024-01-22 16:20:00+00:00,7.4,2.0,0.0,1710
USGS-01649190,2024-01-22 16:25:00+00:00,7.4,2.0,0.0,1710
USGS-01649190,2024-01-22 16:30:00+00:00,7.4,2.0,0.1,1710
USGS-01649190,2024-01-22 16:35:00+00:00,7.4,2.1,0.1,1710
USGS-01649190,2024-01-22 16:40:00+00:00,7.4,2.0,0.1,1710
USGS-01649190,2024-01-22 16:45:00+00:00,7.4,2.0,0.1,1710
USGS-01649190,2024-01-22 16:50:00+00:00,7.4,2.0,0.1,1710
USGS-01649190,2024-01-22 16:55:00+00:00,7.4,2.0,0.1,1710
USGS-01649190,2024-01-22 17:00:00+00:00,7.4,2.0,0.1,1710
USGS-01649190,2024-01-22 17:05:00+00:00,7.4,2.0,0.1,1710
USGS-01649190,2024-01-22 17:10:00+00:00,7.4,2.0,0.1,1710
USGS-01649190,2024-01-22 17:15:00+00:00,7.4,2.1,0.2,1710
USGS-01649190,2024-01-22 17:20:00+00:00,7.4,2.2,0.2,1700
USGS-01649190,2024-01-22 17:25:00+00:00,7.4,2.1,0.2,1700
USGS-01649190,2024-01-22 17:30:00+00:00,7.4,2.1,0.2,1700
USGS-01649190,2024-01-22 17:35:00+00:00,7.4,2.2,0.2,1700
USGS-01649190,2024-01-22 17:40:00+00:00,7.4,2.1,0.2,1700
USGS-01649190,2024-01-22 17:45:00+00:00,7.4,2.1,0.2,1700
USGS-01649190,2024-01-22 17:50:00+00:00,7.4,2.2,0.2,1710
USGS-01649190,2024-01-22 17:55:00+00:00,7.4,2.2,0.2,1710
USGS-01649190,2024-01-22 18:00:00+00:00,7.4,2.2,0.2,1710
USGS-01649190,2024-01-22 18:05:00+00:00,7.4,2.2,0.2,1710
USGS-01649190,2024-01-22 18:10:00+00:00,7.4,2.1,0.2,1710
USGS-01649190,2024-01-22 18:15:00+00:00,7.4,2.1,0.2,1710
USGS-01649190,2024-01-22 18:20:00+00:00,7.4,2.1,0.2,1710
USGS-01649190,2024-01-22 18:25:00+00:00,7.4,2.1,0.2,1710
USGS-01649190,2024-01-22 18:30:00+00:00,7.4,2.2,0.2,1710
USGS-01649190,2024-01-22 18:35:00+00:00,7.4,2.0,0.2,1710
USGS-01649190,2024-01-22 18:40:00+00:00,7.4,2.1,0.2,1720
USGS-01649190,2024-01-22 18:45:00+00:00,7.4,2.1,0.2,1720
USGS-01649190,2024-01-22 18:50:00+00:00,7.4,2.1,0.2,1720
USGS-01649190,2024-01-22 18:55:00+00:00,7.4,2.1,0.2,1720
USGS-01649190,2024-01-22 19:00:00+00:00,7.4,2.1,0.2,1730
USGS-01649190,2024-01-22 19:05:00+00:00,7.4,2.1,0.2,1730
USGS-01649190,2024-01-22 19:10:00+00:00,7.4,2.0,0.2,1730
USGS-01649190,2024-01-22 19:15:00+00:00,7.4,2.1,0.2,1730
USGS-01649190,2024-01-22 19:20:00+00:00,7.4,2.0,0.2,1740
USGS-01649190,2024-01-22 19:25:00+00:00,7.4,2.0,0.2,1740
USGS-01649190,2024-01-22 19:30:00+00:00,7.4,2.1,0.2,1750
USGS-01649190,2024-01-22 19:35:00+00:00,7.4,2.1,0.2,1750
USGS-01649190,2024-01-22 19:40:00+00:00,7.4,2.0,0.2,1760
USGS-01649190,2024-01-22 19:45:00+00:00,7.4,2.0,0.2,1760
USGS-01649190,2024-01-22 19:50:00+00:00,7.4,2.1,0.2,1760
USGS-01649190,2024-01-22 19:55:00+00:00,7.4,2.1,0.2,1770
USGS-01649190,2024-01-22 20:00:00+00:00,7.4,2.1,0.3,1770
USGS-01649190,2024-01-22 20:05:00+00:00,7.4,2.1,0.3,1780
USGS-01649190,2024-01-22 20:10:00+00:00,7.4,2.1,0.3,1780
USGS-01649190,2024-01-22 20:15:00+00:00,7.4,2.0,0.3,1790
USGS-01649190,2024-01-22 20:20:00+00:00,7.4,2.1,0.3,1790
USGS-01649190,2024-01-22 20:25:00+00:00,7.4,2.1,0.3,1800
USGS-01649190,2024-01-22 20:30:00+00:00,7.4,2.2,0.3,1810
USGS-01649190,2024-01-22 20:35:00+00:00,7.4,2.0,0.3,1810
USGS-01649190,2024-01-22 20:40:00+00:00,7.4,2.0,0.3,1820
USGS-01649190,2024-01-22 20:45:00+00:00,7.4,2.0,0.3,1820
USGS-01649190,2024-01-22 20:50:00+00:00,7.4,2.1,0.3,1830
USGS-01649190,2024-01-22 20:55:00+00:00,7.4,2.1,0.3,1830
USGS-01649190,2024-01-22 21:00:00+00:00,7.4,2.1,0.3,1840
USGS-01649190,2024-01-22 21:05:00+00:00,7.4,2.1,0.3,1850
USGS-01649190,2024-01-22 21:10:00+00:00,7.4,2.1,0.3,1850
USGS-01649190,2024-01-22 21:15:00+00:00,7.4,2.1,0.3,1860
USGS-01649190,2024-01-22 21:20:00+00:00,7.4,2.0,0.3,1860
USGS-01649190,2024-01-22 21:25:00+00:00,7.4,2.1,0.3,1870
USGS-01649190,2024-01-22 21:30:00+00:00,7.4,2.0,0.3,1880
USGS-01649190,2024-01-22 21:35:00+00:00,7.4,2.0,0.3,1890
USGS-01649190,2024-01-22 21:40:00+00:00,7.4,2.0,0.3,1890
USGS-01649190,2024-01-22 21:45:00+00:00,7.4,2.0,0.3,1900
USGS-01649190,2024-01-22 21:50:00+00:00,7.4,2.0,0.3,1910
USGS-01649190,2024-01-22 21:55:00+00:00,7.4,2.1,0.3,1910
USGS-01649190,2024-01-22 22:00:00+00:00,7.4,2.0,0.3,1920
USGS-01649190,2024-01-22 22:05:00+00:00,7.4,2.0,0.3,1930
USGS-01649190,2024-01-22 22:10:00+00:00,7.4,2.1,0.3,1930
USGS-01649190,2024-01-22 22:15:00+00:00,7.4,2.2,0.3,1940
USGS-01649190,2024-01-22 22:20:00+00:00,7.4,2.1,0.3,1950
USGS-01649190,2024-01-22 22:25:00+00:00,7.4,2.2,0.3,1950
USGS-01649190,2024-01-22 22:30:00+00:00,7.4,2.1,0.3,1950
USGS-01649190,2024-01-22 22:35:00+00:00,7.4,2.2,0.3,1970
USGS-01649190,2024-01-22 22:40:00+00:00,7.4,2.2,0.3,1970
USGS-01649190,2024-01-22 22:45:00+00:00,7.4,2.1,0.2,1980
USGS-01649190,2024-01-22 22:50:00+00:00,7.4,2.2,0.2,1980
USGS-01649190,2024-01-22 22:55:00+00:00,7.4,2.3,0.2,1990
USGS-01649190,2024-01-22 23:00:00+00:00,7.4,2.6,0.2,2000
USGS-01649190,2024-01-22 23:05:00+00:00,7.4,2.6,0.2,2000
USGS-01649190,2024-01-22 23:10:00+00:00,7.4,2.4,0.2,2000
USGS-01649190,2024-01-22 23:15:00+00:00,7.4,2.3,0.2,2010
USGS-01649190,2024-01-22 23:20:00+00:00,7.4,2.2,0.2,2020
USGS-01649190,2024-01-22 23:25:00+00:00,7.4,2.2,0.2,2020
USGS-01649190,2024-01-22 23:30:00+00:00,7.4,2.2,0.2,2020
USGS-01649190,2024-01-22 23:35:00+00:00,7.4,2.2,0.2,2030
USGS-01649190,2024-01-22 23:40:00+00:00,7.4,2.1,0.2,2030
USGS-01649190,2024-01-22 23:45:00+00:00,7.4,2.1,0.2,2040
USGS-01649190,2024-01-22 23:50:00+00:00,7.4,2.1,0.2,2040
USGS-01649190,2024-01-22 23:55:00+00:00,7.4,2.0,0.2,2050
USGS-01649190,2024-01-23 00:00:00+00:00,7.4,2.0,0.2,2050
USGS-01649190,2024-01-23 00:05:00+00:00,7.4,2.0,0.2,2050
USGS-01649190,2024-01-23 00:10:00+00:00,7.4,2.0,0.2,2060
USGS-01649190,2024-01-23 00:15:00+00:00,7.4,2.0,0.1,2060
USGS-01649190,2024-01-23 00:20:00+00:00,7.4,2.0,0.1,2060
USGS-01649190,2024-01-23 00:25:00+00:00,7.4,2.0,0.1,2070
USGS-01649190,2024-01-23 00:30:00+00:00,7.4,1.9,0.1,2070
USGS-01649190,2024-01-23 00:35:00+00:00,7.4,1.9,0.1,2070
USGS-01649190,2024-01-23 00:40:00+00:00,7.4,1.9,0.1,2070
USGS-01649190,2024-01-23 00:45:00+00:00,7.4,1.9,0.1,2070
USGS-01649190,2024-01-23 00:50:00+00:00,7.4,1.9,0.1,2080
USGS-01649190,2024-01-23 00:55:00+00:00,7.4,2.0,0.1,2080
USGS-01649190,2024-01-23 01:00:00+00:00,7.4,1.9,0.1,2080
USGS-01649190,2024-01-23 01:05:00+00:00,7.4,2.0,0.1,2080
USGS-01649190,2024-01-23 01:10:00+00:00,7.4,1.9,0.1,2080
USGS-01649190,2024-01-23 01:15:00+00:00,7.4,1.9,0.1,2080
USGS-01649190,2024-01-23 01:20:00+00:00,7.4,1.9,0.1,2080
USGS-01649190,2024-01-23 01:25:00+00:00,7.4,1.9,0.1,2080
USGS-01649190,2024-01-23 01:30:00+00:00,7.4,1.9,0.1,2080
USGS-01649190,2024-01-23 01:35:00+00:00,7.4,1.9,0.1,2080
USGS-01649190,2024-01-23 01:40:00+00:00,7.4,1.9,0.1,2080
USGS-01649190,2024-01-23 01:45:00+00:00,7.4,2.0,0.1,2080
USGS-01649190,2024-01-23 01:50:00+00:00,7.4,2.0,0.1,2080
USGS-01649190,2024-01-23 01:55:00+00:00,7.4,1.9,0.1,2080
USGS-01649190,2024-01-23 02:00:00+00:00,7.4,2.0,0.1,2080
USGS-01649190,2024-01-23 02:05:00+00:00,7.4,2.0,0.1,2080
USGS-01649190,2024-01-23 02:10:00+00:00,7.4,2.0,0.1,2080
USGS-01649190,2024-01-23 02:15:00+00:00,7.4,2.1,0.1,2070
USGS-01649190,2024-01-23 02:20:00+00:00,7.4,2.1,0.1,2070
USGS-01649190,2024-01-23 02:25:00+00:00,7.4,2.1,0.1,2070
USGS-01649190,2024-01-23 02:30:00+00:00,7.4,2.0,0.1,2070
USGS-01649190,2024-01-23 02:35:00+00:00,7.4,2.0,0.1,2060
USGS-01649190,2024-01-23 02:40:00+00:00,7.4,2.2,0.1,2060
USGS-01649190,2024-01-23 02:45:00+00:00,7.4,2.1,0.1,2060
USGS-01649190,2024-01-23 02:50:00+00:00,7.4,2.1,0.1,2050
USGS-01649190,2024-01-23 02:55:00+00:00,7.4,2.2,0.1,2050
USGS-01649190,2024-01-23 03:00:00+00:00,7.4,2.2,0.1,2050
USGS-01649190,2024-01-23 03:05:00+00:00,7.4,2.2,0.1,2040
USGS-01649190,2024-01-23 03:10:00+00:00,7.4,2.2,0.1,2040
USGS-01649190,2024-01-23 03:15:00+00:00,7.4,2.0,0.0,2030
USGS-01649190,2024-01-23 03:20:00+00:00,7.4,2.2,0.1,2030
USGS-01649190,2024-01-23 03:25:00+00:00,7.4,2.2,0.0,2020
USGS-01649190,2024-01-23 03:30:00+00:00,7.4,2.2,0.0,2020
USGS-01649190,2024-01-23 03:35:00+00:00,7.4,2.2,0.0,2010
USGS-01649190,2024-01-23 03:40:00+00:00,7.4,2.1,0.0,2010
USGS-01649190,2024-01-23 03:45:00+00:00,7.4,2.2,0.0,2000
USGS-01649190,2024-01-23 03:50:00+00:00,7.4,2.2,0.0,2000
USGS-01649190,2024-01-23 03:55:00+00:00,7.4,2.2,0.0,1990
USGS-01649190,2024-01-23 04:00:00+00:00,7.4,2.2,0.0,1990
USGS-01649190,2024-01-23 04:05:00+00:00,7.4,2.2,0.0,1980
USGS-01649190,2024-01-23 04:10:00+00:00,7.4,2.3,0.0,1980
USGS-01649190,2024-01-23 04:15:00+00:00,7.4,2.2,0.0,1970
USGS-01649190,2024-01-23 04:20:00+00:00,7.4,2.3,0.0,1970
USGS-01649190,2024-01-23 04:25:00+00:00,7.4,2.2,0.0,1960
USGS-01649190,2024-01-23 04:30:00+00:00,7.4,2.2,0.0,1950
USGS-01649190,2024-01-23 04:35:00+00:00,7.4,2.3,0.0,1950
USGS-01649190,2024-01-23 04:40:00+00:00,7.4,2.3,0.0,1950
USGS-01649190,2024-01-23 04:45:00+00:00,7.4,2.2,0.0,1940
USGS-01649190,2024-01-23 04:50:00+00:00,7.4,2.2,0.0,1930
USGS-01649190,2024-01-23 04:55:00+00:00,7.4,2.2,0.0,1930
USGS-01649190,2024-01-23 05:00:00+00:00,7.4,2.2,0.0,1920
USGS-01649190,2024-01-23 05:05:00+00:00,7.4,2.3,0.0,1910
USGS-01649190,2024-01-23 05:10:00+00:00,7.4,2.3,0.0,1910
USGS-01649190,2024-01-23 05:15:00+00:00,7.4,2.4,0.0,1900
USGS-01649190,2024-01-23 05:20:00+00:00,7.4,2.6,0.0,1900
USGS-01649190,2024-01-23 05:25:00+00:00,7.4,2.7,0.0,1900
USGS-01649190,2024-01-23 05:30:00+00:00,7.4,2.6,0.0,1890
USGS-01649190,2024-01-23 05:35:00+00:00,7.4,2.6,0.0,1880
USGS-01649190,2024-01-23 05:40:00+00:00,7.4,2.7,-0.0,1870
USGS-01649190,2024-01-23 05:45:00+00:00,7.4,2.9,0.0,1870
USGS-01649190,2024-01-23 05:50:00+00:00,7.4,2.8,-0.0,1860
USGS-01649190,2024-01-23 05:55:00+00:00,7.4,2.9,-0.0,1850
USGS-01649190,2024-01-23 06:00:00+00:00,7.4,3.0,-0.0,1850
USGS-01649190,2024-01-23 06:05:00+00:00,7.4,3.1,-0.0,1840
USGS-01649190,2024-01-23 06:10:00+00:00,7.4,3.0,-0.0,1840
USGS-01649190,2024-01-23 06:15:00+00:00,7.4,3.0,-0.0,1830
USGS-01649190,2024-01-23 06:20:00+00:00,7.4,3.1,-0.0,1830
USGS-01649190,2024-01-23 06:25:00+00:00,7.4,3.2,-0.0,1810
USGS-01649190,2024-01-23 06:30:00+00:00,7.4,3.1,-0.0,1810
USGS-01649190,2024-01-23 06:35:00+00:00,7.4,3.1,-0.0,1800
USGS-01649190,2024-01-23 06:40:00+00:00,7.4,3.1,-0.0,1800
USGS-01649190,2024-01-23 06:45:00+00:00,7.4,3.1,-0.0,1790
USGS-01649190,2024-01-23 06:50:00+00:00,7.4,3.2,-0.0,1790
USGS-01649190,2024-01-23 06:55:00+00:00,7.4,3.1,-0.0,1780
USGS-01649190,2024-01-23 07:00:00+00:00,7.4,3.2,-0.0,1770
USGS-01649190,2024-01-23 07:05:00+00:00,7.4,3.2,-0.0,1770
USGS-01649190,2024-01-23 07:10:00+00:00,7.4,3.2,-0.0,1760
USGS-01649190,2024-01-23 07:15:00+00:00,7.4,3.1,-0.0,1760
USGS-01649190,2024-01-23 07:20:00+00:00,7.4,3.0,-0.0,1750
USGS-01649190,2024-01-23 07:25:00+00:00,7.4,3.0,-0.0,1750
USGS-01649190,2024-01-23 07:30:00+00:00,7.4,3.0,-0.0,1740
USGS-01649190,2024-01-23 07:35:00+00:00,7.4,3.1,-0.0,1740
USGS-01649190,2024-01-23 07:40:00+00:00,7.4,3.0,-0.0,1730
USGS-01649190,2024-01-23 07:45:00+00:00,7.4,3.0,-0.0,1720
USGS-01649190,2024-01-23 07:50:00+00:00,7.4,2.9,-0.0,1720
USGS-01649190,2024-01-23 07:55:00+00:00,7.4,3.0,-0.0,1710
USGS-01649190,2024-01-23 08:00:00+00:00,7.4,3.0,-0.0,1700
USGS-01649190,2024-01-23 08:05:00+00:00,7.4,3.0,-0.0,1700
USGS-01649190,2024-01-23 08:10:00+00:00,7.4,3.0,-0.0,1690
USGS-01649190,2024-01-23 08:15:00+00:00,7.4,2.9,-0.0,1700
USGS-01649190,2024-01-23 08:20:00+00:00,7.4,2.9,-0.0,1680
USGS-01649190,2024-01-23 08:25:00+00:00,7.4,2.9,-0.0,1680
USGS-01649190,2024-01-23 08:30:00+00:00,7.4,3.0,-0.0,1670
USGS-01649190,2024-01-23 08:35:00+00:00,7.4,3.0,-0.0,1670
USGS-01649190,2024-01-23 08:40:00+00:00,7.4,3.0,-0.0,1660
USGS-01649190,2024-01-23 08:45:00+00:00,7.4,3.0,-0.0,1660
USGS-01649190,2024-01-23 08:50:00+00:00,7.4,3.4,-0.0,1650
USGS-01649190,2024-01-23 08:55:00+00:00,7.4,3.4,-0.0,1640
USGS-01649190,2024-01-23 09:00:00+00:00,7.4,3.3,-0.0,1640
USGS-01649190,2024-01-23 09:05:00+00:00,7.4,3.2,-0.0,1640
USGS-01649190,2024-01-23 09:10:00+00:00,7.4,3.2,-0.0,1630
USGS-01649190,2024-01-23 09:15:00+00:00,7.4,3.1,-0.0,1640
USGS-01649190,2024-01-23 09:20:00+00:00,7.4,3.2,-0.0,1620
USGS-01649190,2024-01-23 09:25:00+00:00,7.4,3.2,-0.0,1620
USGS-01649190,2024-01-23 09:30:00+00:00,7.4,3.2,-0.0,1610
USGS-01649190,2024-01-23 09:35:00+00:00,7.4,3.2,-0.0,1610
USGS-01649190,2024-01-23 09:40:00+00:00,7.4,3.2,-0.0,1600
USGS-01649190,2024-01-23 09:45:00+00:00,7.4,3.3,-0.0,1600
USGS-01649190,2024-01-23 09:50:00+00:00,7.4,3.3,-0.0,1600
USGS-01649190,2024-01-23 09:55:00+00:00,7.4,3.3,-0.0,1590
USGS-01649190,2024-01-23 10:00:00+00:00,7.4,3.3,-0.0,1590
USGS-01649190,2024-01-23 10:05:00+00:00,7.4,3.4,-0.0,1580
USGS-01649190,2024-01-23 10:10:00+00:00,7.4,3.5,-0.0,1580
USGS-01649190,2024-01-23 10:15:00+00:00,7.4,3.5,-0.0,1580
USGS-01649190,2024-01-23 10:20:00+00:00,7.4,3.6,-0.0,1570
USGS-01649190,2024-01-23 10:25:00+00:00,7.4,3.5,-0.1,1570
USGS-01649190,2024-01-23 10:30:00+00:00,7.4,3.4,-0.1,1560
USGS-01649190,2024-01-23 10:35:00+00:00,7.4,3.6,-0.1,1560
USGS-01649190,2024-01-23 10:40:00+00:00,7.4,3.5,-0.1,1560
USGS-01649190,2024-01-23 10:45:00+00:00,7.4,3.6,-0.1,1550
USGS-01649190,2024-01-23 10:50:00+00:00,7.4,3.6,-0.1,1550
USGS-01649190,2024-01-23 10:55:00+00:00,7.4,3.6,-0.1,1550
USGS-01649190,2024-01-23 11:00:00+00:00,7.4,3.4,-0.1,1540
USGS-01649190,2024-01-23 11:05:00+00:00,7.4,3.6,-0.1,1540
USGS-01649190,2024-01-23 11:10:00+00:00,7.4,3.5,-0.1,1540
USGS-01649190,2024-01-23 11:15:00+00:00,7.4,3.4,-0.1,1530
USGS-01649190,2024-01-23 11:20:00+00:00,7.4,3.5,-0.1,1530
USGS-01649190,2024-01-23 11:25:00+00:00,7.4,3.5,-0.1,1530
USGS-01649190,2024-01-23 11:30:00+00:00,7.4,3.4,-0.1,1520
USGS-01649190,2024-01-23 11:35:00+00:00,7.4,3.4,-0.1,1520
USGS-01649190,2024-01-23 11:40:00+00:00,7.4,3.5,-0.1,1520
USGS-01649190,2024-01-23 11:45:00+00:00,7.4,3.5,-0.1,1520
USGS-01649190,2024-01-23 11:50:00+00:00,7.4,3.4,-0.1,1510
USGS-01649190,2024-01-23 11:55:00+00:00,7.4,3.4,-0.1,1510
USGS-01649190,2024-01-23 12:00:00+00:00,7.4,3.5,-0.1,1510
USGS-01649190,2024-01-23 12:05:00+00:00,7.4,3.4,-0.1,1500
USGS-01649190,2024-01-23 12:10:00+00:00,7.4,3.5,-0.1,1500
USGS-01649190,2024-01-23 12:15:00+00:00,7.4,3.5,-0.1,1500
USGS-01649190,2024-01-23 12:20:00+00:00,7.4,3.4,-0.1,1490
USGS-01649190,2024-01-23 12:25:00+00:00,7.4,3.4,-0.1,1490
USGS-01649190,2024-01-23 12:30:00+00:00,7.4,3.5,-0.1,1490
USGS-01649190,2024-01-23 12:35:00+00:00,7.4,3.5,-0.1,1490
USGS-01649190,2024-01-23 12:40:00+00:00,7.4,3.5,-0.1,1490
USGS-01649190,2024-01-23 12:45:00+00:00,7.4,3.6,-0.1,1480
USGS-01649190,2024-01-23 12:50:00+00:00,7.4,3.5,-0.1,1480
USGS-01649190,2024-01-23 12:55:00+00:00,7.4,3.6,-0.1,1480
USGS-01649190,2024-01-23 13:00:00+00:00,7.4,3.6,-0.1,1470
USGS-01649190,2024-01-23 13:05:00+00:00,7.4,3.7,-0.1,1470
USGS-01649190,2024-01-23 13:10:00+00:00,7.4,3.7,-0.1,1470
USGS-01649190,2024-01-23 13:15:00+00:00,7.4,3.8,-0.1,1470
USGS-01649190,2024-01-23 13:20:00+00:00,7.4,3.8,-0.1,1460
USGS-01649190,2024-01-23 13:25:00+00:00,7.4,3.8,-0.1,1460
USGS-01649190,2024-01-23 13:30:00+00:00,7.4,3.7,-0.1,1460
USGS-01649190,2024-01-23 13:35:00+00:00,7.4,3.8,-0.0,1460
USGS-01649190,2024-01-23 13:40:00+00:00,7.4,3.9,-0.0,1460
USGS-01649190,2024-01-23 13:45:00+00:00,7.4,3.7,-0.0,1450
USGS-01649190,2024-01-23 13:50:00+00:00,7.4,3.8,-0.0,1450
USGS-01649190,2024-01-23 13:55:00+00:00,7.4,3.8,-0.0,1450
USGS-01649190,2024-01-23 14:00:00+00:00,7.4,3.8,-0.0,1450
USGS-01649190,2024-01-23 14:05:00+00:00,7.4,3.8,-0.0,1440
USGS-01649190,2024-01-23 14:10:00+00:00,7.4,3.8,0.0,1440
USGS-01649190,2024-01-23 14:15:00+00:00,7.4,3.7,0.0,1440
USGS-01649190,2024-01-23 14:20:00+00:00,7.4,3.9,0.0,1440
USGS-01649190,2024-01-23 14:25:00+00:00,7.4,3.7,0.0,1440
USGS-01649190,2024-01-23 14:30:00+00:00,7.4,3.9,0.1,1440
USGS-01649190,2024-01-23 14:35:00+00:00,7.4,3.8,0.1,1440
USGS-01649190,2024-01-23 14:40:00+00:00,7.4,3.8,0.1,1430
USGS-01649190,2024-01-23 14:45:00+00:00,7.4,3.7,0.1,1430
USGS-01649190,2024-01-23 14:50:00+00:00,7.4,3.7,0.1,1430
USGS-01649190,2024-01-23 14:55:00+00:00,7.4,3.8,0.1,1430
USGS-01649190,2024-01-23 15:00:00+00:00,7.4,3.7,0.1,1430
USGS-01649190,2024-01-23 15:05:00+00:00,7.4,3.8,0.1,1430
USGS-01649190,2024-01-23 15:10:00+00:00,7.4,3.8,0.2,1430
USGS-01649190,2024-01-23 15:15:00+00:00,7.4,3.7,0.2,1430
USGS-01649190,2024-01-23 15:20:00+00:00,7.4,3.7,0.2,1430
USGS-01649190,2024-01-23 15:25:00+00:00,7.4,3.8,0.2,1430
USGS-01649190,2024-01-23 15:30:00+00:00,7.3,3.8,0.2,1430
USGS-01649190,2024-01-23 15:35:00+00:00,7.3,3.7,0.2,1430
USGS-01649190,2024-01-23 15:40:00+00:00,7.3,3.8,0.3,1430
USGS-01649190,2024-01-23 15:45:00+00:00,7.3,3.8,0.3,1430
USGS-01649190,2024-01-23 15:50:00+00:00,7.3,3.8,0.3,1430
USGS-01649190,2024-01-23 15:55:00+00:00,7.3,3.9,0.3,1430
USGS-01649190,2024-01-23 16:00:00+00:00,7.3,3.8,0.3,1430
USGS-01649190,2024-01-23 16:05:00+00:00,7.3,3.9,0.3,1430
USGS-01649190,2024-01-23 16:10:00+00:00,7.3,3.8,0.4,1430
USGS-01649190,2024-01-23 16:15:00+00:00,7.3,3.8,0.4,1430
USGS-01649190,2024-01-23 16:20:00+00:00,7.3,3.9,0.4,1430
USGS-01649190,2024-01-23 16:25:00+00:00,7.3,3.8,0.4,1430
USGS-01649190,2024-01-23 16:30:00+00:00,7.4,3.9,0.5,1430
USGS-01649190,2024-01-23 16:35:00+00:00,7.4,3.8,0.5,1430
USGS-01649190,2024-01-23 16:40:00+00:00,7.4,3.9,0.5,1430
USGS-01649190,2024-01-23 16:45:00+00:00,7.4,3.9,0.5,1430
USGS-01649190,2024-01-23 16:50:00+00:00,7.4,4.0,0.5,1430
USGS-01649190,2024-01-23 16:55:00+00:00,7.4,3.9,0.5,1430
USGS-01649190,2024-01-23 17:00:00+00:00,7.4,3.8,0.5,1430
USGS-01649190,2024-01-23 17:05:00+00:00,7.4,3.9,0.6,1430
USGS-01649190,2024-01-23 17:10:00+00:00,7.4,3.8,0.6,1430
USGS-01649190,2024-01-23 17:15:00+00:00,7.4,3.9,0.6,1430
USGS-01649190,2024-01-23 17:20:00+00:00,7.4,3.8,0.6,1430
USGS-01649190,2024-01-23 17:25:00+00:00,7.4,3.9,0.7,1430
USGS-01649190,2024-01-23 17:30:00+00:00,7.4,4.0,0.7,1430
USGS-01649190,2024-01-23 17:35:00+00:00,7.4,3.8,0.7,1430
USGS-01649190,2024-01-23 17:40:00+00:00,7.4,3.8,0.7,1430
USGS-01649190,2024-01-23 17:45:00+00:00,7.4,3.8,0.7,1430
USGS-01649190,2024-01-23 17:50:00+00:00,7.4,3.8,0.7,1430
USGS-01649190,2024-01-23 17:55:00+00:00,7.4,3.9,0.8,1430
USGS-01649190,2024-01-23 18:00:00+00:00,7.4,4.0,0.8,1430
USGS-01649190,2024-01-23 18:05:00+00:00,7.4,3.9,0.8,1430
USGS-01649190,2024-01-23 18:10:00+00:00,7.4,4.0,0.8,1430
USGS-01649190,2024-01-23 18:15:00+00:00,7.4,3.9,0.8,1430
USGS-01649190,2024-01-23 18:20:00+00:00,7.4,4.0,0.8,1430
USGS-01649190,2024-01-23 18:25:00+00:00,7.4,3.9,0.8,1430
USGS-01649190,2024-01-23 18:30:00+00:00,7.4,4.0,0.9,1430
USGS-01649190,2024-01-23 18:35:00+00:00,7.4,4.0,0.9,1430
USGS-01649190,2024-01-23 18:40:00+00:00,7.4,3.9,0.9,1430
USGS-01649190,2024-01-23 18:45:00+00:00,7.4,3.9,0.9,1430
USGS-01649190,2024-01-23 18:50:00+00:00,7.4,3.9,0.9,1430
USGS-01649190,2024-01-23 18:55:00+00:00,7.4,3.9,0.9,1420
USGS-01649190,2024-01-23 19:00:00+00:00,7.4,3.9,0.9,1420
USGS-01649190,2024-01-23 19:05:00+00:00,7.4,4.0,1.0,1420
USGS-01649190,2024-01-23 19:10:00+00:00,7.4,3.9,1.0,1420
USGS-01649190,2024-01-23 19:15:00+00:00,7.4,3.9,1.0,1420
USGS-01649190,2024-01-23 19:20:00+00:00,7.4,3.9,1.0,1420
USGS-01649190,2024-01-23 19:25:00+00:00,7.4,4.0,1.0,1410
USGS-01649190,2024-01-23 19:30:00+00:00,7.4,3.9,1.0,1410
USGS-01649190,2024-01-23 19:35:00+00:00,7.4,3.8,1.0,1410
USGS-01649190,2024-01-23 19:40:00+00:00,7.4,3.9,1.0,1410
USGS-01649190,2024-01-23 19:45:00+00:00,7.4,4.0,1.0,1400
USGS-01649190,2024-01-23 19:50:00+00:00,7.4,3.9,1.0,1400
USGS-01649190,2024-01-23 19:55:00+00:00,7.4,3.9,1.0,1400
USGS-01649190,2024-01-23 20:00:00+00:00,7.4,3.9,1.0,1400
USGS-01649190,2024-01-23 20:05:00+00:00,7.4,3.9,1.0,1400
USGS-01649190,2024-01-23 20:10:00+00:00,7.4,3.9,1.0,1390
USGS-01649190,2024-01-23 20:15:00+00:00,7.4,4.0,1.1,1390
USGS-01649190,2024-01-23 20:20:00+00:00,7.4,3.8,1.1,1390
USGS-01649190,2024-01-23 20:25:00+00:00,7.4,3.9,1.1,1380
USGS-01649190,2024-01-23 20:30:00+00:00,7.4,3.8,1.1,1380
USGS-01649190,2024-01-23 20:35:00+00:00,7.4,3.9,1.1,1380
USGS-01649190,2024-01-23 20:40:00+00:00,7.4,3.9,1.1,1370
USGS-01649190,2024-01-23 20:45:00+00:00,7.4,4.0,1.1,1370
USGS-01649190,2024-01-23 20:50:00+00:00,7.4,3.9,1.1,1370
USGS-01649190,2024-01-23 20:55:00+00:00,7.4,3.8,1.1,1360
USGS-01649190,2024-01-23 21:00:00+00:00,7.4,3.8,1.1,1360
USGS-01649190,2024-01-23 21:05:00+00:00,7.4,3.9,1.1,1360
USGS-01649190,2024-01-23 21:10:00+00:00,7.4,3.8,1.1,1350
USGS-01649190,2024-01-23 21:15:00+00:00,7.4,3.8,1.1,1350
USGS-01649190,2024-01-23 21:20:00+00:00,7.4,3.9,1.1,1350
USGS-01649190,2024-01-23 21:25:00+00:00,7.4,3.8,1.1,1350
USGS-01649190,2024-01-23 21:30:00+00:00,7.4,3.8,1.2,1340
USGS-01649190,2024-01-23 21:35:00+00:00,7.4,3.9,1.1,1340
USGS-01649190,2024-01-23 21:40:00+00:00,7.4,3.9,1.2,1330
USGS-01649190,2024-01-23 21:45:00+00:00,7.4,3.7,1.2,1330
USGS-01649190,2024-01-23 21:50:00+00:00,7.4,3.8,1.2,1330
USGS-01649190,2024-01-23 21:55:00+00:00,7.4,3.8,1.1,1330
USGS-01649190,2024-01-23 22:00:00+00:00,7.4,3.8,1.2,1330
USGS-01649190,2024-01-23 22:05:00+00:00,7.4,3.6,1.2,1320
USGS-01649190,2024-01-23 22:10:00+00:00,7.4,3.8,1.2,1320
USGS-01649190,2024-01-23 22:15:00+00:00,7.4,3.7,1.2,1310
USGS-01649190,2024-01-23 22:20:00+00:00,7.4,3.9,1.2,1310
USGS-01649190,2024-01-23 22:25:00+00:00,7.4,3.7,1.2,1310
USGS-01649190,2024-01-23 22:30:00+00:00,7.4,3.7,1.2,1310
USGS-01649190,2024-01-23 22:35:00+00:00,7.4,4.0,1.2,1300
USGS-01649190,2024-01-23 22:40:00+00:00,7.4,3.9,1.2,1300
USGS-01649190,2024-01-23 22:45:00+00:00,7.4,3.9,1.2,1300
USGS-01649190,2024-01-23 22:50:00+00:00,7.4,3.9,1.2,1290
USGS-01649190,2024-01-23 22:55:00+00:00,7.4,4.0,1.2,1290
USGS-01649190,2024-01-23 23:00:00+00:00,7.4,3.9,1.2,1290
USGS-01649190,2024-01-23 23:05:00+00:00,7.4,4.0,1.2,1290
USGS-01649190,2024-01-23 23:10:00+00:00,7.4,4.1,1.2,1280
USGS-01649190,2024-01-23 23:15:00+00:00,7.4,4.2,1.2,1280
USGS-01649190,2024-01-23 23:20:00+00:00,7.4,3.9,1.2,1280
USGS-01649190,2024-01-23 23:25:00+00:00,7.4,4.0,1.2,1280
USGS-01649190,2024-01-23 23:30:00+00:00,7.4,3.9,1.2,1280
USGS-01649190,2024-01-23 23:35:00+00:00,7.4,3.8,1.2,1270
USGS-01649190,2024-01-23 23:40:00+00:00,7.4,3.9,1.2,1270
USGS-01649190,2024-01-23 23:45:00+00:00,7.4,3.8,1.2,1270
USGS-01649190,2024-01-23 23:50:00+00:00,7.4,3.8,1.2,1270
USGS-01649190,2024-01-23 23:55:00+00:00,7.4,3.7,1.2,1270
USGS-01649190,2024-01-24 00:00:00+00:00,7.4,3.7,1.2,1270
USGS-01649190,2024-01-24 00:05:00+00:00,7.4,3.8,1.2,1270
USGS-01649190,2024-01-24 00:10:00+00:00,7.4,3.6,1.2,1260
USGS-01649190,2024-01-24 00:15:00+00:00,7.4,3.6,1.2,1260
USGS-01649190,2024-01-24 00:20:00+00:00,7.4,3.7,1.2,1260
USGS-01649190,2024-01-24 00:25:00+00:00,7.4,3.6,1.2,1260
USGS-01649190,2024-01-24 00:30:00+00:00,7.4,3.6,1.2,1260
USGS-01649190,2024-01-24 00:35:00+00:00,7.4,3.6,1.2,1260
USGS-01649190,2024-01-24 00:40:00+00:00,7.4,3.6,1.2,1260
USGS-01649190,2024-01-24 00:45:00+00:00,7.4,3.6,1.2,1260
USGS-01649190,2024-01-24 00:50:00+00:00,7.4,3.6,1.2,1260
USGS-01649190,2024-01-24 00:55:00+00:00,7.4,3.6,1.2,1260
USGS-01649190,2024-01-24 01:00:00+00:00,7.4,3.5,1.2,1260
USGS-01649190,2024-01-24 01:05:00+00:00,7.4,3.6,1.2,1260
USGS-01649190,2024-01-24 01:10:00+00:00,7.4,3.6,1.2,1260
USGS-01649190,2024-01-24 01:15:00+00:00,7.4,3.6,1.2,1260
USGS-01649190,2024-01-24 01:20:00+00:00,7.4,3.6,1.2,1260
USGS-01649190,2024-01-24 01:25:00+00:00,7.4,3.6,1.2,1260
USGS-01649190,2024-01-24 01:30:00+00:00,7.4,3.5,1.2,1260
USGS-01649190,2024-01-24 01:35:00+00:00,7.4,3.5,1.2,1250
USGS-01649190,2024-01-24 01:40:00+00:00,7.4,3.5,1.2,1250
USGS-01649190,2024-01-24 01:45:00+00:00,7.4,3.4,1.2,1250
USGS-01649190,2024-01-24 01:50:00+00:00,7.4,3.6,1.3,1250
USGS-01649190,2024-01-24 01:55:00+00:00,7.4,3.5,1.3,1250
USGS-01649190,2024-01-24 02:00:00+00:00,7.4,3.5,1.3,1250
USGS-01649190,2024-01-24 02:05:00+00:00,7.4,3.4,1.3,1250
USGS-01649190,2024-01-24 02:10:00+00:00,7.4,3.6,1.3,1250
USGS-01649190,2024-01-24 02:15:00+00:00,7.4,3.4,1.3,1250
USGS-01649190,2024-01-24 02:20:00+00:00,7.4,3.5,1.3,1250
USGS-01649190,2024-01-24 02:25:00+00:00,7.4,3.5,1.3,1260
USGS-01649190,2024-01-24 02:30:00+00:00,7.4,3.5,1.3,1260
USGS-01649190,2024-01-24 02:35:00+00:00,7.4,3.5,1.3,1260
USGS-01649190,2024-01-24 02:40:00+00:00,7.4,3.4,1.3,1260
USGS-01649190,2024-01-24 02:45:00+00:00,7.4,3.4,1.3,1270
USGS-01649190,2024-01-24 02:50:00+00:00,7.4,3.5,1.3,1270
USGS-01649190,2024-01-24 02:55:00+00:00,7.4,3.6,1.3,1280
USGS-01649190,2024-01-24 03:00:00+00:00,7.4,3.6,1.3,1280
USGS-01649190,2024-01-24 03:05:00+00:00,7.4,3.4,1.3,1290
USGS-01649190,2024-01-24 03:10:00+00:00,7.4,3.4,1.3,1290
USGS-01649190,2024-01-24 03:15:00+00:00,7.4,3.5,1.3,1300
USGS-01649190,2024-01-24 03:20:00+00:00,7.4,3.5,1.3,1300
USGS-01649190,2024-01-24 03:25:00+00:00,7.4,3.5,1.3,1310
USGS-01649190,2024-01-24 03:30:00+00:00,7.4,3.4,1.3,1320
USGS-01649190,2024-01-24 03:35:00+00:00,7.4,3.5,1.3,1320
USGS-01649190,2024-01-24 03:40:00+00:00,7.4,3.4,1.3,1330
USGS-01649190,2024-01-24 03:45:00+00:00,7.4,3.5,1.3,1330
USGS-01649190,2024-01-24 03:50:00+00:00,7.4,3.4,1.4,1340
USGS-01649190,2024-01-24 03:55:00+00:00,7.4,3.5,1.3,1340
USGS-01649190,2024-01-24 04:00:00+00:00,7.4,3.4,1.4,1350
USGS-01649190,2024-01-24 04:05:00+00:00,7.4,3.4,1.4,1350
USGS-01649190,2024-01-24 04:10:00+00:00,7.4,3.5,1.4,1350
USGS-01649190,2024-01-24 04:15:00+00:00,7.4,3.4,1.4,1360
USGS-01649190,2024-01-24 04:20:00+00:00,7.4,3.4,1.4,1360
USGS-01649190,2024-01-24 04:25:00+00:00,7.4,3.3,1.4,1370
USGS-01649190,2024-01-24 04:30:00+00:00,7.4,3.5,1.4,1370
USGS-01649190,2024-01-24 04:35:00+00:00,7.4,3.5,1.4,1370
USGS-01649190,2024-01-24 04:40:00+00:00,7.4,3.4,1.4,1370
USGS-01649190,2024-01-24 04:45:00+00:00,7.4,3.6,1.4,1370
USGS-01649190,2024-01-24 04:50:00+00:00,7.4,3.6,1.4,1370
USGS-01649190,2024-01-24 04:55:00+00:00,7.4,3.4,1.4,1380
USGS-01649190,2024-01-24 05:00:00+00:00,7.4,3.6,1.4,1380
USGS-01649190,2024-01-24 05:05:00+00:00,7.4,3.6,1.4,1380
USGS-01649190,2024-01-24 05:10:00+00:00,7.4,3.6,1.4,1380
USGS-01649190,2024-01-24 05:15:00+00:00,7.4,3.6,1.4,1380
USGS-01649190,2024-01-24 05:20:00+00:00,7.4,3.5,1.4,1380
USGS-01649190,2024-01-24 05:25:00+00:00,7.4,3.5,1.4,1380
USGS-01649190,2024-01-24 05:30:00+00:00,7.4,3.6,1.4,1380
USGS-01649190,2024-01-24 05:35:00+00:00,7.4,3.4,1.4,1370
USGS-01649190,2024-01-24 05:40:00+00:00,7.4,3.4,1.4,1370
USGS-01649190,2024-01-24 05:45:00+00:00,7.4,3.4,1.4,1370
USGS-01649190,2024-01-24 05:50:00+00:00,7.4,3.4,1.4,1370
USGS-01649190,2024-01-24 05:55:00+00:00,7.4,3.5,1.4,1370
USGS-01649190,2024-01-24 06:00:00+00:00,7.4,3.4,1.4,1370
USGS-01649190,2024-01-24 06:05:00+00:00,7.4,3.4,1.4,1370
USGS-01649190,2024-01-24 06:10:00+00:00,7.4,3.4,1.5,1360
USGS-01649190,2024-01-24 06:15:00+00:00,7.4,3.4,1.5,1360
USGS-01649190,2024-01-24 06:20:00+00:00,7.4,3.4,1.5,1360
USGS-01649190,2024-01-24 06:25:00+00:00,7.4,3.3,1.4,1360
USGS-01649190,2024-01-24 06:30:00+00:00,7.4,3.3,1.5,1360
USGS-01649190,2024-01-24 06:35:00+00:00,7.4,3.4,1.5,1350
USGS-01649190,2024-01-24 06:40:00+00:00,7.4,3.4,1.5,1350
USGS-01649190,2024-01-24 06:45:00+00:00,7.4,3.3,1.5,1350
USGS-01649190,2024-01-24 06:50:00+00:00,7.4,3.3,1.5,1340
USGS-01649190,2024-01-24 06:55:00+00:00,7.4,3.4,1.5,1340
USGS-01649190,2024-01-24 07:00:00+00:00,7.4,3.3,1.5,1340
USGS-01649190,2024-01-24 07:05:00+00:00,7.4,3.3,1.5,1340
USGS-01649190,2024-01-24 07:10:00+00:00,7.4,3.4,1.5,1330
USGS-01649190,2024-01-24 07:15:00+00:00,7.4,3.3,1.5,1330
USGS-01649190,2024-01-24 07:20:00+00:00,7.4,3.2,1.5,1330
USGS-01649190,2024-01-24 07:25:00+00:00,7.4,3.2,1.5,1320
USGS-01649190,2024-01-24 07:30:00+00:00,7.4,3.2,1.5,1320
USGS-01649190,2024-01-24 07:35:00+00:00,7.4,3.4,1.5,1320
USGS-01649190,2024-01-24 07:40:00+00:00,7.4,3.1,1.5,1320
USGS-01649190,2024-01-24 07:45:00+00:00,7.4,3.1,1.5,1310
USGS-01649190,2024-01-24 07:50:00+00:00,7.4,3.1,1.5,1310
USGS-01649190,2024-01-24 07:55:00+00:00,7.4,3.0,1.6,1300
USGS-01649190,2024-01-24 08:00:00+00:00,7.4,3.1,1.5,1300
USGS-01649190,2024-01-24 08:05:00+00:00,7.4,3.2,1.5,1300
USGS-01649190,2024-01-24 08:10:00+00:00,7.4,3.0,1.6,1290
USGS-01649190,2024-01-24 08:15:00+00:00,7.4,3.0,1.6,1290
USGS-01649190,2024-01-24 08:20:00+00:00,7.4,3.0,1.6,1290
USGS-01649190,2024-01-24 08:25:00+00:00,7.4,3.0,1.6,1290
USGS-01649190,2024-01-24 08:30:00+00:00,7.4,3.0,1.6,1280
USGS-01649190,2024-01-24 08:35:00+00:00,7.4,3.0,1.6,1280
USGS-01649190,2024-01-24 08:40:00+00:00,7.4,2.9,1.6,1280
USGS-01649190,2024-01-24 08:45:00+00:00,7.4,3.1,1.6,1280
USGS-01649190,2024-01-24 08:50:00+00:00,7.4,2.9,1.6,1270
USGS-01649190,2024-01-24 08:55:00+00:00,7.4,3.1,1.6,1270
USGS-01649190,2024-01-24 09:00:00+00:00,7.4,3.0,1.6,1270
USGS-01649190,2024-01-24 09:05:00+00:00,7.4,3.0,1.6,1260
USGS-01649190,2024-01-24 09:10:00+00:00,7.4,3.0,1.6,1260
USGS-01649190,2024-01-24 09:15:00+00:00,7.4,3.0,1.6,1260
USGS-01649190,2024-01-24 09:20:00+00:00,7.4,3.0,1.6,1260
USGS-01649190,2024-01-24 09:25:00+00:00,7.4,3.0,1.6,1250
USGS-01649190,2024-01-24 09:30:00+00:00,7.4,3.1,1.6,1250
USGS-01649190,2024-01-24 09:35:00+00:00,7.4,3.1,1.6,1250
USGS-01649190,2024-01-24 09:40:00+00:00,7.4,3.2,1.6,1250
USGS-01649190,2024-01-24 09:45:00+00:00,7.4,3.1,1.6,1250
USGS-01649190,2024-01-24 09:50:00+00:00,7.4,2.9,1.6,1240
USGS-01649190,2024-01-24 09:55:00+00:00,7.4,3.0,1.6,1240
USGS-01649190,2024-01-24 10:00:00+00:00,7.4,2.9,1.6,1240
USGS-01649190,2024-01-24 10:05:00+00:00,7.4,3.0,1.6,1240
USGS-01649190,2024-01-24 10:10:00+00:00,7.4,2.9,1.7,1230
USGS-01649190,2024-01-24 10:15:00+00:00,7.4,2.9,1.7,1230
USGS-01649190,2024-01-24 10:20:00+00:00,7.4,2.9,1.7,1230
USGS-01649190,2024-01-24 10:25:00+00:00,7.4,3.0,1.7,1230
USGS-01649190,2024-01-24 10:30:00+00:00,7.4,3.0,1.7,1230
USGS-01649190,2024-01-24 10:35:00+00:00,7.4,3.0,1.7,1230
USGS-01649190,2024-01-24 10:40:00+00:00,7.4,3.1,1.7,1220
USGS-01649190,2024-01-24 10:45:00+00:00,7.4,2.9,1.7,1220
USGS-01649190,2024-01-24 10:50:00+00:00,7.4,3.0,1.7,1220
USGS-01649190,2024-01-24 10:55:00+00:00,7.4,3.0,1.7,1220
USGS-01649190,2024-01-24 11:00:00+00:00,7.4,3.0,1.7,1220
USGS-01649190,2024-01-24 11:05:00+00:00,7.4,3.1,1.7,1220
USGS-01649190,2024-01-24 11:10:00+00:00,7.4,2.9,1.7,1220
USGS-01649190,2024-01-24 11:15:00+00:00,7.4,3.0,1.7,1210
USGS-01649190,2024-01-24 11:20:00+00:00,7.4,3.0,1.7,1210
USGS-01649190,2024-01-24 11:25:00+00:00,7.4,3.0,1.7,1210
USGS-01649190,2024-01-24 11:30:00+00:00,7.4,3.0,1.7,1210
USGS-01649190,2024-01-24 11:35:00+00:00,7.4,3.0,1.7,1210
USGS-01649190,2024-01-24 11:40:00+00:00,7.4,3.0,1.7,1210
USGS-01649190,2024-01-24 11:45:00+00:00,7.4,3.0,1.7,1210
USGS-01649190,2024-01-24 11:50:00+00:00,7.4,3.0,1.7,1210
USGS-01649190,2024-01-24 11:55:00+00:00,7.4,3.0,1.8,1210
USGS-01649190,2024-01-24 12:00:00+00:00,7.4,3.0,1.8,1200
USGS-01649190,2024-01-24 12:05:00+00:00,7.4,3.1,1.8,1200
USGS-01649190,2024-01-24 12:10:00+00:00,7.4,3.0,1.8,1200
USGS-01649190,2024-01-24 12:15:00+00:00,7.4,3.1,1.8,1200
USGS-01649190,2024-01-24 12:20:00+00:00,7.4,3.1,1.8,1200
USGS-01649190,2024-01-24 12:25:00+00:00,7.4,3.3,1.8,1200
USGS-01649190,2024-01-24 12:30:00+00:00,7.4,3.3,1.8,1200
USGS-01649190,2024-01-24 12:35:00+00:00,7.4,3.2,1.8,1200
USGS-01649190,2024-01-24 12:40:00+00:00,7.4,3.4,1.8,1200
USGS-01649190,2024-01-24 12:45:00+00:00,7.4,3.4,1.8,1200
USGS-01649190,2024-01-24 12:50:00+00:00,7.4,3.4,1.8,1190
USGS-01649190,2024-01-24 12:55:00+00:00,7.4,3.4,1.8,1190
USGS-01649190,2024-01-24 13:00:00+00:00,7.4,3.5,1.8,1190
USGS-01649190,2024-01-24 13:05:00+00:00,7.4,3.5,1.8,1190
USGS-01649190,2024-01-24 13:10:00+00:00,7.4,3.4,1.8,1190
USGS-01649190,2024-01-24 13:15:00+00:00,7.4,3.5,1.8,1190
USGS-01649190,2024-01-24 13:20:00+00:00,7.4,3.5,1.8,1190
USGS-01649190,2024-01-24 13:25:00+00:00,7.4,3.6,1.8,1190
USGS-01649190,2024-01-24 13:30:00+00:00,7.4,3.4,1.9,1190
USGS-01649190,2024-01-24 13:35:00+00:00,7.4,3.4,1.9,1190
USGS-01649190,2024-01-24 13:40:00+00:00,7.4,3.6,1.9,1190
USGS-01649190,2024-01-24 13:45:00+00:00,7.4,3.6,1.9,1180
USGS-01649190,2024-01-24 13:50:00+00:00,7.4,3.7,1.9,1180
USGS-01649190,2024-01-24 13:55:00+00:00,7.4,3.7,1.9,1180
USGS-01649190,2024-01-24 14:00:00+00:00,7.4,3.4,1.9,1180
USGS-01649190,2024-01-24 14:05:00+00:00,7.4,3.5,1.9,1180
USGS-01649190,2024-01-24 14:10:00+00:00,7.4,3.4,1.9,1180
USGS-01649190,2024-01-24 14:15:00+00:00,7.4,3.5,1.9,1180
USGS-01649190,2024-01-24 14:20:00+00:00,7.4,3.4,1.9,1180
USGS-01649190,2024-01-24 14:25:00+00:00,7.4,3.3,2.0,1180
USGS-01649190,2024-01-24 14:30:00+00:00,7.4,3.3,2.0,1180
USGS-01649190,2024-01-24 14:35:00+00:00,7.4,3.2,2.0,1180
USGS-01649190,2024-01-24 14:40:00+00:00,7.4,3.3,2.0,1180
USGS-01649190,2024-01-24 14:45:00+00:00,7.4,3.3,2.0,1180
USGS-01649190,2024-01-24 14:50:00+00:00,7.4,3.2,2.0,1180
USGS-01649190,2024-01-24 14:55:00+00:00,7.4,3.2,2.0,1180
USGS-01649190,2024-01-24 15:00:00+00:00,7.4,4.2,2.1,1180
USGS-01649190,2024-01-24 15:05:00+00:00,7.4,3.0,2.1,1180
USGS-01649190,2024-01-24 15:10:00+00:00,7.4,3.1,2.1,1180
USGS-01649190,2024-01-24 15:15:00+00:00,7.4,3.1,2.1,1170
USGS-01649190,2024-01-24 15:20:00+00:00,7.4,3.0,2.1,1170
USGS-01649190,2024-01-24 15:25:00+00:00,7.4,3.0,2.1,1170
USGS-01649190,2024-01-24 15:30:00+00:00,7.4,3.0,2.2,1170
USGS-01649190,2024-01-24 15:35:00+00:00,7.4,3.1,2.2,1170
USGS-01649190,2024-01-24 15:40:00+00:00,7.4,3.1,2.2,1170
USGS-01649190,2024-01-24 15:45:00+00:00,7.4,3.0,2.2,1170
USGS-01649190,2024-01-24 15:50:00+00:00,7.4,3.1,2.2,1170
USGS-01649190,2024-01-24 15:55:00+00:00,7.4,3.0,2.3,1170
USGS-01649190,2024-01-24 16:00:00+00:00,7.4,2.9,2.3,1170
USGS-01649190,2024-01-24 16:05:00+00:00,7.4,2.9,2.3,1170
USGS-01649190,2024-01-24 16:10:00+00:00,7.4,2.9,2.3,1170
USGS-01649190,2024-01-24 16:15:00+00:00,7.4,2.8,2.3,1170
USGS-01649190,2024-01-24 16:20:00+00:00,7.4,2.8,2.3,1170
USGS-01649190,2024-01-24 16:25:00+00:00,7.4,2.8,2.4,1170
USGS-01649190,2024-01-24 16:30:00+00:00,7.4,2.9,2.4,1170
USGS-01649190,2024-01-24 16:35:00+00:00,7.4,2.8,2.4,1170
USGS-01649190,2024-01-24 16:40:00+00:00,7.4,2.7,2.4,1170
USGS-01649190,2024-01-24 16:45:00+00:00,7.4,2.8,2.4,1170
USGS-01649190,2024-01-24 16:50:00+00:00,7.4,2.6,2.4,1170
USGS-01649190,2024-01-24 16:55:00+00:00,7.4,2.7,2.5,1170
USGS-01649190,2024-01-24 17:00:00+00:00,7.4,2.7,2.5,1170
USGS-01649190,2024-01-24 17:05:00+00:00,7.4,2.7,2.5,1170
USGS-01649190,2024-01-24 17:10:00+00:00,7.4,2.6,2.5,1170
USGS-01649190,2024-01-24 17:15:00+00:00,7.4,2.6,2.5,1170
USGS-01649190,2024-01-24 17:20:00+00:00,7.4,2.5,2.6,1170
USGS-01649190,2024-01-24 17:25:00+00:00,7.4,2.5,2.6,1170
USGS-01649190,2024-01-24 17:30:00+00:00,7.4,2.4,2.6,1170
USGS-01649190,2024-01-24 17:35:00+00:00,7.4,2.4,2.6,1170
USGS-01649190,2024-01-24 17:40:00+00:00,7.4,2.6,2.6,1170
USGS-01649190,2024-01-24 17:45:00+00:00,7.4,2.6,2.7,1160
USGS-01649190,2024-01-24 17:50:00+00:00,7.4,2.7,2.7,1160
USGS-01649190,2024-01-24 17:55:00+00:00,7.4,2.6,2.7,1160
USGS-01649190,2024-01-24 18:00:00+00:00,7.4,2.7,2.7,1160
USGS-01649190,2024-01-24 18:05:00+00:00,7.4,2.6,2.7,1160
USGS-01649190,2024-01-24 18:10:00+00:00,7.4,2.6,2.7,1160
USGS-01649190,2024-01-24 18:15:00+00:00,7.4,2.6,2.8,1160
USGS-01649190,2024-01-24 18:20:00+00:00,7.4,2.5,2.8,1160
USGS-01649190,2024-01-24 18:25:00+00:00,7.4,2.5,2.8,1160
USGS-01649190,2024-01-24 18:30:00+00:00,7.4,2.5,2.8,1160
USGS-01649190,2024-01-24 18:35:00+00:00,7.4,2.6,2.8,1160
USGS-01649190,2024-01-24 18:40:00+00:00,7.4,2.6,2.9,1160
USGS-01649190,2024-01-24 18:45:00+00:00,7.4,2.4,2.9,1160
USGS-01649190,2024-01-24 18:50:00+00:00,7.4,2.5,2.9,1160
USGS-01649190,2024-01-24 18:55:00+00:00,7.4,2.5,2.9,1160
USGS-01649190,2024-01-24 19:00:00+00:00,7.4,2.5,3.0,1160
USGS-01649190,2024-01-24 19:05:00+00:00,7.4,2.4,3.0,1160
USGS-01649190,2024-01-24 19:10:00+00:00,7.4,2.6,3.0,1160
USGS-01649190,2024-01-24 19:15:00+00:00,7.4,2.5,3.0,1160
USGS-01649190,2024-01-24 19:20:00+00:00,7.4,2.4,3.0,1160
USGS-01649190,2024-01-24 19:25:00+00:00,7.4,2.4,3.0,1160
USGS-01649190,2024-01-24 19:30:00+00:00,7.4,2.4,3.0,1160
USGS-01649190,2024-01-24 19:35:00+00:00,7.4,2.4,3.1,1160
USGS-01649190,2024-01-24 19:40:00+00:00,7.4,2.4,3.1,1160
USGS-01649190,2024-01-24 19:45:00+00:00,7.4,2.4,3.1,1160
USGS-01649190,2024-01-24 19:50:00+00:00,7.4,2.4,3.1,1160
USGS-01649190,2024-01-24 19:55:00+00:00,7.4,2.4,3.2,1160
USGS-01649190,2024-01-24 20:00:00+00:00,7.5,2.5,3.2,1160
USGS-01649190,2024-01-24 20:05:00+00:00,7.5,2.6,3.2,1160
USGS-01649190,2024-01-24 20:10:00+00:00,7.5,2.4,3.2,1160
USGS-01649190,2024-01-24 20:15:00+00:00,7.5,2.5,3.2,1160
USGS-01649190,2024-01-24 20:20:00+00:00,7.5,2.4,3.2,1160
USGS-01649190,2024-01-24 20:25:00+00:00,7.5,2.4,3.3,1160
USGS-01649190,2024-01-24 20:30:00+00:00,7.5,2.4,3.3,1160
USGS-01649190,2024-01-24 20:35:00+00:00,7.5,2.4,3.3,1160
USGS-01649190,2024-01-24 20:40:00+00:00,7.5,2.5,3.3,1160
USGS-01649190,2024-01-24 20:45:00+00:00,7.5,2.4,3.3,1160
USGS-01649190,2024-01-24 20:50:00+00:00,7.5,2.4,3.3,1160
USGS-01649190,2024-01-24 20:55:00+00:00,7.5,2.4,3.3,1160
USGS-01649190,2024-01-24 21:00:00+00:00,7.5,2.5,3.3,1170
USGS-01649190,2024-01-24 21:05:00+00:00,7.5,2.5,3.4,1170
USGS-01649190,2024-01-24 21:10:00+00:00,7.5,2.5,3.4,1170
USGS-01649190,2024-01-24 21:15:00+00:00,7.5,2.5,3.4,1180
USGS-01649190,2024-01-24 21:20:00+00:00,7.5,2.5,3.4,1180
USGS-01649190,2024-01-24 21:25:00+00:00,7.5,2.5,3.4,1180
USGS-01649190,2024-01-24 21:30:00+00:00,7.5,2.6,3.4,1180
USGS-01649190,2024-01-24 21:35:00+00:00,7.5,2.4,3.4,1190
USGS-01649190,2024-01-24 21:40:00+00:00,7.5,2.5,3.4,1190
USGS-01649190,2024-01-24 21:45:00+00:00,7.5,2.6,3.4,1190
USGS-01649190,2024-01-24 21:50:00+00:00,7.5,2.7,3.5,1200
USGS-01649190,2024-01-24 21:55:00+00:00,7.5,2.5,3.5,1210
USGS-01649190,2024-01-24 22:00:00+00:00,7.5,2.6,3.5,1210
USGS-01649190,2024-01-24 22:05:00+00:00,7.5,2.6,3.5,1220
USGS-01649190,2024-01-24 22:10:00+00:00,7.5,2.7,3.5,1220
USGS-01649190,2024-01-24 22:15:00+00:00,7.5,2.8,3.5,1230
USGS-01649190,2024-01-24 22:20:00+00:00,7.5,2.7,3.5,1230
USGS-01649190,2024-01-24 22:25:00+00:00,7.5,2.8,3.5,1240
USGS-01649190,2024-01-24 22:30:00+00:00,7.5,2.8,3.5,1240
USGS-01649190,2024-01-24 22:35:00+00:00,7.5,2.8,3.5,1250
USGS-01649190,2024-01-24 22:40:00+00:00,7.5,2.8,3.5,1250
USGS-01649190,2024-01-24 22:45:00+00:00,7.5,2.9,3.6,1260
USGS-01649190,2024-01-24 22:50:00+00:00,7.5,2.9,3.6,1270
USGS-01649190,2024-01-24 22:55:00+00:00,7.5,2.9,3.6,1280
USGS-01649190,2024-01-24 23:00:00+00:00,7.5,3.1,3.6,1290
USGS-01649190,2024-01-24 23:05:00+00:00,7.5,3.1,3.6,1290
USGS-01649190,2024-01-24 23:10:00+00:00,7.5,3.2,3.6,1300
USGS-01649190,2024-01-24 23:15:00+00:00,7.5,3.2,3.6,1300
USGS-01649190,2024-01-24 23:20:00+00:00,7.5,3.3,3.6,1310
USGS-01649190,2024-01-24 23:25:00+00:00,7.5,3.3,3.6,1320
USGS-01649190,2024-01-24 23:30:00+00:00,7.5,3.4,3.6,1320
USGS-01649190,2024-01-24 23:35:00+00:00,7.5,3.4,3.6,1330
USGS-01649190,2024-01-24 23:40:00+00:00,7.5,3.5,3.6,1340
USGS-01649190,2024-01-24 23:45:00+00:00,7.5,3.5,3.7,1350
USGS-01649190,2024-01-24 23:50:00+00:00,7.5,3.5,3.7,1350
USGS-01649190,2024-01-24 23:55:00+00:00,7.5,3.6,3.7,1360
USGS-01649190,2024-01-25 00:00:00+00:00,7.5,3.8,3.7,1360
USGS-01649190,2024-01-25 00:05:00+00:00,7.5,3.6,3.7,1360
USGS-01649190,2024-01-25 00:10:00+00:00,7.5,3.6,3.7,1360
USGS-01649190,2024-01-25 00:15:00+00:00,7.5,3.7,3.7,1370
USGS-01649190,2024-01-25 00:20:00+00:00,7.5,3.9,3.7,1370
USGS-01649190,2024-01-25 00:25:00+00:00,7.5,3.8,3.7,1370
USGS-01649190,2024-01-25 00:30:00+00:00,7.5,3.7,3.7,1380
USGS-01649190,2024-01-25 00:35:00+00:00,7.5,3.8,3.7,1380
USGS-01649190,2024-01-25 00:40:00+00:00,7.5,3.9,3.7,1380
USGS-01649190,2024-01-25 00:45:00+00:00,7.5,3.8,3.7,1380
USGS-01649190,2024-01-25 00:50:00+00:00,7.5,3.9,3.7,1380
USGS-01649190,2024-01-25 00:55:00+00:00,7.5,4.0,3.7,1380
USGS-01649190,2024-01-25 01:00:00+00:00,7.5,4.0,3.7,1390
USGS-01649190,2024-01-25 01:05:00+00:00,7.5,3.9,3.7,1390
USGS-01649190,2024-01-25 01:10:00+00:00,7.5,4.0,3.7,1390
USGS-01649190,2024-01-25 01:15:00+00:00,7.5,4.0,3.7,1390
USGS-01649190,2024-01-25 01:20:00+00:00,7.5,4.2,3.7,1390
USGS-01649190,2024-01-25 01:25:00+00:00,7.5,4.0,3.7,1390
USGS-01649190,2024-01-25 01:30:00+00:00,7.5,4.1,3.7,1390
USGS-01649190,2024-01-25 01:35:00+00:00,7.5,4.0,3.7,1390
USGS-01649190,2024-01-25 01:40:00+00:00,7.5,4.1,3.7,1390
USGS-01649190,2024-01-25 01:45:00+00:00,7.5,4.2,3.7,1390
USGS-01649190,2024-01-25 01:50:00+00:00,7.5,4.1,3.7,1390
USGS-01649190,2024-01-25 01:55:00+00:00,7.5,4.2,3.7,1390
USGS-01649190,2024-01-25 02:05:00+00:00,7.5,4.2,3.7,1390
USGS-01649190,2024-01-25 02:10:00+00:00,7.5,4.2,3.7,1390
USGS-01649190,2024-01-25 02:15:00+00:00,7.5,4.2,3.7,1390
USGS-01649190,2024-01-25 02:20:00+00:00,7.5,4.1,3.7,1380
USGS-01649190,2024-01-25 02:25:00+00:00,7.5,4.1,3.7,1380
USGS-01649190,2024-01-25 02:30:00+00:00,7.5,4.2,3.8,1380
USGS-01649190,2024-01-25 02:35:00+00:00,7.5,4.2,3.8,1380
USGS-01649190,2024-01-25 02:45:00+00:00,7.5,4.0,3.8,1370
USGS-01649190,2024-01-25 02:50:00+00:00,7.5,4.0,3.8,1370
USGS-01649190,2024-01-25 02:55:00+00:00,7.5,4.0,3.8,1370
USGS-01649190,2024-01-25 03:00:00+00:00,7.5,3.9,3.8,1360
USGS-01649190,2024-01-25 03:05:00+00:00,7.5,4.1,3.8,1360
USGS-01649190,2024-01-25 03:10:00+00:00,7.5,4.1,3.8,1360
USGS-01649190,2024-01-25 03:15:00+00:00,7.5,3.9,3.8,1350
USGS-01649190,2024-01-25 03:20:00+00:00,7.5,4.0,3.8,1340
USGS-01649190,2024-01-25 03:25:00+00:00,7.5,4.1,3.8,1340
USGS-01649190,2024-01-25 03:30:00+00:00,7.5,4.1,3.8,1340
USGS-01649190,2024-01-25 03:35:00+00:00,7.5,4.0,3.8,1330
USGS-01649190,2024-01-25 03:40:00+00:00,7.5,4.0,3.8,1330
USGS-01649190,2024-01-25 03:45:00+00:00,7.5,4.0,3.8,1330
USGS-01649190,2024-01-25 03:50:00+00:00,7.5,4.0,3.8,1320
USGS-01649190,2024-01-25 03:55:00+00:00,7.5,3.9,3.8,1320
USGS-01649190,2024-01-25 04:00:00+00:00,7.5,4.0,3.8,1310
USGS-01649190,2024-01-25 04:05:00+00:00,7.5,3.9,3.8,1310
USGS-01649190,2024-01-25 04:10:00+00:00,7.5,4.0,3.8,1310
USGS-01649190,2024-01-25 04:15:00+00:00,7.5,3.9,3.8,1300
USGS-01649190,2024-01-25 04:20:00+00:00,7.5,3.9,3.8,1300
USGS-01649190,2024-01-25 04:25:00+00:00,7.5,4.0,3.8,1290
USGS-01649190,2024-01-25 04:30:00+00:00,7.5,4.0,3.8,1290
USGS-01649190,2024-01-25 04:35:00+00:00,7.5,4.1,3.8,1280
USGS-01649190,2024-01-25 04:40:00+00:00,7.5,4.0,3.9,1280
USGS-01649190,2024-01-25 04:45:00+00:00,7.5,3.9,3.9,1270
USGS-01649190,2024-01-25 04:50:00+00:00,7.5,3.8,3.9,1270
USGS-01649190,2024-01-25 04:55:00+00:00,7.4,4.0,3.9,1270
USGS-01649190,2024-01-25 05:00:00+00:00,7.4,3.9,3.9,1260
USGS-01649190,2024-01-25 05:05:00+00:00,7.4,4.0,3.9,1260
USGS-01649190,2024-01-25 05:10:00+00:00,7.4,4.0,3.9,1250
USGS-01649190,2024-01-25 05:15:00+00:00,7.5,4.0,3.9,1250
USGS-01649190,2024-01-25 05:20:00+00:00,7.4,3.9,3.9,1250
USGS-01649190,2024-01-25 05:25:00+00:00,7.4,3.8,3.9,1250
USGS-01649190,2024-01-25 05:30:00+00:00,7.4,3.8,3.9,1240
USGS-01649190,2024-01-25 05:35:00+00:00,7.4,4.0,3.9,1240
USGS-01649190,2024-01-25 05:40:00+00:00,7.4,3.9,3.9,1230
USGS-01649190,2024-01-25 05:45:00+00:00,7.4,3.9,3.9,1230
USGS-01649190,2024-01-25 05:50:00+00:00,7.4,4.0,3.9,1230
USGS-01649190,2024-01-25 05:55:00+00:00,7.4,3.9,3.9,1230
USGS-01649190,2024-01-25 06:00:00+00:00,7.4,3.9,3.9,1230
USGS-01649190,2024-01-25 06:05:00+00:00,7.4,3.9,3.9,1220
USGS-01649190,2024-01-25 06:10:00+00:00,7.4,3.8,3.9,1220
USGS-01649190,2024-01-25 06:15:00+00:00,7.4,3.9,3.9,1220
USGS-01649190,2024-01-25 06:20:00+00:00,7.4,3.7,3.9,1220
USGS-01649190,2024-01-25 06:25:00+00:00,7.4,3.8,3.9,1210
USGS-01649190,2024-01-25 06:30:00+00:00,7.4,3.8,3.9,1210
USGS-01649190,2024-01-25 06:35:00+00:00,7.4,3.8,3.9,1210
USGS-01649190,2024-01-25 06:40:00+00:00,7.4,3.8,4.0,1210
USGS-01649190,2024-01-25 06:45:00+00:00,7.4,3.8,4.0,1210
USGS-01649190,2024-01-25 06:50:00+00:00,7.4,3.8,4.0,1210
USGS-01649190,2024-01-25 06:55:00+00:00,7.4,3.8,4.0,1210
USGS-01649190,2024-01-25 07:00:00+00:00,7.4,3.8,4.0,1210
USGS-01649190,2024-01-25 07:05:00+00:00,7.4,3.7,4.0,1210
USGS-01649190,2024-01-25 07:10:00+00:00,7.4,3.8,4.0,1210
USGS-01649190,2024-01-25 07:15:00+00:00,7.4,3.8,4.0,1200
USGS-01649190,2024-01-25 07:20:00+00:00,7.4,3.7,4.0,1200
USGS-01649190,2024-01-25 07:25:00+00:00,7.4,3.7,4.0,1200
USGS-01649190,2024-01-25 07:30:00+00:00,7.4,3.8,4.0,1200
USGS-01649190,2024-01-25 07:35:00+00:00,7.4,3.7,4.0,1200
USGS-01649190,2024-01-25 07:40:00+00:00,7.4,3.7,4.0,1200
USGS-01649190,2024-01-25 07:45:00+00:00,7.4,3.8,4.0,1200
USGS-01649190,2024-01-25 07:50:00+00:00,7.4,3.8,4.0,1200
USGS-01649190,2024-01-25 07:55:00+00:00,7.4,4.1,4.0,1200
USGS-01649190,2024-01-25 08:00:00+00:00,7.4,3.8,4.0,1200
USGS-01649190,2024-01-25 08:05:00+00:00,7.4,3.8,4.0,1210
USGS-01649190,2024-01-25 08:10:00+00:00,7.4,3.8,4.0,1210
USGS-01649190,2024-01-25 08:15:00+00:00,7.4,3.9,4.0,1210
USGS-01649190,2024-01-25 08:20:00+00:00,7.4,3.7,4.1,1210
USGS-01649190,2024-01-25 08:25:00+00:00,7.4,3.9,4.1,1210
USGS-01649190,2024-01-25 08:30:00+00:00,7.4,3.9,4.1,1210
USGS-01649190,2024-01-25 08:35:00+00:00,7.4,3.9,4.1,1210
USGS-01649190,2024-01-25 08:40:00+00:00,7.4,3.9,4.1,1210
USGS-01649190,2024-01-25 08:45:00+00:00,7.4,3.9,4.1,1210
USGS-01649190,2024-01-25 08:50:00+00:00,7.4,3.7,4.1,1210
USGS-01649190,2024-01-25 08:55:00+00:00,7.4,3.8,4.1,1210
USGS-01649190,2024-01-25 09:00:00+00:00,7.4,3.9,4.1,1210
USGS-01649190,2024-01-25 09:05:00+00:00,7.4,3.8,4.1,1210
USGS-01649190,2024-01-25 09:10:00+00:00,7.4,3.7,4.1,1210
USGS-01649190,2024-01-25 09:15:00+00:00,7.4,3.9,4.1,1210
USGS-01649190,2024-01-25 09:20:00+00:00,7.4,4.5,4.1,1210
USGS-01649190,2024-01-25 09:25:00+00:00,7.4,4.5,4.1,1220
USGS-01649190,2024-01-25 09:30:00+00:00,7.4,4.6,4.1,1220
USGS-01649190,2024-01-25 09:35:00+00:00,7.4,4.5,4.1,1220
USGS-01649190,2024-01-25 09:40:00+00:00,7.4,4.6,4.1,1220
USGS-01649190,2024-01-25 09:45:00+00:00,7.4,4.7,4.1,1220
USGS-01649190,2024-01-25 09:50:00+00:00,7.4,4.5,4.1,1220
USGS-01649190,2024-01-25 09:55:00+00:00,7.4,4.6,4.1,1220
USGS-01649190,2024-01-25 10:00:00+00:00,7.4,4.5,4.2,1220
USGS-01649190,2024-01-25 10:05:00+00:00,7.4,4.6,4.2,1220
USGS-01649190,2024-01-25 10:10:00+00:00,7.4,4.6,4.2,1220
USGS-01649190,2024-01-25 10:15:00+00:00,7.4,4.6,4.2,1220
USGS-01649190,2024-01-25 10:20:00+00:00,7.4,4.5,4.2,1220
USGS-01649190,2024-01-25 10:25:00+00:00,7.4,4.5,4.2,1220
USGS-01649190,2024-01-25 10:30:00+00:00,7.4,4.5,4.2,1220
USGS-01649190,2024-01-25 10:35:00+00:00,7.4,4.5,4.2,1220
USGS-01649190,2024-01-25 10:40:00+00:00,7.4,4.4,4.2,1220
USGS-01649190,2024-01-25 10:45:00+00:00,7.4,4.5,4.2,1220
USGS-01649190,2024-01-25 10:50:00+00:00,7.4,4.6,4.2,1220
USGS-01649190,2024-01-25 10:55:00+00:00,7.4,4.5,4.2,1220
USGS-01649190,2024-01-25 11:00:00+00:00,7.4,4.4,4.2,1220
USGS-01649190,2024-01-25 11:05:00+00:00,7.4,4.5,4.2,1220
USGS-01649190,2024-01-25 11:10:00+00:00,7.4,4.5,4.2,1220
USGS-01649190,2024-01-25 11:15:00+00:00,7.4,4.6,4.2,1220
USGS-01649190,2024-01-25 11:20:00+00:00,7.4,4.5,4.3,1220
USGS-01649190,2024-01-25 11:25:00+00:00,7.4,4.5,4.3,1220
USGS-01649190,2024-01-25 11:30:00+00:00,7.4,4.5,4.3,1220
USGS-01649190,2024-01-25 11:35:00+00:00,7.4,4.7,4.3,1220
USGS-01649190,2024-01-25 11:40:00+00:00,7.4,4.4,4.3,1220
USGS-01649190,2024-01-25 11:45:00+00:00,7.4,4.4,4.3,1220
USGS-01649190,2024-01-25 11:50:00+00:00,7.4,4.5,4.3,1220
USGS-01649190,2024-01-25 11:55:00+00:00,7.4,4.5,4.3,1220
USGS-01649190,2024-01-25 12:00:00+00:00,7.4,4.5,4.3,1220
USGS-01649190,2024-01-25 12:05:00+00:00,7.4,4.6,4.3,1220
USGS-01649190,2024-01-25 12:10:00+00:00,7.4,4.5,4.3,1220
USGS-01649190,2024-01-25 12:15:00+00:00,7.4,4.3,4.3,1220
USGS-01649190,2024-01-25 12:20:00+00:00,7.4,4.4,4.3,1220
USGS-01649190,2024-01-25 12:25:00+00:00,7.4,4.4,4.4,1220
USGS-01649190,2024-01-25 12:30:00+00:00,7.4,4.5,4.4,1220
USGS-01649190,2024-01-25 12:35:00+00:00,7.4,4.5,4.4,1220
USGS-01649190,2024-01-25 12:40:00+00:00,7.4,4.4,4.4,1220
USGS-01649190,2024-01-25 12:45:00+00:00,7.4,4.6,4.4,1230
USGS-01649190,2024-01-25 12:50:00+00:00,7.4,4.7,4.4,1230
USGS-01649190,2024-01-25 12:55:00+00:00,7.4,4.8,4.4,1230
USGS-01649190,2024-01-25 13:00:00+00:00,7.4,4.9,4.4,1230
USGS-01649190,2024-01-25 13:05:00+00:00,7.4,5.1,4.4,1230
USGS-01649190,2024-01-25 13:10:00+00:00,7.4,5.1,4.4,1240
USGS-01649190,2024-01-25 13:15:00+00:00,7.4,5.1,4.4,1240
USGS-01649190,2024-01-25 13:20:00+00:00,7.4,5.2,4.5,1240
USGS-01649190,2024-01-25 13:25:00+00:00,7.4,5.4,4.5,1240
USGS-01649190,2024-01-25 13:30:00+00:00,7.4,5.5,4.5,1240
USGS-01649190,2024-01-25 13:35:00+00:00,7.4,5.6,4.5,1240
USGS-01649190,2024-01-25 13:40:00+00:00,7.4,5.7,4.5,1240
USGS-01649190,2024-01-25 13:45:00+00:00,7.4,5.6,4.5,1240
USGS-01649190,2024-01-25 13:50:00+00:00,7.4,5.4,4.5,1240
USGS-01649190,2024-01-25 13:55:00+00:00,7.4,5.4,4.5,1240
USGS-01649190,2024-01-25 14:00:00+00:00,7.4,5.4,4.6,1250
USGS-01649190,2024-01-25 14:05:00+00:00,7.4,5.3,4.6,1250
USGS-01649190,2024-01-25 14:10:00+00:00,7.4,5.5,4.6,1250
USGS-01649190,2024-01-25 14:15:00+00:00,7.4,5.6,4.6,1260
USGS-01649190,2024-01-25 14:20:00+00:00,7.4,5.7,4.6,1270
USGS-01649190,2024-01-25 14:25:00+00:00,7.4,5.9,4.6,1280
USGS-01649190,2024-01-25 14:30:00+00:00,7.4,6.1,4.7,1300
USGS-01649190,2024-01-25 14:35:00+00:00,7.4,6.4,4.7,1320
USGS-01649190,2024-01-25 14:40:00+00:00,7.4,6.6,4.7,1350
USGS-01649190,2024-01-25 14:45:00+00:00,7.4,7.0,4.7,1370
USGS-01649190,2024-01-25 14:50:00+00:00,7.4,7.5,4.7,1430
USGS-01649190,2024-01-25 14:55:00+00:00,7.4,8.2,4.8,1500
USGS-01649190,2024-01-25 15:00:00+00:00,7.4,8.9,4.8,1550
USGS-01649190,2024-01-25 15:05:00+00:00,7.4,9.3,4.8,1590
USGS-01649190,2024-01-25 15:10:00+00:00,7.4,10.0,4.8,1640
USGS-01649190,2024-01-25 15:15:00+00:00,7.4,11.4,4.9,1740
USGS-01649190,2024-01-25 15:20:00+00:00,7.4,12.0,4.9,1780
USGS-01649190,2024-01-25 15:25:00+00:00,7.4,12.9,4.9,1840
USGS-01649190,2024-01-25 15:30:00+00:00,7.4,13.9,5.0,1940
USGS-01649190,2024-01-25 15:35:00+00:00,7.4,14.1,5.0,1970
USGS-01649190,2024-01-25 15:40:00+00:00,7.4,14.2,5.0,2020
USGS-01649190,2024-01-25 15:45:00+00:00,7.4,14.8,5.0,2070
USGS-01649190,2024-01-25 15:50:00+00:00,7.4,15.2,5.1,2130
USGS-01649190,2024-01-25 15:55:00+00:00,7.4,15.0,5.1,2160
USGS-01649190,2024-01-25 16:00:00+00:00,7.4,15.5,5.1,2200
USGS-01649190,2024-01-25 16:05:00+00:00,7.4,15.3,5.1,2220
USGS-01649190,2024-01-25 16:10:00+00:00,7.4,15.4,5.1,2230
USGS-01649190,2024-01-25 16:15:00+00:00,7.4,15.4,5.2,2250
USGS-01649190,2024-01-25 16:20:00+00:00,7.4,15.2,5.2,2260
USGS-01649190,2024-01-25 16:25:00+00:00,7.4,14.7,5.2,2250
USGS-01649190,2024-01-25 16:30:00+00:00,7.4,14.6,5.2,2250
USGS-01649190,2024-01-25 16:35:00+00:00,7.4,14.0,5.2,2240
USGS-01649190,2024-01-25 16:40:00+00:00,7.4,13.8,5.3,2220
USGS-01649190,2024-01-25 16:45:00+00:00,7.4,13.5,5.3,2200
USGS-01649190,2024-01-25 16:50:00+00:00,7.4,13.1,5.3,2180
USGS-01649190,2024-01-25 16:55:00+00:00,7.4,12.8,5.3,2170
USGS-01649190,2024-01-25 17:00:00+00:00,7.4,12.4,5.3,2140
USGS-01649190,2024-01-25 17:05:00+00:00,7.4,12.3,5.4,2120
USGS-01649190,2024-01-25 17:10:00+00:00,7.4,12.1,5.4,2100
USGS-01649190,2024-01-25 17:15:00+00:00,7.4,11.8,5.4,2070
USGS-01649190,2024-01-25 17:20:00+00:00,7.4,11.6,5.4,2050
USGS-01649190,2024-01-25 17:25:00+00:00,7.4,11.3,5.4,2030
USGS-01649190,2024-01-25 17:30:00+00:00,7.4,10.9,5.5,2000
USGS-01649190,2024-01-25 17:35:00+00:00,7.4,10.8,5.5,1990
USGS-01649190,2024-01-25 17:40:00+00:00,7.4,10.7,5.5,1970
USGS-01649190,2024-01-25 17:45:00+00:00,7.4,10.4,5.5,1950
USGS-01649190,2024-01-25 17:50:00+00:00,7.4,9.8,5.6,1920
USGS-01649190,2024-01-25 17:55:00+00:00,7.4,9.8,5.6,1910
USGS-01649190,2024-01-25 18:00:00+00:00,7.4,9.5,5.6,1880
USGS-01649190,2024-01-25 18:05:00+00:00,7.4,9.2,5.7,1850
USGS-01649190,2024-01-25 18:10:00+00:00,7.4,9.4,5.7,1860
USGS-01649190,2024-01-25 18:15:00+00:00,7.4,8.8,5.7,1830
USGS-01649190,2024-01-25 18:20:00+00:00,7.4,8.7,5.7,1820
USGS-01649190,2024-01-25 18:25:00+00:00,7.4,8.9,5.7,1820
USGS-01649190,2024-01-25 18:30:00+00:00,7.4,8.4,5.8,1800
USGS-01649190,2024-01-25 18:35:00+00:00,7.4,8.4,5.8,1790
USGS-01649190,2024-01-25 18:40:00+00:00,7.4,8.5,5.8,1790
USGS-01649190,2024-01-25 18:45:00+00:00,7.4,7.9,5.8,1770
USGS-01649190,2024-01-25 18:50:00+00:00,7.4,8.0,5.9,1780
USGS-01649190,2024-01-25 18:55:00+00:00,7.4,8.1,5.9,1770
USGS-01649190,2024-01-25 19:00:00+00:00,7.4,7.8,5.9,1770
USGS-01649190,2024-01-25 19:05:00+00:00,7.4,7.7,5.9,1770
USGS-01649190,2024-01-25 19:10:00+00:00,7.4,7.8,5.9,1770
USGS-01649190,2024-01-25 19:15:00+00:00,7.4,7.5,6.0,1780
USGS-01649190,2024-01-25 19:20:00+00:00,7.5,7.7,6.0,1780
USGS-01649190,2024-01-25 19:25:00+00:00,7.5,7.5,6.0,1780
USGS-01649190,2024-01-25 19:30:00+00:00,7.5,7.4,6.0,1780
USGS-01649190,2024-01-25 19:35:00+00:00,7.5,7.5,6.1,1790
USGS-01649190,2024-01-25 19:40:00+00:00,7.5,7.4,6.1,1790
USGS-01649190,2024-01-25 19:45:00+00:00,7.5,7.2,6.1,1790
USGS-01649190,2024-01-25 19:50:00+00:00,7.5,7.4,6.2,1790
USGS-01649190,2024-01-25 19:55:00+00:00,7.5,7.3,6.2,1790
USGS-01649190,2024-01-25 20:00:00+00:00,7.5,7.2,6.2,1790
USGS-01649190,2024-01-25 20:05:00+00:00,7.5,7.3,6.2,1780
USGS-01649190,2024-01-25 20:10:00+00:00,7.5,7.2,6.2,1780
USGS-01649190,2024-01-25 20:15:00+00:00,7.5,7.3,6.3,1780
USGS-01649190,2024-01-25 20:20:00+00:00,7.5,7.2,6.3,1780
USGS-01649190,2024-01-25 20:25:00+00:00,7.5,7.1,6.3,1770
USGS-01649190,2024-01-25 20:30:00+00:00,7.5,7.2,6.3,1770
USGS-01649190,2024-01-25 20:35:00+00:00,7.5,7.1,6.4,1770
USGS-01649190,2024-01-25 20:40:00+00:00,7.5,7.0,6.4,1770
USGS-01649190,2024-01-25 20:45:00+00:00,7.5,7.2,6.4,1760
USGS-01649190,2024-01-25 20:50:00+00:00,7.5,7.0,6.4,1760
USGS-01649190,2024-01-25 20:55:00+00:00,7.5,7.0,6.4,1760
USGS-01649190,2024-01-25 21:00:00+00:00,7.5,7.0,6.4,1760
USGS-01649190,2024-01-25 21:05:00+00:00,7.5,7.0,6.4,1760
USGS-01649190,2024-01-25 21:10:00+00:00,7.5,7.1,6.4,1760
USGS-01649190,2024-01-25 21:15:00+00:00,7.5,7.1,6.5,1770
USGS-01649190,2024-01-25 21:20:00+00:00,7.5,6.8,6.5,1770
USGS-01649190,2024-01-25 21:25:00+00:00,7.5,6.8,6.5,1770
USGS-01649190,2024-01-25 21:30:00+00:00,7.5,7.0,6.5,1770
USGS-01649190,2024-01-25 21:35:00+00:00,7.5,7.1,6.5,1780
USGS-01649190,2024-01-25 21:40:00+00:00,7.5,7.0,6.5,1780
USGS-01649190,2024-01-25 21:45:00+00:00,7.5,7.0,6.5,1780
USGS-01649190,2024-01-25 21:50:00+00:00,7.5,7.2,6.6,1790
USGS-01649190,2024-01-25 21:55:00+00:00,7.5,7.1,6.6,1790
USGS-01649190,2024-01-25 22:00:00+00:00,7.5,7.2,6.6,1800
USGS-01649190,2024-01-25 22:05:00+00:00,7.5,7.2,6.6,1800
USGS-01649190,2024-01-25 22:10:00+00:00,7.5,7.2,6.6,1810
USGS-01649190,2024-01-25 22:15:00+00:00,7.5,7.3,6.6,1810
USGS-01649190,2024-01-25 22:20:00+00:00,7.5,7.3,6.6,1820
USGS-01649190,2024-01-25 22:25:00+00:00,7.5,7.4,6.6,1820
USGS-01649190,2024-01-25 22:30:00+00:00,7.5,7.5,6.6,1830
USGS-01649190,2024-01-25 22:35:00+00:00,7.5,7.4,6.6,1830
USGS-01649190,2024-01-25 22:40:00+00:00,7.5,7.5,6.6,1840
USGS-01649190,2024-01-25 22:45:00+00:00,7.5,7.6,6.6,1840
USGS-01649190,2024-01-25 22:50:00+00:00,7.5,7.6,6.6,1840
USGS-01649190,2024-01-25 22:55:00+00:00,7.5,7.6,6.7,1850
USGS-01649190,2024-01-25 23:00:00+00:00,7.5,7.8,6.7,1850
USGS-01649190,2024-01-25 23:05:00+00:00,7.5,7.8,6.7,1860
USGS-01649190,2024-01-25 23:10:00+00:00,7.5,7.7,6.7,1860
USGS-01649190,2024-01-25 23:15:00+00:00,7.5,7.8,6.7,1860
USGS-01649190,2024-01-25 23:20:00+00:00,7.5,7.7,6.7,1860
USGS-01649190,2024-01-25 23:25:00+00:00,7.5,7.8,6.7,1870
USGS-01649190,2024-01-25 23:30:00+00:00,7.5,7.9,6.7,1870
USGS-01649190,2024-01-25 23:35:00+00:00,7.5,7.8,6.7,1870
USGS-01649190,2024-01-25 23:40:00+00:00,7.5,7.8,6.7,1870
USGS-01649190,2024-01-25 23:45:00+00:00,7.5,7.9,6.7,1870
USGS-01649190,2024-01-25 23:50:00+00:00,7.4,8.1,6.7,1880
USGS-01649190,2024-01-25 23:55:00+00:00,7.4,8.1,6.7,1880
USGS-01649190,2024-01-26 00:00:00+00:00,7.4,8.3,6.7,1880
USGS-01649190,2024-01-26 00:05:00+00:00,7.4,8.3,6.7,1880
USGS-01649190,2024-01-26 00:10:00+00:00,7.4,8.1,6.7,1880
USGS-01649190,2024-01-26 00:15:00+00:00,7.4,8.0,6.7,1880
USGS-01649190,2024-01-26 00:20:00+00:00,7.4,7.6,6.7,1890
USGS-01649190,2024-01-26 00:25:00+00:00,7.4,7.6,6.8,1890
USGS-01649190,2024-01-26 00:30:00+00:00,7.4,7.5,6.8,1890
USGS-01649190,2024-01-26 00:35:00+00:00,7.4,7.4,6.8,1890
USGS-01649190,2024-01-26 00:40:00+00:00,7.4,7.4,6.8,1900
USGS-01649190,2024-01-26 00:45:00+00:00,7.4,7.5,6.8,1890
USGS-01649190,2024-01-26 00:50:00+00:00,7.4,7.5,6.8,1890
USGS-01649190,2024-01-26 00:55:00+00:00,7.4,7.6,6.8,1910
USGS-01649190,2024-01-26 01:00:00+00:00,7.4,7.6,6.8,1900
USGS-01649190,2024-01-26 01:05:00+00:00,7.4,7.6,6.8,1920
USGS-01649190,2024-01-26 01:10:00+00:00,7.4,7.6,6.8,1910
USGS-01649190,2024-01-26 01:15:00+00:00,7.4,7.9,6.8,1920
USGS-01649190,2024-01-26 01:20:00+00:00,7.4,8.2,6.8,1930
USGS-01649190,2024-01-26 01:25:00+00:00,7.4,7.9,6.8,1930
USGS-01649190,2024-01-26 01:30:00+00:00,7.4,8.1,6.8,1940
USGS-01649190,2024-01-26 01:35:00+00:00,7.4,8.2,6.8,1940
USGS-01649190,2024-01-26 01:40:00+00:00,7.4,8.3,6.8,1950
USGS-01649190,2024-01-26 01:45:00+00:00,7.4,8.2,6.8,1960
USGS-01649190,2024-01-26 01:50:00+00:00,7.4,8.4,6.8,1960
USGS-01649190,2024-01-26 01:55:00+00:00,7.4,8.1,6.8,1970
USGS-01649190,2024-01-26 02:00:00+00:00,7.4,8.3,6.8,1960
USGS-01649190,2024-01-26 02:05:00+00:00,7.4,8.2,6.9,1970
USGS-01649190,2024-01-26 02:10:00+00:00,7.4,8.3,6.9,1980
USGS-01649190,2024-01-26 02:15:00+00:00,7.4,8.1,6.9,1980
USGS-01649190,2024-01-26 02:20:00+00:00,7.4,8.1,6.9,1990
USGS-01649190,2024-01-26 02:25:00+00:00,7.4,8.4,6.9,1990
USGS-01649190,2024-01-26 02:30:00+00:00,7.4,8.2,6.9,2000
USGS-01649190,2024-01-26 02:35:00+00:00,7.4,8.3,6.9,2000
USGS-01649190,2024-01-26 02:40:00+00:00,7.4,8.2,6.9,2000
USGS-01649190,2024-01-26 02:45:00+00:00,7.4,8.4,6.9,2010
USGS-01649190,2024-01-26 02:50:00+00:00,7.4,8.3,6.9,2010
USGS-01649190,2024-01-26 02:55:00+00:00,7.4,8.4,6.9,2020
USGS-01649190,2024-01-26 03:00:00+00:00,7.4,8.4,6.9,2020
USGS-01649190,2024-01-26 03:05:00+00:00,7.4,8.5,6.9,2020
USGS-01649190,2024-01-26 03:10:00+00:00,7.4,8.6,6.9,2020
USGS-01649190,2024-01-26 03:15:00+00:00,7.4,8.7,7.0,2030
USGS-01649190,2024-01-26 03:20:00+00:00,7.4,8.6,7.0,2030
USGS-01649190,2024-01-26 03:25:00+00:00,7.4,8.6,7.0,2030
USGS-01649190,2024-01-26 03:30:00+00:00,7.4,8.6,7.0,2040
USGS-01649190,2024-01-26 03:35:00+00:00,7.4,8.7,7.0,2030
USGS-01649190,2024-01-26 03:40:00+00:00,7.4,8.8,7.0,2030
USGS-01649190,2024-01-26 03:45:00+00:00,7.4,8.6,7.0,2030
USGS-01649190,2024-01-26 03:50:00+00:00,7.4,8.6,7.0,2030
USGS-01649190,2024-01-26 03:55:00+00:00,7.4,8.5,7.0,2030
USGS-01649190,2024-01-26 04:00:00+00:00,7.4,8.6,7.0,2020
USGS-01649190,2024-01-26 04:05:00+00:00,7.4,8.4,7.0,2020
USGS-01649190,2024-01-26 04:10:00+00:00,7.4,8.7,7.0,2020
USGS-01649190,2024-01-26 04:15:00+00:00,7.4,8.6,7.0,2010
USGS-01649190,2024-01-26 04:20:00+00:00,7.4,8.5,7.0,2010
USGS-01649190,2024-01-26 04:25:00+00:00,7.4,8.5,7.1,2000
USGS-01649190,2024-01-26 04:30:00+00:00,7.4,8.4,7.1,1990
USGS-01649190,2024-01-26 04:35:00+00:00,7.4,8.6,7.1,1990
USGS-01649190,2024-01-26 04:40:00+00:00,7.4,8.8,7.1,1980
USGS-01649190,2024-01-26 04:45:00+00:00,7.4,8.8,7.1,1980
USGS-01649190,2024-01-26 04:50:00+00:00,7.4,8.6,7.1,1970
USGS-01649190,2024-01-26 04:55:00+00:00,7.4,9.0,7.1,1960
USGS-01649190,2024-01-26 05:00:00+00:00,7.4,8.8,7.1,1960
USGS-01649190,2024-01-26 05:05:00+00:00,7.4,9.0,7.1,1950
USGS-01649190,2024-01-26 05:10:00+00:00,7.4,9.1,7.1,1950
USGS-01649190,2024-01-26 05:15:00+00:00,7.4,8.8,7.1,1930
USGS-01649190,2024-01-26 05:20:00+00:00,7.4,8.8,7.1,1930
USGS-01649190,2024-01-26 05:25:00+00:00,7.4,8.8,7.1,1920
USGS-01649190,2024-01-26 05:30:00+00:00,7.4,8.8,7.1,1920
USGS-01649190,2024-01-26 05:35:00+00:00,7.4,8.8,7.1,1910
USGS-01649190,2024-01-26 05:40:00+00:00,7.4,8.8,7.1,1910
USGS-01649190,2024-01-26 05:45:00+00:00,7.4,8.7,7.1,1900
USGS-01649190,2024-01-26 05:50:00+00:00,7.4,8.6,7.1,1900
USGS-01649190,2024-01-26 05:55:00+00:00,7.4,9.1,7.1,1890
USGS-01649190,2024-01-26 06:00:00+00:00,7.4,8.8,7.1,1890
USGS-01649190,2024-01-26 06:05:00+00:00,7.4,8.8,7.1,1890
USGS-01649190,2024-01-26 06:10:00+00:00,7.4,8.6,7.1,1890
USGS-01649190,2024-01-26 06:15:00+00:00,7.4,8.7,7.1,1890
USGS-01649190,2024-01-26 06:20:00+00:00,7.4,8.9,7.1,1890
USGS-01649190,2024-01-26 06:25:00+00:00,7.4,8.8,7.1,1890
USGS-01649190,2024-01-26 06:30:00+00:00,7.4,8.7,7.1,1890
USGS-01649190,2024-01-26 06:35:00+00:00,7.4,8.7,7.2,1890
USGS-01649190,2024-01-26 06:40:00+00:00,7.4,8.9,7.2,1890
USGS-01649190,2024-01-26 06:45:00+00:00,7.4,8.9,7.2,1890
USGS-01649190,2024-01-26 06:50:00+00:00,7.4,8.8,7.2,1890
USGS-01649190,2024-01-26 06:55:00+00:00,7.4,8.9,7.2,1890
USGS-01649190,2024-01-26 07:00:00+00:00,7.4,8.8,7.2,1900
USGS-01649190,2024-01-26 07:05:00+00:00,7.4,8.9,7.2,1900
USGS-01649190,2024-01-26 07:10:00+00:00,7.4,8.9,7.2,1900
USGS-01649190,2024-01-26 07:15:00+00:00,7.4,8.8,7.2,1900
USGS-01649190,2024-01-26 07:20:00+00:00,7.4,8.9,7.2,1900
USGS-01649190,2024-01-26 07:25:00+00:00,7.4,8.6,7.2,1900
USGS-01649190,2024-01-26 07:30:00+00:00,7.4,8.7,7.2,1900
USGS-01649190,2024-01-26 07:35:00+00:00,7.4,8.6,7.2,1890
USGS-01649190,2024-01-26 07:40:00+00:00,7.4,8.6,7.2,1890
USGS-01649190,2024-01-26 07:45:00+00:00,7.4,8.7,7.2,1890
USGS-01649190,2024-01-26 07:50:00+00:00,7.4,8.7,7.2,1890
USGS-01649190,2024-01-26 07:55:00+00:00,7.4,8.6,7.2,1880
USGS-01649190,2024-01-26 08:00:00+00:00,7.4,8.5,7.2,1880
USGS-01649190,2024-01-26 08:05:00+00:00,7.4,8.4,7.2,1880
USGS-01649190,2024-01-26 08:10:00+00:00,7.4,8.2,7.2,1870
USGS-01649190,2024-01-26 08:15:00+00:00,7.4,8.3,7.2,1870
USGS-01649190,2024-01-26 08:20:00+00:00,7.4,8.4,7.2,1870
USGS-01649190,2024-01-26 08:25:00+00:00,7.4,8.2,7.3,1860
USGS-01649190,2024-01-26 08:30:00+00:00,7.4,8.4,7.3,1860
USGS-01649190,2024-01-26 08:35:00+00:00,7.4,8.4,7.3,1860
USGS-01649190,2024-01-26 08:40:00+00:00,7.4,8.3,7.3,1850
USGS-01649190,2024-01-26 08:45:00+00:00,7.4,8.3,7.3,1850
USGS-01649190,2024-01-26 08:50:00+00:00,7.4,8.1,7.3,1850
USGS-01649190,2024-01-26 08:55:00+00:00,7.4,8.2,7.3,1850
USGS-01649190,2024-01-26 09:00:00+00:00,7.4,8.3,7.3,1840
USGS-01649190,2024-01-26 09:05:00+00:00,7.4,8.1,7.3,1840
USGS-01649190,2024-01-26 09:10:00+00:00,7.4,8.2,7.3,1840
USGS-01649190,2024-01-26 09:15:00+00:00,7.4,8.2,7.3,1840
USGS-01649190,2024-01-26 09:20:00+00:00,7.4,8.0,7.3,1830
USGS-01649190,2024-01-26 09:25:00+00:00,7.4,8.2,7.3,1830
USGS-01649190,2024-01-26 09:30:00+00:00,7.4,8.1,7.3,1830
USGS-01649190,2024-01-26 09:35:00+00:00,7.4,8.1,7.3,1830
USGS-01649190,2024-01-26 09:40:00+00:00,7.4,7.8,7.3,1830
USGS-01649190,2024-01-26 09:45:00+00:00,7.4,7.8,7.3,1830
USGS-01649190,2024-01-26 09:50:00+00:00,7.4,7.9,7.3,1830
USGS-01649190,2024-01-26 09:55:00+00:00,7.4,7.8,7.3,1830
USGS-01649190,2024-01-26 10:00:00+00:00,7.4,7.8,7.3,1830
USGS-01649190,2024-01-26 10:05:00+00:00,7.4,7.8,7.3,1830
USGS-01649190,2024-01-26 10:10:00+00:00,7.4,7.8,7.3,1830
USGS-01649190,2024-01-26 10:15:00+00:00,7.4,7.6,7.3,1830
USGS-01649190,2024-01-26 10:20:00+00:00,7.4,7.7,7.3,1830
USGS-01649190,2024-01-26 10:25:00+00:00,7.4,7.8,7.3,1830
USGS-01649190,2024-01-26 10:30:00+00:00,7.4,7.7,7.3,1830
USGS-01649190,2024-01-26 10:35:00+00:00,7.4,7.5,7.4,1830
USGS-01649190,2024-01-26 10:40:00+00:00,7.4,7.5,7.4,1830
USGS-01649190,2024-01-26 10:45:00+00:00,7.4,7.7,7.4,1830
USGS-01649190,2024-01-26 10:50:00+00:00,7.4,7.6,7.4,1830
USGS-01649190,2024-01-26 10:55:00+00:00,7.4,7.7,7.4,1840
USGS-01649190,2024-01-26 11:00:00+00:00,7.4,7.5,7.4,1840
USGS-01649190,2024-01-26 11:05:00+00:00,7.4,7.6,7.4,1840
USGS-01649190,2024-01-26 11:10:00+00:00,7.4,7.5,7.4,1840
USGS-01649190,2024-01-26 11:15:00+00:00,7.4,7.6,7.4,1840
USGS-01649190,2024-01-26 11:20:00+00:00,7.4,7.5,7.4,1840
USGS-01649190,2024-01-26 11:25:00+00:00,7.4,7.7,7.4,1840
USGS-01649190,2024-01-26 11:30:00+00:00,7.4,7.6,7.4,1850
USGS-01649190,2024-01-26 11:35:00+00:00,7.4,7.7,7.4,1850
USGS-01649190,2024-01-26 11:40:00+00:00,7.4,7.6,7.4,1850
USGS-01649190,2024-01-26 11:45:00+00:00,7.4,7.4,7.4,1850
USGS-01649190,2024-01-26 11:50:00+00:00,7.4,7.5,7.4,1850
USGS-01649190,2024-01-26 11:55:00+00:00,7.4,7.4,7.4,1850
USGS-01649190,2024-01-26 12:00:00+00:00,7.4,7.4,7.5,1860
USGS-01649190,2024-01-26 12:05:00+00:00,7.4,7.4,7.5,1860
USGS-01649190,2024-01-26 12:10:00+00:00,7.4,7.4,7.5,1860
USGS-01649190,2024-01-26 12:15:00+00:00,7.4,7.7,7.5,1860
USGS-01649190,2024-01-26 12:20:00+00:00,7.4,7.5,7.5,1860
USGS-01649190,2024-01-26 12:25:00+00:00,7.4,7.4,7.5,1860
USGS-01649190,2024-01-26 12:30:00+00:00,7.4,7.4,7.5,1860
USGS-01649190,2024-01-26 12:35:00+00:00,7.4,7.5,7.5,1860
USGS-01649190,2024-01-26 12:40:00+00:00,7.4,7.4,7.5,1860
USGS-01649190,2024-01-26 12:45:00+00:00,7.4,7.5,7.5,1860
USGS-01649190,2024-01-26 12:50:00+00:00,7.4,7.5,7.5,1860
USGS-01649190,2024-01-26 12:55:00+00:00,7.4,7.4,7.5,1860
USGS-01649190,2024-01-26 13:00:00+00:00,7.4,7.4,7.6,1860
USGS-01649190,2024-01-26 13:05:00+00:00,7.4,7.4,7.6,1870
USGS-01649190,2024-01-26 13:10:00+00:00,7.4,7.4,7.6,1860
USGS-01649190,2024-01-26 13:15:00+00:00,7.4,7.4,7.6,1860
USGS-01649190,2024-01-26 13:20:00+00:00,7.4,7.4,7.6,1860
USGS-01649190,2024-01-26 13:25:00+00:00,7.4,7.5,7.6,1860
USGS-01649190,2024-01-26 13:30:00+00:00,7.4,7.6,7.6,1860
USGS-01649190,2024-01-26 13:35:00+00:00,7.4,7.6,7.6,1860
USGS-01649190,2024-01-26 13:40:00+00:00,7.4,7.4,7.7,1860
USGS-01649190,2024-01-26 13:45:00+00:00,7.4,7.1,7.7,1860
USGS-01649190,2024-01-26 13:50:00+00:00,7.5,7.3,7.7,1860
USGS-01649190,2024-01-26 13:55:00+00:00,7.5,7.3,7.7,1860
USGS-01649190,2024-01-26 14:00:00+00:00,7.5,7.2,7.7,1860
USGS-01649190,2024-01-26 14:05:00+00:00,7.5,7.2,7.7,1860
USGS-01649190,2024-01-26 14:10:00+00:00,7.5,7.3,7.7,1860
USGS-01649190,2024-01-26 14:15:00+00:00,7.5,7.1,7.8,1850
USGS-01649190,2024-01-26 14:20:00+00:00,7.5,7.2,7.8,1850
USGS-01649190,2024-01-26 14:25:00+00:00,7.5,7.2,7.8,1850
USGS-01649190,2024-01-26 14:30:00+00:00,7.5,7.1,7.8,1860
USGS-01649190,2024-01-26 14:35:00+00:00,7.5,7.0,7.8,1850
USGS-01649190,2024-01-26 14:40:00+00:00,7.5,7.1,7.9,1860
USGS-01649190,2024-01-26 14:45:00+00:00,7.5,7.0,7.9,1850
USGS-01649190,2024-01-26 14:50:00+00:00,7.5,7.2,7.9,1860
USGS-01649190,2024-01-26 14:55:00+00:00,7.5,7.2,7.9,1860
USGS-01649190,2024-01-26 15:00:00+00:00,7.5,7.3,7.9,1860
USGS-01649190,2024-01-26 15:05:00+00:00,7.5,7.0,8.0,1860
USGS-01649190,2024-01-26 15:10:00+00:00,7.5,7.0,8.0,1860
USGS-01649190,2024-01-26 15:15:00+00:00,7.5,7.1,8.0,1870
USGS-01649190,2024-01-26 15:20:00+00:00,7.5,7.3,8.0,1870
USGS-01649190,2024-01-26 15:25:00+00:00,7.5,7.2,8.0,1870
USGS-01649190,2024-01-26 15:30:00+00:00,7.5,7.1,8.1,1870
USGS-01649190,2024-01-26 15:35:00+00:00,7.5,7.0,8.1,1870
USGS-01649190,2024-01-26 15:40:00+00:00,7.5,7.0,8.1,1870
USGS-01649190,2024-01-26 15:45:00+00:00,7.5,6.9,8.2,1870
USGS-01649190,2024-01-26 15:50:00+00:00,7.5,7.2,8.2,1880
USGS-01649190,2024-01-26 15:55:00+00:00,7.5,7.0,8.2,1880
USGS-01649190,2024-01-26 16:00:00+00:00,7.5,7.1,8.2,1870
USGS-01649190,2024-01-26 16:05:00+00:00,7.5,7.0,8.2,1880
USGS-01649190,2024-01-26 16:10:00+00:00,7.5,7.0,8.3,1880
USGS-01649190,2024-01-26 16:15:00+00:00,7.5,7.0,8.3,1880
USGS-01649190,2024-01-26 16:20:00+00:00,7.5,7.0,8.4,1880
USGS-01649190,2024-01-26 16:25:00+00:00,7.5,7.1,8.4,1880
USGS-01649190,2024-01-26 16:30:00+00:00,7.5,7.1,8.4,1880
USGS-01649190,2024-01-26 16:35:00+00:00,7.5,6.9,8.4,1880
USGS-01649190,2024-01-26 16:40:00+00:00,7.5,7.3,8.4,1880
USGS-01649190,2024-01-26 16:45:00+00:00,7.5,7.0,8.5,1880
USGS-01649190,2024-01-26 16:50:00+00:00,7.5,7.0,8.5,1880
USGS-01649190,2024-01-26 16:55:00+00:00,7.5,7.0,8.6,1880
USGS-01649190,2024-01-26 17:00:00+00:00,7.5,6.8,8.6,1880
USGS-01649190,2024-01-26 17:05:00+00:00,7.5,7.1,8.7,1870
USGS-01649190,2024-01-26 17:10:00+00:00,7.5,7.0,8.7,1870
USGS-01649190,2024-01-26 17:15:00+00:00,7.5,7.0,8.8,1870
USGS-01649190,2024-01-26 17:20:00+00:00,7.5,6.8,8.9,1870
USGS-01649190,2024-01-26 17:25:00+00:00,7.5,7.0,8.9,1870
USGS-01649190,2024-01-26 17:30:00+00:00,7.5,6.9,9.0,1870
USGS-01649190,2024-01-26 17:35:00+00:00,7.5,6.9,9.0,1870
USGS-01649190,2024-01-26 17:40:00+00:00,7.5,7.1,9.0,1870
USGS-01649190,2024-01-26 17:45:00+00:00,7.5,7.0,9.1,1870
USGS-01649190,2024-01-26 17:50:00+00:00,7.5,6.9,9.2,1860
USGS-01649190,2024-01-26 17:55:00+00:00,7.5,7.1,9.2,1860
USGS-01649190,2024-01-26 18:00:00+00:00,7.5,7.0,9.3,1860
USGS-01649190,2024-01-26 18:05:00+00:00,7.5,7.1,9.3,1860
USGS-01649190,2024-01-26 18:10:00+00:00,7.5,6.9,9.4,1860
USGS-01649190,2024-01-26 18:15:00+00:00,7.5,7.0,9.4,1860
USGS-01649190,2024-01-26 18:20:00+00:00,7.5,7.2,9.4,1860
USGS-01649190,2024-01-26 18:25:00+00:00,7.5,7.1,9.5,1860
USGS-01649190,2024-01-26 18:30:00+00:00,7.5,7.1,9.5,1860
USGS-01649190,2024-01-26 18:35:00+00:00,7.5,7.0,9.6,1850
USGS-01649190,2024-01-26 18:40:00+00:00,7.5,7.0,9.6,1850
USGS-01649190,2024-01-26 18:45:00+00:00,7.5,6.9,9.6,1850
USGS-01649190,2024-01-26 18:50:00+00:00,7.5,7.2,9.7,1850
USGS-01649190,2024-01-26 18:55:00+00:00,7.5,7.1,9.7,1850
USGS-01649190,2024-01-26 19:00:00+00:00,7.5,6.9,9.8,1850
USGS-01649190,2024-01-26 19:05:00+00:00,7.5,6.9,9.8,1850
USGS-01649190,2024-01-26 19:10:00+00:00,7.5,6.9,9.9,1850
USGS-01649190,2024-01-26 19:15:00+00:00,7.5,7.0,9.9,1840
USGS-01649190,2024-01-26 19:20:00+00:00,7.5,7.0,10.0,1840
USGS-01649190,2024-01-26 19:25:00+00:00,7.6,6.9,10.0,1840
USGS-01649190,2024-01-26 19:30:00+00:00,7.6,6.9,10.0,1840
USGS-01649190,2024-01-26 19:35:00+00:00,7.6,6.8,10.0,1840
USGS-01649190,2024-01-26 19:40:00+00:00,7.6,6.9,10.0,1840
USGS-01649190,2024-01-26 19:45:00+00:00,7.6,7.1,10.1,1840
USGS-01649190,2024-01-26 19:50:00+00:00,7.6,7.0,10.1,1840
USGS-01649190,2024-01-26 19:55:00+00:00,7.6,6.7,10.1,1830
USGS-01649190,2024-01-26 20:00:00+00:00,7.6,6.9,10.1,1830
USGS-01649190,2024-01-26 20:05:00+00:00,7.6,7.0,10.2,1830
USGS-01649190,2024-01-26 20:10:00+00:00,7.6,6.8,10.2,1830
USGS-01649190,2024-01-26 20:15:00+00:00,7.6,6.8,10.2,1830
USGS-01649190,2024-01-26 20:20:00+00:00,7.6,6.8,10.2,1820
USGS-01649190,2024-01-26 20:25:00+00:00,7.6,6.8,10.2,1820
USGS-01649190,2024-01-26 20:30:00+00:00,7.6,7.0,10.3,1820
USGS-01649190,2024-01-26 20:35:00+00:00,7.6,6.7,10.3,1820
USGS-01649190,2024-01-26 20:40:00+00:00,7.6,6.8,10.3,1820
USGS-01649190,2024-01-26 20:45:00+00:00,7.6,6.9,10.4,1810
USGS-01649190,2024-01-26 20:50:00+00:00,7.6,6.8,10.4,1810
USGS-01649190,2024-01-26 20:55:00+00:00,7.6,6.9,10.4,1810
USGS-01649190,2024-01-26 21:00:00+00:00,7.6,6.7,10.4,1810
USGS-01649190,2024-01-26 21:05:00+00:00,7.6,6.8,10.4,1810
USGS-01649190,2024-01-26 21:10:00+00:00,7.6,6.9,10.4,1810
USGS-01649190,2024-01-26 21:15:00+00:00,7.6,6.6,10.5,1800
USGS-01649190,2024-01-26 21:20:00+00:00,7.6,6.6,10.5,1800
USGS-01649190,2024-01-26 21:25:00+00:00,7.6,6.7,10.5,1800
USGS-01649190,2024-01-26 21:30:00+00:00,7.6,6.6,10.5,1790
USGS-01649190,2024-01-26 21:35:00+00:00,7.6,6.6,10.5,1790
USGS-01649190,2024-01-26 21:40:00+00:00,7.6,6.5,10.5,1790
USGS-01649190,2024-01-26 21:45:00+00:00,7.6,6.6,10.5,1790
USGS-01649190,2024-01-26 21:50:00+00:00,7.6,6.5,10.5,1780
USGS-01649190,2024-01-26 21:55:00+00:00,7.6,6.6,10.5,1780
USGS-01649190,2024-01-26 22:00:00+00:00,7.6,6.6,10.4,1780
USGS-01649190,2024-01-26 22:05:00+00:00,7.6,6.6,10.4,1780
USGS-01649190,2024-01-26 22:10:00+00:00,7.6,6.5,10.4,1770
USGS-01649190,2024-01-26 22:15:00+00:00,7.6,6.7,10.4,1770
USGS-01649190,2024-01-26 22:20:00+00:00,7.5,6.6,10.4,1760
USGS-01649190,2024-01-26 22:25:00+00:00,7.5,6.6,10.4,1760
USGS-01649190,2024-01-26 22:30:00+00:00,7.5,6.5,10.4,1760
USGS-01649190,2024-01-26 22:35:00+00:00,7.5,6.4,10.4,1760
USGS-01649190,2024-01-26 22:40:00+00:00,7.5,6.5,10.4,1750
USGS-01649190,2024-01-26 22:45:00+00:00,7.5,6.5,10.3,1750
USGS-01649190,2024-01-26 22:50:00+00:00,7.5,6.4,10.3,1750
USGS-01649190,2024-01-26 22:55:00+00:00,7.5,6.3,10.3,1740
USGS-01649190,2024-01-26 23:00:00+00:00,7.5,6.2,10.3,1750
USGS-01649190,2024-01-26 23:05:00+00:00,7.5,6.3,10.3,1740
USGS-01649190,2024-01-26 23:10:00+00:00,7.5,6.3,10.3,1740
USGS-01649190,2024-01-26 23:15:00+00:00,7.5,6.3,10.2,1740
USGS-01649190,2024-01-26 23:20:00+00:00,7.5,6.2,10.2,1730
USGS-01649190,2024-01-26 23:25:00+00:00,7.5,6.4,10.2,1730
USGS-01649190,2024-01-26 23:30:00+00:00,7.5,6.4,10.2,1730
USGS-01649190,2024-01-26 23:35:00+00:00,7.5,6.4,10.2,1720
USGS-01649190,2024-01-26 23:40:00+00:00,7.5,6.3,10.2,1720
USGS-01649190,2024-01-26 23:45:00+00:00,7.5,6.3,10.2,1720
USGS-01649190,2024-01-26 23:50:00+00:00,7.5,6.2,10.2,1720
USGS-01649190,2024-01-26 23:55:00+00:00,7.5,6.2,10.1,1710
USGS-01649190,2024-01-27 00:00:00+00:00,7.5,6.3,10.1,1710
USGS-01649190,2024-01-27 00:05:00+00:00,7.5,6.2,10.1,1710
USGS-01649190,2024-01-27 00:10:00+00:00,7.5,6.1,10.1,1710
USGS-01649190,2024-01-27 00:15:00+00:00,7.5,6.1,10.1,1700
USGS-01649190,2024-01-27 00:20:00+00:00,7.5,6.2,10.1,1700
USGS-01649190,2024-01-27 00:25:00+00:00,7.5,6.2,10.1,1700
USGS-01649190,2024-01-27 00:30:00+00:00,7.5,6.1,10.0,1690
USGS-01649190,2024-01-27 00:35:00+00:00,7.5,6.0,10.0,1690
USGS-01649190,2024-01-27 00:40:00+00:00,7.5,6.2,10.0,1680
USGS-01649190,2024-01-27 00:45:00+00:00,7.5,6.0,10.0,1680
USGS-01649190,2024-01-27 00:50:00+00:00,7.5,5.9,10.0,1680
USGS-01649190,2024-01-27 00:55:00+00:00,7.5,5.9,10.0,1680
USGS-01649190,2024-01-27 01:00:00+00:00,7.5,6.0,10.0,1670
USGS-01649190,2024-01-27 01:05:00+00:00,7.5,5.8,10.0,1670
USGS-01649190,2024-01-27 01:10:00+00:00,7.5,5.9,10.0,1670
USGS-01649190,2024-01-27 01:15:00+00:00,7.5,6.0,9.9,1670
USGS-01649190,2024-01-27 01:20:00+00:00,7.5,6.1,9.9,1660
USGS-01649190,2024-01-27 01:25:00+00:00,7.5,6.0,9.9,1660
USGS-01649190,2024-01-27 01:30:00+00:00,7.5,5.9,9.9,1660
USGS-01649190,2024-01-27 01:35:00+00:00,7.5,6.0,9.9,1650
USGS-01649190,2024-01-27 01:40:00+00:00,7.5,5.8,9.9,1650
USGS-01649190,2024-01-27 01:45:00+00:00,7.5,5.9,9.9,1650
USGS-01649190,2024-01-27 01:50:00+00:00,7.5,5.8,9.8,1650
USGS-01649190,2024-01-27 01:55:00+00:00,7.5,5.9,9.8,1640
USGS-01649190,2024-01-27 02:00:00+00:00,7.5,6.0,9.8,1640
USGS-01649190,2024-01-27 02:05:00+00:00,7.5,5.9,9.8,1640
USGS-01649190,2024-01-27 02:10:00+00:00,7.5,5.8,9.8,1630
USGS-01649190,2024-01-27 02:15:00+00:00,7.5,5.8,9.8,1630
USGS-01649190,2024-01-27 02:20:00+00:00,7.5,5.9,9.8,1630
USGS-01649190,2024-01-27 02:25:00+00:00,7.5,5.9,9.8,1630
USGS-01649190,2024-01-27 02:30:00+00:00,7.5,5.8,9.8,1630
USGS-01649190,2024-01-27 02:35:00+00:00,7.5,5.8,9.7,1620
USGS-01649190,2024-01-27 02:40:00+00:00,7.5,5.7,9.7,1620
USGS-01649190,2024-01-27 02:45:00+00:00,7.5,5.8,9.7,1620
USGS-01649190,2024-01-27 02:50:00+00:00,7.5,5.9,9.7,1610
USGS-01649190,2024-01-27 02:55:00+00:00,7.5,6.1,9.7,1610
USGS-01649190,2024-01-27 03:00:00+00:00,7.5,5.9,9.7,1610
USGS-01649190,2024-01-27 03:05:00+00:00,7.5,6.0,9.6,1610
USGS-01649190,2024-01-27 03:10:00+00:00,7.5,6.0,9.6,1600
USGS-01649190,2024-01-27 03:15:00+00:00,7.5,5.9,9.6,1600
USGS-01649190,2024-01-27 03:20:00+00:00,7.5,5.9,9.6,1600
USGS-01649190,2024-01-27 03:25:00+00:00,7.5,5.8,9.6,1600
USGS-01649190,2024-01-27 03:30:00+00:00,7.5,5.8,9.6,1590
USGS-01649190,2024-01-27 03:35:00+00:00,7.5,5.9,9.6,1590
USGS-01649190,2024-01-27 03:40:00+00:00,7.5,5.8,9.6,1590
USGS-01649190,2024-01-27 03:45:00+00:00,7.5,5.8,9.5,1590
USGS-01649190,2024-01-27 03:50:00+00:00,7.5,5.8,9.5,1590
USGS-01649190,2024-01-27 03:55:00+00:00,7.5,6.1,9.5,1580
USGS-01649190,2024-01-27 04:00:00+00:00,7.5,5.9,9.5,1580
USGS-01649190,2024-01-27 04:05:00+00:00,7.5,6.0,9.5,1580
USGS-01649190,2024-01-27 04:10:00+00:00,7.5,6.1,9.5,1580
USGS-01649190,2024-01-27 04:15:00+00:00,7.5,6.1,9.5,1570
USGS-01649190,2024-01-27 04:20:00+00:00,7.5,6.2,9.4,1570
USGS-01649190,2024-01-27 04:25:00+00:00,7.5,6.1,9.4,1570
USGS-01649190,2024-01-27 04:30:00+00:00,7.5,5.9,9.4,1570
USGS-01649190,2024-01-27 04:35:00+00:00,7.5,6.0,9.4,1560
USGS-01649190,2024-01-27 04:40:00+00:00,7.5,5.8,9.4,1560
USGS-01649190,2024-01-27 04:45:00+00:00,7.5,5.8,9.4,1560
USGS-01649190,2024-01-27 04:50:00+00:00,7.5,5.8,9.4,1560
USGS-01649190,2024-01-27 04:55:00+00:00,7.5,5.7,9.4,1550
USGS-01649190,2024-01-27 05:00:00+00:00,7.5,5.8,9.3,1550
USGS-01649190,2024-01-27 05:05:00+00:00,7.5,5.7,9.3,1550
USGS-01649190,2024-01-27 05:10:00+00:00,7.5,5.6,9.3,1550
USGS-01649190,2024-01-27 05:15:00+00:00,7.5,5.6,9.3,1540
USGS-01649190,2024-01-27 05:20:00+00:00,7.5,5.6,9.3,1540
USGS-01649190,2024-01-27 05:25:00+00:00,7.5,5.6,9.3,1540
USGS-01649190,2024-01-27 05:30:00+00:00,7.5,5.5,9.3,1540
USGS-01649190,2024-01-27 05:35:00+00:00,7.5,5.6,9.2,1540
USGS-01649190,2024-01-27 05:40:00+00:00,7.5,5.6,9.2,1530
USGS-01649190,2024-01-27 05:45:00+00:00,7.5,5.8,9.2,1530
USGS-01649190,2024-01-27 05:50:00+00:00,7.5,5.6,9.2,1530
USGS-01649190,2024-01-27 05:55:00+00:00,7.5,5.6,9.2,1530
USGS-01649190,2024-01-27 06:00:00+00:00,7.5,5.6,9.2,1530
USGS-01649190,2024-01-27 06:05:00+00:00,7.5,5.6,9.2,1520
USGS-01649190,2024-01-27 06:10:00+00:00,7.5,5.5,9.2,1520
USGS-01649190,2024-01-27 06:15:00+00:00,7.5,5.5,9.1,1520
USGS-01649190,2024-01-27 06:20:00+00:00,7.5,5.6,9.1,1520
USGS-01649190,2024-01-27 06:25:00+00:00,7.5,5.5,9.1,1520
USGS-01649190,2024-01-27 06:30:00+00:00,7.5,5.5,9.1,1510
USGS-01649190,2024-01-27 06:35:00+00:00,7.5,5.4,9.1,1510
USGS-01649190,2024-01-27 06:40:00+00:00,7.5,5.5,9.1,1510
USGS-01649190,2024-01-27 06:45:00+00:00,7.5,5.2,9.1,1510
USGS-01649190,2024-01-27 06:50:00+00:00,7.5,5.3,9.0,1510
USGS-01649190,2024-01-27 06:55:00+00:00,7.5,5.4,9.0,1500
USGS-01649190,2024-01-27 07:00:00+00:00,7.5,5.4,9.0,1500
USGS-01649190,2024-01-27 07:05:00+00:00,7.5,5.5,9.0,1500
USGS-01649190,2024-01-27 07:10:00+00:00,7.5,5.4,9.0,1500
USGS-01649190,2024-01-27 07:15:00+00:00,7.5,5.4,9.0,1500
USGS-01649190,2024-01-27 07:20:00+00:00,7.5,5.2,9.0,1500
USGS-01649190,2024-01-27 07:25:00+00:00,7.5,5.3,8.9,1490
USGS-01649190,2024-01-27 07:30:00+00:00,7.5,5.4,8.9,1490
USGS-01649190,2024-01-27 07:35:00+00:00,7.5,5.3,8.9,1490
USGS-01649190,2024-01-27 07:40:00+00:00,7.5,5.3,8.9,1490
USGS-01649190,2024-01-27 07:45:00+00:00,7.5,5.3,8.9,1490
USGS-01649190,2024-01-27 07:50:00+00:00,7.5,5.3,8.9,1490
USGS-01649190,2024-01-27 07:55:00+00:00,7.5,5.4,8.8,1490
USGS-01649190,2024-01-27 08:00:00+00:00,7.5,5.4,8.8,1480
USGS-01649190,2024-01-27 08:05:00+00:00,7.5,5.4,8.8,1480
USGS-01649190,2024-01-27 08:10:00+00:00,7.5,5.4,8.8,1480
USGS-01649190,2024-01-27 08:15:00+00:00,7.5,5.4,8.8,1480
USGS-01649190,2024-01-27 08:20:00+00:00,7.5,5.2,8.8,1480
USGS-01649190,2024-01-27 08:25:00+00:00,7.5,5.3,8.8,1480
USGS-01649190,2024-01-27 08:30:00+00:00,7.5,5.2,8.8,1470
USGS-01649190,2024-01-27 08:35:00+00:00,7.5,5.2,8.7,1470
USGS-01649190,2024-01-27 08:40:00+00:00,7.5,5.2,8.7,1470
USGS-01649190,2024-01-27 08:45:00+00:00,7.5,5.3,8.7,1470
USGS-01649190,2024-01-27 08:50:00+00:00,7.5,5.4,8.7,1470
USGS-01649190,2024-01-27 08:55:00+00:00,7.5,5.2,8.7,1470
USGS-01649190,2024-01-27 09:00:00+00:00,7.5,5.2,8.7,1470
USGS-01649190,2024-01-27 09:05:00+00:00,7.5,5.2,8.6,1470
USGS-01649190,2024-01-27 09:10:00+00:00,7.5,5.1,8.6,1460
USGS-01649190,2024-01-27 09:15:00+00:00,7.5,5.1,8.6,1460
USGS-01649190,2024-01-27 09:20:00+00:00,7.5,5.0,8.6,1460
USGS-01649190,2024-01-27 09:25:00+00:00,7.5,5.1,8.6,1460
USGS-01649190,2024-01-27 09:30:00+00:00,7.5,6.4,8.6,1460
USGS-01649190,2024-01-27 09:35:00+00:00,7.5,6.0,8.6,1460
USGS-01649190,2024-01-27 09:40:00+00:00,7.5,7.3,8.5,1460
USGS-01649190,2024-01-27 09:45:00+00:00,7.5,6.3,8.5,1460
USGS-01649190,2024-01-27 09:50:00+00:00,7.5,6.8,8.5,1460
USGS-01649190,2024-01-27 09:55:00+00:00,7.5,8.1,8.5,1450
USGS-01649190,2024-01-27 10:05:00+00:00,7.5,3.7,8.5,1450
USGS-01649190,2024-01-27 10:10:00+00:00,7.5,3.4,8.4,1450
USGS-01649190,2024-01-27 10:15:00+00:00,7.5,3.4,8.4,1450
USGS-01649190,2024-01-27 10:20:00+00:00,7.5,3.4,8.4,1450
USGS-01649190,2024-01-27 10:25:00+00:00,7.5,3.3,8.4,1450
USGS-01649190,2024-01-27 10:30:00+00:00,7.5,3.2,8.4,1450
USGS-01649190,2024-01-27 10:35:00+00:00,7.5,3.3,8.4,1440
USGS-01649190,2024-01-27 10:40:00+00:00,7.5,5.2,8.3,1440
USGS-01649190,2024-01-27 10:45:00+00:00,7.5,6.0,8.3,1440
USGS-01649190,2024-01-27 10:50:00+00:00,7.5,5.9,8.3,1440
USGS-01649190,2024-01-27 10:55:00+00:00,7.5,7.5,8.3,1440
USGS-01649190,2024-01-27 11:00:00+00:00,7.5,7.4,8.3,1440
USGS-01649190,2024-01-27 11:05:00+00:00,7.5,6.7,8.3,1440
USGS-01649190,2024-01-27 11:10:00+00:00,7.5,4.2,8.2,1440
USGS-01649190,2024-01-27 11:15:00+00:00,7.5,3.6,8.2,1440
USGS-01649190,2024-01-27 11:20:00+00:00,7.5,3.5,8.2,1430
USGS-01649190,2024-01-27 11:25:00+00:00,7.5,3.5,8.2,1430
USGS-01649190,2024-01-27 11:30:00+00:00,7.5,3.3,8.2,1430
USGS-01649190,2024-01-27 11:35:00+00:00,7.5,3.3,8.2,1430
USGS-01649190,2024-01-27 11:40:00+00:00,7.5,3.2,8.1,1430
USGS-01649190,2024-01-27 11:45:00+00:00,7.5,3.3,8.1,1430
USGS-01649190,2024-01-27 11:50:00+00:00,7.5,3.2,8.1,1430
USGS-01649190,2024-01-27 11:55:00+00:00,7.5,3.2,8.1,1430
USGS-01649190,2024-01-27 12:00:00+00:00,7.5,3.2,8.1,1430
USGS-01649190,2024-01-27 12:05:00+00:00,7.5,3.3,8.1,1420
USGS-01649190,2024-01-27 12:10:00+00:00,7.5,3.2,8.0,1420
USGS-01649190,2024-01-27 12:15:00+00:00,7.5,3.1,8.0,1420
USGS-01649190,2024-01-27 12:20:00+00:00,7.5,3.0,8.0,1420
USGS-01649190,2024-01-27 12:25:00+00:00,7.5,3.2,8.0,1420
USGS-01649190,2024-01-27 12:30:00+00:00,7.5,3.1,8.0,1420
USGS-01649190,2024-01-27 12:35:00+00:00,7.5,3.0,8.0,1420
USGS-01649190,2024-01-27 12:40:00+00:00,7.5,3.0,7.9,1420
USGS-01649190,2024-01-27 12:45:00+00:00,7.5,2.9,7.9,1420
USGS-01649190,2024-01-27 12:50:00+00:00,7.5,2.9,7.9,1410
USGS-01649190,2024-01-27 12:55:00+00:00,7.5,3.0,7.9,1410
USGS-01649190,2024-01-27 13:00:00+00:00,7.5,2.9,7.9,1410
USGS-01649190,2024-01-27 13:05:00+00:00,7.5,2.8,7.9,1410
USGS-01649190,2024-01-27 13:10:00+00:00,7.5,2.8,7.8,1410
USGS-01649190,2024-01-27 13:15:00+00:00,7.5,2.8,7.8,1410
USGS-01649190,2024-01-27 13:20:00+00:00,7.5,2.8,7.8,1410
USGS-01649190,2024-01-27 13:25:00+00:00,7.5,2.9,7.8,1410
USGS-01649190,2024-01-27 13:30:00+00:00,7.5,2.8,7.8,1400
USGS-01649190,2024-01-27 13:35:00+00:00,7.5,2.8,7.8,1400
USGS-01649190,2024-01-27 13:40:00+00:00,7.5,2.8,7.8,1400
USGS-01649190,2024-01-27 13:45:00+00:00,7.5,2.7,7.8,1400
USGS-01649190,2024-01-27 13:50:00+00:00,7.5,2.8,7.8,1400
USGS-01649190,2024-01-27 13:55:00+00:00,7.5,2.7,7.7,1400
USGS-01649190,2024-01-27 14:00:00+00:00,7.5,2.8,7.7,1400
USGS-01649190,2024-01-27 14:05:00+00:00,7.5,2.7,7.7,1400
USGS-01649190,2024-01-27 14:10:00+00:00,7.5,2.7,7.7,1390
USGS-01649190,2024-01-27 14:15:00+00:00,7.5,2.7,7.7,1390
USGS-01649190,2024-01-27 14:20:00+00:00,7.5,2.7,7.7,1390
USGS-01649190,2024-01-27 14:25:00+00:00,7.5,2.7,7.7,1390
USGS-01649190,2024-01-27 14:30:00+00:00,7.5,2.7,7.7,1390
USGS-01649190,2024-01-27 14:35:00+00:00,7.5,2.8,7.7,1390
USGS-01649190,2024-01-27 14:40:00+00:00,7.5,2.7,7.7,1390
USGS-01649190,2024-01-27 14:45:00+00:00,7.5,2.7,7.7,1380
USGS-01649190,2024-01-27 14:50:00+00:00,7.5,2.7,7.7,1380
USGS-01649190,2024-01-27 14:55:00+00:00,7.5,2.7,7.7,1380
USGS-01649190,2024-01-27 15:00:00+00:00,7.5,2.6,7.8,1380
USGS-01649190,2024-01-27 15:05:00+00:00,7.5,2.6,7.8,1380
USGS-01649190,2024-01-27 15:10:00+00:00,7.5,2.6,7.8,1380
USGS-01649190,2024-01-27 15:15:00+00:00,7.5,2.6,7.8,1380
USGS-01649190,2024-01-27 15:20:00+00:00,7.5,2.5,7.8,1370
USGS-01649190,2024-01-27 15:25:00+00:00,7.5,2.6,7.8,1370
USGS-01649190,2024-01-27 15:30:00+00:00,7.5,2.6,7.8,1370
USGS-01649190,2024-01-27 15:35:00+00:00,7.5,2.5,7.8,1370
USGS-01649190,2024-01-27 15:40:00+00:00,7.5,2.5,7.8,1370
USGS-01649190,2024-01-27 15:45:00+00:00,7.5,2.5,7.8,1370
USGS-01649190,2024-01-27 15:50:00+00:00,7.5,2.5,7.8,1370
USGS-01649190,2024-01-27 15:55:00+00:00,7.5,2.5,7.9,1360
USGS-01649190,2024-01-27 16:00:00+00:00,7.5,2.5,7.9,1360
USGS-01649190,2024-01-27 16:05:00+00:00,7.5,2.5,7.9,1360
USGS-01649190,2024-01-27 16:10:00+00:00,7.5,2.4,7.9,1360
USGS-01649190,2024-01-27 16:15:00+00:00,7.5,2.5,7.9,1360
USGS-01649190,2024-01-27 16:20:00+00:00,7.5,2.5,7.9,1360
USGS-01649190,2024-01-27 16:25:00+00:00,7.5,2.5,8.0,1350
USGS-01649190,2024-01-27 16:30:00+00:00,7.5,2.5,8.0,1350
USGS-01649190,2024-01-27 16:35:00+00:00,7.5,2.4,8.0,1350
USGS-01649190,2024-01-27 16:40:00+00:00,7.5,2.4,8.0,1350
USGS-01649190,2024-01-27 16:45:00+00:00,7.5,2.4,8.0,1350
USGS-01649190,2024-01-27 16:50:00+00:00,7.5,2.4,8.0,1350
USGS-01649190,2024-01-27 16:55:00+00:00,7.5,2.4,8.0,1350
USGS-01649190,2024-01-27 17:00:00+00:00,7.5,2.4,8.0,1350
USGS-01649190,2024-01-27 17:05:00+00:00,7.5,2.4,8.1,1340
USGS-01649190,2024-01-27 17:10:00+00:00,7.5,2.4,8.1,1340
USGS-01649190,2024-01-27 17:15:00+00:00,7.5,2.3,8.1,1340
USGS-01649190,2024-01-27 17:20:00+00:00,7.5,2.4,8.1,1340
USGS-01649190,2024-01-27 17:25:00+00:00,7.5,2.3,8.2,1340
USGS-01649190,2024-01-27 17:30:00+00:00,7.5,2.4,8.2,1330
USGS-01649190,2024-01-27 17:35:00+00:00,7.5,2.3,8.2,1330
USGS-01649190,2024-01-27 17:40:00+00:00,7.5,2.4,8.2,1330
USGS-01649190,2024-01-27 17:45:00+00:00,7.5,2.4,8.2,1330
USGS-01649190,2024-01-27 17:50:00+00:00,7.5,2.3,8.3,1330
USGS-01649190,2024-01-27 17:55:00+00:00,7.5,2.3,8.3,1330
USGS-01649190,2024-01-27 18:00:00+00:00,7.5,2.4,8.3,1320
USGS-01649190,2024-01-27 18:05:00+00:00,7.5,2.3,8.3,1320
USGS-01649190,2024-01-27 18:10:00+00:00,7.6,2.3,8.4,1320
USGS-01649190,2024-01-27 18:15:00+00:00,7.6,2.3,8.4,1320
USGS-01649190,2024-01-27 18:20:00+00:00,7.6,2.3,8.4,1320
USGS-01649190,2024-01-27 18:25:00+00:00,7.6,2.3,8.4,1310
USGS-01649190,2024-01-27 18:30:00+00:00,7.6,2.3,8.4,1310
USGS-01649190,2024-01-27 18:35:00+00:00,7.6,2.2,8.5,1310
USGS-01649190,2024-01-27 18:40:00+00:00,7.6,2.2,8.5,1310
USGS-01649190,2024-01-27 18:45:00+00:00,7.6,2.2,8.5,1310
USGS-01649190,2024-01-27 18:50:00+00:00,7.6,2.2,8.5,1310
USGS-01649190,2024-01-27 18:55:00+00:00,7.6,2.2,8.6,1300
USGS-01649190,2024-01-27 19:00:00+00:00,7.6,2.2,8.6,1300
USGS-01649190,2024-01-27 19:05:00+00:00,7.6,2.2,8.6,1300
USGS-01649190,2024-01-27 19:10:00+00:00,7.6,2.2,8.6,1300
USGS-01649190,2024-01-27 19:15:00+00:00,7.6,2.2,8.6,1300
USGS-01649190,2024-01-27 19:20:00+00:00,7.6,2.2,8.7,1290
USGS-01649190,2024-01-27 19:25:00+00:00,7.6,2.2,8.7,1290
USGS-01649190,2024-01-27 19:30:00+00:00,7.6,2.2,8.7,1290
USGS-01649190,2024-01-27 19:35:00+00:00,7.6,2.2,8.7,1290
USGS-01649190,2024-01-27 19:40:00+00:00,7.6,2.2,8.7,1290
USGS-01649190,2024-01-27 19:45:00+00:00,7.6,2.1,8.8,1290
USGS-01649190,2024-01-27 19:50:00+00:00,7.6,2.1,8.8,1280
USGS-01649190,2024-01-27 19:55:00+00:00,7.6,2.2,8.8,1280
USGS-01649190,2024-01-27 20:00:00+00:00,7.6,2.2,8.8,1280
USGS-01649190,2024-01-27 20:05:00+00:00,7.6,2.1,8.8,1280
USGS-01649190,2024-01-27 20:10:00+00:00,7.6,2.1,8.8,1280
USGS-01649190,2024-01-27 20:15:00+00:00,7.6,2.2,8.8,1270
USGS-01649190,2024-01-27 20:20:00+00:00,7.6,2.2,8.9,1270
USGS-01649190,2024-01-27 20:25:00+00:00,7.6,2.2,8.9,1270
USGS-01649190,2024-01-27 20:30:00+00:00,7.6,2.1,8.9,1270
USGS-01649190,2024-01-27 20:35:00+00:00,7.6,2.2,8.9,1270
USGS-01649190,2024-01-27 20:40:00+00:00,7.6,2.1,8.9,1270
USGS-01649190,2024-01-27 20:45:00+00:00,7.6,2.1,8.9,1260
USGS-01649190,2024-01-27 20:50:00+00:00,7.6,2.1,8.9,1260
USGS-01649190,2024-01-27 20:55:00+00:00,7.6,2.1,9.0,1260
USGS-01649190,2024-01-27 21:00:00+00:00,7.6,2.1,9.0,1260
USGS-01649190,2024-01-27 21:05:00+00:00,7.6,2.1,9.0,1260
USGS-01649190,2024-01-27 21:10:00+00:00,7.6,2.1,9.0,1260
USGS-01649190,2024-01-27 21:15:00+00:00,7.6,2.1,9.0,1260
USGS-01649190,2024-01-27 21:20:00+00:00,7.6,2.1,9.0,1250
USGS-01649190,2024-01-27 21:25:00+00:00,7.6,2.1,9.0,1250
USGS-01649190,2024-01-27 21:30:00+00:00,7.6,2.1,9.0,1250
USGS-01649190,2024-01-27 21:35:00+00:00,7.6,2.0,9.0,1250
USGS-01649190,2024-01-27 21:40:00+00:00,7.6,2.1,9.0,1250
USGS-01649190,2024-01-27 21:45:00+00:00,7.6,2.1,9.0,1250
USGS-01649190,2024-01-27 21:50:00+00:00,7.6,2.0,9.0,1250
USGS-01649190,2024-01-27 21:55:00+00:00,7.6,2.0,9.0,1240
USGS-01649190,2024-01-27 22:00:00+00:00,7.6,2.0,9.0,1240
USGS-01649190,2024-01-27 22:05:00+00:00,7.6,2.0,9.0,1240
USGS-01649190,2024-01-27 22:10:00+00:00,7.6,2.1,9.0,1240
USGS-01649190,2024-01-27 22:15:00+00:00,7.6,2.0,9.0,1240
USGS-01649190,2024-01-27 22:20:00+00:00,7.6,2.1,9.0,1240
USGS-01649190,2024-01-27 22:25:00+00:00,7.6,2.0,9.0,1230
USGS-01649190,2024-01-27 22:30:00+00:00,7.6,2.1,9.0,1230
USGS-01649190,2024-01-27 22:35:00+00:00,7.6,2.1,9.0,1230
USGS-01649190,2024-01-27 22:40:00+00:00,7.6,2.1,9.0,1230
USGS-01649190,2024-01-27 22:45:00+00:00,7.6,2.0,9.0,1230
USGS-01649190,2024-01-27 22:50:00+00:00,7.6,2.0,9.0,1230
USGS-01649190,2024-01-27 22:55:00+00:00,7.6,2.0,9.0,1220
USGS-01649190,2024-01-27 23:00:00+00:00,7.6,2.0,9.0,1220
USGS-01649190,2024-01-27 23:05:00+00:00,7.6,2.0,9.0,1220
USGS-01649190,2024-01-27 23:10:00+00:00,7.6,2.0,9.0,1220
USGS-01649190,2024-01-27 23:15:00+00:00,7.6,2.0,9.0,1220
USGS-01649190,2024-01-27 23:20:00+00:00,7.6,2.0,9.0,1220
USGS-01649190,2024-01-27 23:25:00+00:00,7.6,2.0,9.0,1210
USGS-01649190,2024-01-27 23:30:00+00:00,7.6,2.0,9.0,1210
USGS-01649190,2024-01-27 23:35:00+00:00,7.6,1.9,9.0,1210
USGS-01649190,2024-01-27 23:40:00+00:00,7.6,2.0,9.0,1210
USGS-01649190,2024-01-27 23:45:00+00:00,7.5,1.9,9.0,1210
USGS-01649190,2024-01-27 23:50:00+00:00,7.5,2.0,9.0,1210
USGS-01649190,2024-01-27 23:55:00+00:00,7.5,1.9,9.0,1210
USGS-01649190,2024-01-28 00:00:00+00:00,7.5,2.2,9.0,1200
USGS-01649190,2024-01-28 00:05:00+00:00,7.5,2.2,9.0,1200
USGS-01649190,2024-01-28 00:10:00+00:00,7.5,2.2,9.0,1200
USGS-01649190,2024-01-28 00:15:00+00:00,7.5,2.2,9.0,1200
USGS-01649190,2024-01-28 00:20:00+00:00,7.5,2.2,9.0,1200
USGS-01649190,2024-01-28 00:25:00+00:00,7.5,2.1,9.0,1200
USGS-01649190,2024-01-28 00:30:00+00:00,7.5,2.1,9.0,1200
USGS-01649190,2024-01-28 00:35:00+00:00,7.5,2.2,9.0,1190
USGS-01649190,2024-01-28 00:40:00+00:00,7.5,2.1,9.0,1190
USGS-01649190,2024-01-28 00:45:00+00:00,7.5,2.2,9.0,1190
USGS-01649190,2024-01-28 00:50:00+00:00,7.5,2.2,9.0,1190
USGS-01649190,2024-01-28 00:55:00+00:00,7.5,2.2,9.0,1190
USGS-01649190,2024-01-28 01:00:00+00:00,7.5,2.2,9.0,1190
USGS-01649190,2024-01-28 01:05:00+00:00,7.5,2.1,9.0,1190
USGS-01649190,2024-01-28 01:10:00+00:00,7.5,2.1,9.0,1190
USGS-01649190,2024-01-28 01:15:00+00:00,7.5,2.1,8.9,1180
USGS-01649190,2024-01-28 01:20:00+00:00,7.5,2.0,8.9,1180
USGS-01649190,2024-01-28 01:25:00+00:00,7.5,2.0,8.9,1180
USGS-01649190,2024-01-28 01:30:00+00:00,7.5,2.0,8.9,1180
USGS-01649190,2024-01-28 01:35:00+00:00,7.5,2.0,8.9,1180
USGS-01649190,2024-01-28 01:40:00+00:00,7.5,2.0,8.9,1180
USGS-01649190,2024-01-28 01:45:00+00:00,7.5,2.1,8.9,1180
USGS-01649190,2024-01-28 01:50:00+00:00,7.5,2.0,8.9,1170
USGS-01649190,2024-01-28 01:55:00+00:00,7.5,1.9,8.9,1170
USGS-01649190,2024-01-28 02:00:00+00:00,7.5,1.9,8.9,1170
USGS-01649190,2024-01-28 02:05:00+00:00,7.5,1.9,8.9,1170
USGS-01649190,2024-01-28 02:10:00+00:00,7.5,2.0,8.9,1170
USGS-01649190,2024-01-28 02:15:00+00:00,7.5,2.0,8.9,1170
USGS-01649190,2024-01-28 02:20:00+00:00,7.5,1.9,8.9,1160
USGS-01649190,2024-01-28 02:25:00+00:00,7.5,2.0,8.9,1170
USGS-01649190,2024-01-28 02:30:00+00:00,7.5,2.0,8.9,1160
USGS-01649190,2024-01-28 02:35:00+00:00,7.5,1.9,8.9,1160
USGS-01649190,2024-01-28 02:40:00+00:00,7.5,2.0,8.9,1160
USGS-01649190,2024-01-28 02:45:00+00:00,7.5,2.0,8.9,1160
USGS-01649190,2024-01-28 02:50:00+00:00,7.5,2.0,8.9,1160
USGS-01649190,2024-01-28 02:55:00+00:00,7.5,2.0,8.8,1150
USGS-01649190,2024-01-28 03:00:00+00:00,7.5,2.0,8.8,1150
USGS-01649190,2024-01-28 03:05:00+00:00,7.5,2.1,8.8,1150
USGS-01649190,2024-01-28 03:10:00+00:00,7.5,2.1,8.8,1150
USGS-01649190,2024-01-28 03:15:00+00:00,7.5,2.1,8.8,1150
USGS-01649190,2024-01-28 03:20:00+00:00,7.5,2.1,8.8,1150
USGS-01649190,2024-01-28 03:25:00+00:00,7.5,2.0,8.8,1150
USGS-01649190,2024-01-28 03:30:00+00:00,7.5,2.0,8.8,1140
USGS-01649190,2024-01-28 03:35:00+00:00,7.5,2.0,8.8,1140
USGS-01649190,2024-01-28 03:40:00+00:00,7.5,2.0,8.8,1140
USGS-01649190,2024-01-28 03:45:00+00:00,7.5,2.0,8.8,1140
USGS-01649190,2024-01-28 03:50:00+00:00,7.5,2.0,8.8,1140
USGS-01649190,2024-01-28 03:55:00+00:00,7.5,2.0,8.8,1140
USGS-01649190,2024-01-28 04:00:00+00:00,7.5,2.1,8.8,1130
USGS-01649190,2024-01-28 04:05:00+00:00,7.5,2.0,8.8,1130
USGS-01649190,2024-01-28 04:10:00+00:00,7.5,2.0,8.8,1130
USGS-01649190,2024-01-28 04:15:00+00:00,7.5,2.0,8.8,1130
USGS-01649190,2024-01-28 04:20:00+00:00,7.5,2.0,8.8,1130
USGS-01649190,2024-01-28 04:25:00+00:00,7.5,2.1,8.8,1130
USGS-01649190,2024-01-28 04:30:00+00:00,7.5,2.1,8.8,1130
USGS-01649190,2024-01-28 04:35:00+00:00,7.5,2.1,8.8,1120
USGS-01649190,2024-01-28 04:40:00+00:00,7.5,2.1,8.8,1120
USGS-01649190,2024-01-28 04:45:00+00:00,7.5,2.0,8.8,1120
USGS-01649190,2024-01-28 04:50:00+00:00,7.5,2.0,8.8,1120
USGS-01649190,2024-01-28 04:55:00+00:00,7.5,2.0,8.7,1120
USGS-01649190,2024-01-28 05:00:00+00:00,7.5,2.1,8.7,1110
USGS-01649190,2024-01-28 05:05:00+00:00,7.5,2.0,8.7,1110
USGS-01649190,2024-01-28 05:10:00+00:00,7.5,2.0,8.7,1110
USGS-01649190,2024-01-28 05:15:00+00:00,7.5,2.0,8.7,1110
USGS-01649190,2024-01-28 05:20:00+00:00,7.5,2.1,8.7,1110
USGS-01649190,2024-01-28 05:25:00+00:00,7.5,2.0,8.7,1110
USGS-01649190,2024-01-28 05:30:00+00:00,7.5,2.1,8.7,1100
USGS-01649190,2024-01-28 05:35:00+00:00,7.5,2.1,8.7,1100
USGS-01649190,2024-01-28 05:40:00+00:00,7.5,2.0,8.7,1100
USGS-01649190,2024-01-28 05:45:00+00:00,7.5,2.1,8.7,1100
USGS-01649190,2024-01-28 05:50:00+00:00,7.5,2.0,8.6,1090
USGS-01649190,2024-01-28 05:55:00+00:00,7.5,2.1,8.6,1090
USGS-01649190,2024-01-28 06:00:00+00:00,7.5,2.1,8.6,1090
USGS-01649190,2024-01-28 06:05:00+00:00,7.5,2.1,8.6,1090
USGS-01649190,2024-01-28 06:10:00+00:00,7.5,2.2,8.6,1080
USGS-01649190,2024-01-28 06:15:00+00:00,7.5,2.3,8.6,1080
USGS-01649190,2024-01-28 06:20:00+00:00,7.5,2.5,8.6,1080
USGS-01649190,2024-01-28 06:25:00+00:00,7.5,2.6,8.6,1070
USGS-01649190,2024-01-28 06:30:00+00:00,7.5,2.9,8.6,1070
USGS-01649190,2024-01-28 06:35:00+00:00,7.5,3.3,8.6,1070
USGS-01649190,2024-01-28 06:40:00+00:00,7.5,3.7,8.6,1060
USGS-01649190,2024-01-28 06:45:00+00:00,7.5,3.9,8.5,1060
USGS-01649190,2024-01-28 06:50:00+00:00,7.5,4.4,8.5,1050
USGS-01649190,2024-01-28 06:55:00+00:00,7.5,5.5,8.5,1050
USGS-01649190,2024-01-28 07:00:00+00:00,7.5,6.4,8.5,1040
USGS-01649190,2024-01-28 07:05:00+00:00,7.5,7.3,8.5,1030
USGS-01649190,2024-01-28 07:10:00+00:00,7.5,8.5,8.5,1030
USGS-01649190,2024-01-28 07:15:00+00:00,7.6,11.7,8.5,1020
USGS-01649190,2024-01-28 07:20:00+00:00,7.6,22.2,8.4,1020
USGS-01649190,2024-01-30 16:30:00+00:00,7.5,5.6,6.3,592
USGS-01649190,2024-01-30 16:35:00+00:00,7.5,6.0,6.3,592
USGS-01649190,2024-01-30 16:40:00+00:00,7.5,5.9,6.4,592
USGS-01649190,2024-01-30 16:45:00+00:00,7.5,5.9,6.4,592
USGS-01649190,2024-01-30 16:50:00+00:00,7.5,6.0,6.4,592
USGS-01649190,2024-01-30 16:55:00+00:00,7.5,5.7,6.4,591
USGS-01649190,2024-01-30 17:00:00+00:00,7.5,5.7,6.4,591
USGS-01649190,2024-01-30 17:05:00+00:00,7.5,5.8,6.4,591
USGS-01649190,2024-01-30 17:10:00+00:00,7.5,5.6,6.4,591
USGS-01649190,2024-01-30 17:15:00+00:00,7.5,5.6,6.4,591
USGS-01649190,2024-01-30 17:20:00+00:00,7.5,6.0,6.4,591
USGS-01649190,2024-01-30 17:25:00+00:00,7.5,5.8,6.4,591
USGS-01649190,2024-01-30 17:30:00+00:00,7.5,5.8,6.5,590
USGS-01649190,2024-01-30 17:35:00+00:00,7.5,5.7,6.5,590
USGS-01649190,2024-01-30 17:40:00+00:00,7.5,5.6,6.5,590
USGS-01649190,2024-01-30 17:45:00+00:00,7.5,5.6,6.5,590
USGS-01649190,2024-01-30 17:50:00+00:00,7.5,5.5,6.5,590
USGS-01649190,2024-01-30 17:55:00+00:00,7.5,5.6,6.5,590
USGS-01649190,2024-01-30 18:00:00+00:00,7.5,5.6,6.5,590
USGS-01649190,2024-01-30 18:05:00+00:00,7.5,5.5,6.5,589
USGS-01649190,2024-01-30 18:10:00+00:00,7.5,5.4,6.5,589
USGS-01649190,2024-01-30 18:15:00+00:00,7.5,5.6,6.5,589
USGS-01649190,2024-01-30 18:20:00+00:00,7.5,5.4,6.5,589
USGS-01649190,2024-01-30 18:25:00+00:00,7.5,5.5,6.6,589
USGS-01649190,2024-01-30 18:30:00+00:00,7.5,5.4,6.6,589
USGS-01649190,2024-01-30 18:35:00+00:00,7.5,5.6,6.6,588
USGS-01649190,2024-01-30 18:40:00+00:00,7.5,5.5,6.6,588
USGS-01649190,2024-01-30 18:45:00+00:00,7.5,5.5,6.6,588
USGS-01649190,2024-01-30 18:50:00+00:00,7.5,5.4,6.6,588
USGS-01649190,2024-01-30 18:55:00+00:00,7.5,5.4,6.6,588
USGS-01649190,2024-01-30 19:00:00+00:00,7.5,5.2,6.6,588
USGS-01649190,2024-01-30 19:05:00+00:00,7.5,5.4,6.6,587
USGS-01649190,2024-01-30 19:10:00+00:00,7.5,5.4,6.6,587
USGS-01649190,2024-01-30 19:15:00+00:00,7.5,5.3,6.6,587
USGS-01649190,2024-01-30 19:20:00+00:00,7.5,5.3,6.6,587
USGS-01649190,2024-01-30 19:25:00+00:00,7.5,5.1,6.6,587
USGS-01649190,2024-01-30 19:30:00+00:00,7.5,5.3,6.6,586
USGS-01649190,2024-01-30 19:35:00+00:00,7.5,5.3,6.6,586
USGS-01649190,2024-01-30 19:40:00+00:00,7.5,5.3,6.6,586
USGS-01649190,2024-01-30 19:45:00+00:00,7.5,5.4,6.7,585
USGS-01649190,2024-01-30 19:50:00+00:00,7.5,5.2,6.7,585
USGS-01649190,2024-01-30 19:55:00+00:00,7.5,5.4,6.7,585
USGS-01649190,2024-01-30 20:00:00+00:00,7.5,5.4,6.7,584
USGS-01649190,2024-01-30 20:05:00+00:00,7.5,5.2,6.7,584
USGS-01649190,2024-01-30 20:10:00+00:00,7.5,5.2,6.7,584
USGS-01649190,2024-01-30 20:15:00+00:00,7.5,5.1,6.7,584
USGS-01649190,2024-01-30 20:20:00+00:00,7.5,5.2,6.7,584
USGS-01649190,2024-01-30 20:25:00+00:00,7.5,5.2,6.7,584
USGS-01649190,2024-01-30 20:30:00+00:00,7.5,5.1,6.7,583
USGS-01649190,2024-01-30 20:35:00+00:00,7.5,5.1,6.7,583
USGS-01649190,2024-01-30 20:40:00+00:00,7.5,5.1,6.7,583
USGS-01649190,2024-01-30 20:45:00+00:00,7.5,5.1,6.7,583
USGS-01649190,2024-01-30 20:50:00+00:00,7.5,5.0,6.6,583
USGS-01649190,2024-01-30 20:55:00+00:00,7.5,5.1,6.6,583
USGS-01649190,2024-01-30 21:00:00+00:00,7.5,5.2,6.6,583
USGS-01649190,2024-01-30 21:05:00+00:00,7.5,5.1,6.6,583
USGS-01649190,2024-01-30 21:10:00+00:00,7.5,5.0,6.6,583
USGS-01649190,2024-01-30 21:15:00+00:00,7.5,4.9,6.6,583
USGS-01649190,2024-01-30 21:20:00+00:00,7.5,5.1,6.6,582
USGS-01649190,2024-01-30 21:25:00+00:00,7.5,5.0,6.6,582
USGS-01649190,2024-01-30 21:30:00+00:00,7.5,5.1,6.6,582
USGS-01649190,2024-01-30 21:35:00+00:00,7.5,5.1,6.6,582
USGS-01649190,2024-01-30 21:40:00+00:00,7.5,5.0,6.6,582
USGS-01649190,2024-01-30 21:45:00+00:00,7.5,5.1,6.6,582
USGS-01649190,2024-01-30 21:50:00+00:00,7.5,5.1,6.6,582
USGS-01649190,2024-01-30 21:55:00+00:00,7.5,4.9,6.6,582
USGS-01649190,2024-01-30 22:00:00+00:00,7.5,4.9,6.6,582
USGS-01649190,2024-01-30 22:05:00+00:00,7.5,4.8,6.6,582
USGS-01649190,2024-01-30 22:10:00+00:00,7.5,5.0,6.6,582
USGS-01649190,2024-01-30 22:15:00+00:00,7.5,4.9,6.6,582
USGS-01649190,2024-01-30 22:20:00+00:00,7.5,4.8,6.6,582
USGS-01649190,2024-01-30 22:25:00+00:00,7.5,5.0,6.6,582
USGS-01649190,2024-01-30 22:30:00+00:00,7.5,4.9,6.6,582
USGS-01649190,2024-01-30 22:35:00+00:00,7.5,5.0,6.6,582
USGS-01649190,2024-01-30 22:40:00+00:00,7.5,4.8,6.5,582
USGS-01649190,2024-01-30 22:45:00+00:00,7.5,5.0,6.5,582
USGS-01649190,2024-01-30 22:50:00+00:00,7.5,4.9,6.5,582
USGS-01649190,2024-01-30 22:55:00+00:00,7.5,4.8,6.5,582
USGS-01649190,2024-01-30 23:00:00+00:00,7.5,4.8,6.5,582
USGS-01649190,2024-01-30 23:05:00+00:00,7.5,4.7,6.5,582
USGS-01649190,2024-01-30 23:10:00+00:00,7.5,4.8,6.5,582
USGS-01649190,2024-01-30 23:15:00+00:00,7.5,4.8,6.5,582
USGS-01649190,2024-01-30 23:20:00+00:00,7.5,5.1,6.5,582
USGS-01649190,2024-01-30 23:25:00+00:00,7.5,4.7,6.5,582
USGS-01649190,2024-01-30 23:30:00+00:00,7.5,4.9,6.5,582
USGS-01649190,2024-01-30 23:35:00+00:00,7.5,4.7,6.5,582
USGS-01649190,2024-01-30 23:40:00+00:00,7.5,5.0,6.5,582
USGS-01649190,2024-01-30 23:45:00+00:00,7.5,5.0,6.5,582
USGS-01649190,2024-01-30 23:50:00+00:00,7.5,4.9,6.4,582
USGS-01649190,2024-01-30 23:55:00+00:00,7.5,5.0,6.4,582
USGS-01649190,2024-01-31 00:00:00+00:00,7.5,4.9,6.4,582
USGS-01649190,2024-01-31 00:05:00+00:00,7.5,4.9,6.4,581
USGS-01649190,2024-01-31 00:10:00+00:00,7.5,4.6,6.4,581
USGS-01649190,2024-01-31 00:15:00+00:00,7.5,5.1,6.4,581
USGS-01649190,2024-01-31 00:20:00+00:00,7.5,4.9,6.4,581
USGS-01649190,2024-01-31 00:25:00+00:00,7.5,5.1,6.4,581
USGS-01649190,2024-01-31 00:30:00+00:00,7.5,4.8,6.4,581
USGS-01649190,2024-01-31 00:35:00+00:00,7.5,4.8,6.4,581
USGS-01649190,2024-01-31 00:40:00+00:00,7.5,5.0,6.4,581
USGS-01649190,2024-01-31 00:45:00+00:00,7.5,5.0,6.4,581
USGS-01649190,2024-01-31 00:50:00+00:00,7.5,5.2,6.4,582
USGS-01649190,2024-01-31 00:55:00+00:00,7.5,5.0,6.3,582
USGS-01649190,2024-01-31 01:00:00+00:00,7.5,5.2,6.3,582
USGS-01649190,2024-01-31 01:05:00+00:00,7.5,4.9,6.3,582
USGS-01649190,2024-01-31 01:10:00+00:00,7.5,4.9,6.3,582
USGS-01649190,2024-01-31 01:15:00+00:00,7.5,4.7,6.3,583
USGS-01649190,2024-01-31 01:20:00+00:00,7.5,4.8,6.3,583
USGS-01649190,2024-01-31 01:25:00+00:00,7.5,5.0,6.3,583
USGS-01649190,2024-01-31 01:30:00+00:00,7.5,5.1,6.3,583
USGS-01649190,2024-01-31 01:35:00+00:00,7.5,5.2,6.3,583
USGS-01649190,2024-01-31 01:40:00+00:00,7.5,5.0,6.3,583
USGS-01649190,2024-01-31 01:45:00+00:00,7.5,4.9,6.3,583
USGS-01649190,2024-01-31 01:50:00+00:00,7.5,5.1,6.3,583
USGS-01649190,2024-01-31 01:55:00+00:00,7.5,4.8,6.3,583
USGS-01649190,2024-01-31 02:00:00+00:00,7.5,4.9,6.3,583
USGS-01649190,2024-01-31 02:05:00+00:00,7.5,4.9,6.3,582
USGS-01649190,2024-01-31 02:10:00+00:00,7.5,5.0,6.2,582
USGS-01649190,2024-01-31 02:15:00+00:00,7.5,4.8,6.2,582
USGS-01649190,2024-01-31 02:20:00+00:00,7.5,5.0,6.2,582
USGS-01649190,2024-01-31 02:25:00+00:00,7.5,4.8,6.2,582
USGS-01649190,2024-01-31 02:30:00+00:00,7.5,4.8,6.2,582
USGS-01649190,2024-01-31 02:35:00+00:00,7.5,4.8,6.2,581
USGS-01649190,2024-01-31 02:40:00+00:00,7.5,4.9,6.2,581
USGS-01649190,2024-01-31 02:45:00+00:00,7.5,4.6,6.2,581
USGS-01649190,2024-01-31 02:50:00+00:00,7.5,4.6,6.2,580
USGS-01649190,2024-01-31 02:55:00+00:00,7.5,4.7,6.2,580
USGS-01649190,2024-01-31 03:00:00+00:00,7.5,4.6,6.2,580
USGS-01649190,2024-01-31 03:05:00+00:00,7.5,4.8,6.2,579
USGS-01649190,2024-01-31 03:10:00+00:00,7.5,4.8,6.2,579
USGS-01649190,2024-01-31 03:15:00+00:00,7.5,4.5,6.2,579
USGS-01649190,2024-01-31 03:20:00+00:00,7.5,4.7,6.2,578
USGS-01649190,2024-01-31 03:25:00+00:00,7.5,4.6,6.2,578
USGS-01649190,2024-01-31 03:30:00+00:00,7.5,4.6,6.2,578
USGS-01649190,2024-01-31 03:35:00+00:00,7.5,4.7,6.2,578
USGS-01649190,2024-01-31 03:40:00+00:00,7.5,4.8,6.1,577
USGS-01649190,2024-01-31 03:45:00+00:00,7.5,4.8,6.1,577
USGS-01649190,2024-01-31 03:50:00+00:00,7.5,4.7,6.1,577
USGS-01649190,2024-01-31 03:55:00+00:00,7.5,4.6,6.1,577
USGS-01649190,2024-01-31 04:00:00+00:00,7.5,4.7,6.1,577
USGS-01649190,2024-01-31 04:05:00+00:00,7.5,4.6,6.1,577
USGS-01649190,2024-01-31 04:10:00+00:00,7.5,4.6,6.1,577
USGS-01649190,2024-01-31 04:15:00+00:00,7.5,4.8,6.1,577
USGS-01649190,2024-01-31 04:20:00+00:00,7.5,4.5,6.1,577
USGS-01649190,2024-01-31 04:25:00+00:00,7.5,4.4,6.1,578
USGS-01649190,2024-01-31 04:30:00+00:00,7.5,4.3,6.1,578
USGS-01649190,2024-01-31 04:35:00+00:00,7.5,4.3,6.1,578
USGS-01649190,2024-01-31 04:40:00+00:00,7.5,4.3,6.1,579
USGS-01649190,2024-01-31 04:45:00+00:00,7.5,4.5,6.1,579
USGS-01649190,2024-01-31 04:50:00+00:00,7.5,4.5,6.1,578
USGS-01649190,2024-01-31 04:55:00+00:00,7.5,4.3,6.1,579
USGS-01649190,2024-01-31 05:00:00+00:00,7.5,4.3,6.1,580
USGS-01649190,2024-01-31 05:05:00+00:00,7.5,4.5,6.1,580
USGS-01649190,2024-01-31 05:10:00+00:00,7.5,4.6,6.1,580
USGS-01649190,2024-01-31 05:15:00+00:00,7.5,4.5,6.1,580
USGS-01649190,2024-01-31 05:20:00+00:00,7.5,4.6,6.1,580
USGS-01649190,2024-01-31 05:25:00+00:00,7.5,4.5,6.1,580
USGS-01649190,2024-01-31 05:30:00+00:00,7.5,4.7,6.1,580
USGS-01649190,2024-01-31 05:35:00+00:00,7.5,4.4,6.1,580
USGS-01649190,2024-01-31 05:40:00+00:00,7.5,4.4,6.1,580
USGS-01649190,2024-01-31 05:45:00+00:00,7.5,4.6,6.1,579
USGS-01649190,2024-01-31 05:50:00+00:00,7.5,4.7,6.1,579
USGS-01649190,2024-01-31 05:55:00+00:00,7.5,5.1,6.0,579
USGS-01649190,2024-01-31 06:00:00+00:00,7.5,5.2,6.0,578
USGS-01649190,2024-01-31 06:05:00+00:00,7.5,5.2,6.0,578
USGS-01649190,2024-01-31 06:10:00+00:00,7.5,5.9,6.0,578
USGS-01649190,2024-01-31 06:15:00+00:00,7.5,6.4,6.0,577
USGS-01649190,2024-01-31 06:20:00+00:00,7.5,6.9,6.0,577
USGS-01649190,2024-01-31 06:25:00+00:00,7.5,7.4,6.0,576
USGS-01649190,2024-01-31 06:30:00+00:00,7.5,8.2,6.0,576
USGS-01649190,2024-01-31 06:35:00+00:00,7.5,7.8,6.0,576
USGS-01649190,2024-01-31 06:40:00+00:00,7.5,9.8,6.0,575
USGS-01649190,2024-01-31 06:45:00+00:00,7.5,10.7,6.0,574
USGS-01649190,2024-01-31 06:50:00+00:00,7.5,11.7,6.0,574
USGS-01649190,2024-01-31 06:55:00+00:00,7.5,12.0,6.0,574
USGS-01649190,2024-01-31 07:00:00+00:00,7.5,11.0,6.0,574
USGS-01649190,2024-01-31 07:05:00+00:00,7.5,12.6,6.0,573
USGS-01649190,2024-01-31 07:10:00+00:00,7.5,14.0,6.0,572
USGS-01649190,2024-01-31 07:15:00+00:00,7.5,14.0,6.0,572
USGS-01649190,2024-01-31 07:20:00+00:00,7.5,13.8,6.0,572
USGS-01649190,2024-01-31 07:25:00+00:00,7.5,14.1,6.0,571
USGS-01649190,2024-01-31 07:30:00+00:00,7.5,15.7,5.9,570
USGS-01649190,2024-01-31 07:35:00+00:00,7.5,14.8,6.0,571
USGS-01649190,2024-01-31 07:40:00+00:00,7.5,15.4,5.9,569
USGS-01649190,2024-01-31 07:45:00+00:00,7.5,17.1,5.9,569
USGS-01649190,2024-01-31 07:50:00+00:00,7.5,17.8,5.9,568
USGS-01649190,2024-01-31 07:55:00+00:00,7.5,16.7,5.9,568
USGS-01649190,2024-01-31 08:00:00+00:00,7.5,18.4,5.9,567
USGS-01649190,2024-01-31 08:05:00+00:00,7.5,19.0,5.9,566
USGS-01649190,2024-01-31 08:10:00+00:00,7.5,20.6,5.9,566
USGS-01649190,2024-01-31 08:15:00+00:00,7.5,18.5,5.9,565
USGS-01649190,2024-01-31 08:20:00+00:00,7.5,19.5,5.9,565
USGS-01649190,2024-01-31 08:25:00+00:00,7.5,19.3,5.9,564
USGS-01649190,2024-01-31 08:30:00+00:00,7.5,18.3,5.9,565
USGS-01649190,2024-01-31 08:35:00+00:00,7.5,19.5,5.9,563
USGS-01649190,2024-01-31 08:40:00+00:00,7.5,19.8,5.9,563
USGS-01649190,2024-01-31 08:45:00+00:00,7.5,22.8,5.9,562
USGS-01649190,2024-01-31 08:50:00+00:00,7.5,19.7,5.9,562
USGS-01649190,2024-01-31 08:55:00+00:00,7.5,18.9,5.9,560
USGS-01649190,2024-01-31 09:00:00+00:00,7.5,19.7,5.9,561
USGS-01649190,2024-01-31 09:05:00+00:00,7.5,19.3,5.8,560
USGS-01649190,2024-01-31 09:10:00+00:00,7.5,19.8,5.8,560
USGS-01649190,2024-01-31 09:15:00+00:00,7.5,19.2,5.8,559
USGS-01649190,2024-01-31 09:20:00+00:00,7.5,19.3,5.8,559
USGS-01649190,2024-01-31 09:25:00+00:00,7.5,18.8,5.8,559
USGS-01649190,2024-01-31 09:30:00+00:00,7.5,19.1,5.8,558
USGS-01649190,2024-01-31 09:35:00+00:00,7.5,24.2,5.8,558
USGS-01649190,2024-01-31 09:40:00+00:00,7.5,18.8,5.8,557
USGS-01649190,2024-01-31 09:45:00+00:00,7.5,17.6,5.8,557
USGS-01649190,2024-01-31 09:50:00+00:00,7.5,18.0,5.8,556
USGS-01649190,2024-01-31 09:55:00+00:00,7.5,17.9,5.8,556
USGS-01649190,2024-01-31 10:00:00+00:00,7.5,17.9,5.8,556
USGS-01649190,2024-01-31 10:05:00+00:00,7.5,15.2,5.8,556
USGS-01649190,2024-01-31 10:10:00+00:00,7.5,17.8,5.8,555
USGS-01649190,2024-01-31 10:15:00+00:00,7.5,17.0,5.8,554
USGS-01649190,2024-01-31 10:20:00+00:00,7.5,16.4,5.8,555
USGS-01649190,2024-01-31 10:25:00+00:00,7.5,15.8,5.8,554
USGS-01649190,2024-01-31 10:30:00+00:00,7.5,17.2,5.8,554
USGS-01649190,2024-01-31 10:35:00+00:00,7.5,15.8,5.8,553
USGS-01649190,2024-01-31 10:40:00+00:00,7.5,16.3,5.8,553
USGS-01649190,2024-01-31 10:45:00+00:00,7.5,16.0,5.8,553
USGS-01649190,2024-01-31 10:50:00+00:00,7.5,15.6,5.8,552
USGS-01649190,2024-01-31 10:55:00+00:00,7.5,15.0,5.8,552
USGS-01649190,2024-01-31 11:00:00+00:00,7.5,15.1,5.8,552
USGS-01649190,2024-01-31 11:05:00+00:00,7.5,15.3,5.7,552
USGS-01649190,2024-01-31 11:10:00+00:00,7.5,15.1,5.7,551
USGS-01649190,2024-01-31 11:15:00+00:00,7.5,15.1,5.7,551
USGS-01649190,2024-01-31 11:20:00+00:00,7.5,15.2,5.7,551
USGS-01649190,2024-01-31 11:25:00+00:00,7.5,14.8,5.7,550
USGS-01649190,2024-01-31 11:30:00+00:00,7.5,15.3,5.7,550
USGS-01649190,2024-01-31 11:35:00+00:00,7.5,14.8,5.7,550
USGS-01649190,2024-01-31 11:40:00+00:00,7.5,14.9,5.7,550
USGS-01649190,2024-01-31 11:45:00+00:00,7.5,14.9,5.7,549
USGS-01649190,2024-01-31 11:50:00+00:00,7.5,14.6,5.7,549
USGS-01649190,2024-01-31 11:55:00+00:00,7.5,14.7,5.7,549
USGS-01649190,2024-01-31 12:00:00+00:00,7.5,14.6,5.7,549
USGS-01649190,2024-01-31 12:05:00+00:00,7.5,14.6,5.7,548
USGS-01649190,2024-01-31 12:10:00+00:00,7.5,15.1,5.7,548
USGS-01649190,2024-01-31 12:15:00+00:00,7.5,14.4,5.7,548
USGS-01649190,2024-01-31 12:20:00+00:00,7.5,14.5,5.7,548
USGS-01649190,2024-01-31 12:25:00+00:00,7.5,14.4,5.7,547
USGS-01649190,2024-01-31 12:30:00+00:00,7.5,14.5,5.7,547
USGS-01649190,2024-01-31 12:35:00+00:00,7.5,14.6,5.7,547
USGS-01649190,2024-01-31 12:40:00+00:00,7.5,14.0,5.7,546
USGS-01649190,2024-01-31 12:45:00+00:00,7.5,14.4,5.7,547
USGS-01649190,2024-01-31 12:50:00+00:00,7.5,14.5,5.7,546
USGS-01649190,2024-01-31 12:55:00+00:00,7.5,13.7,5.7,546
USGS-01649190,2024-01-31 13:00:00+00:00,7.5,13.4,5.7,546
USGS-01649190,2024-01-31 13:05:00+00:00,7.5,13.6,5.7,546
USGS-01649190,2024-01-31 13:10:00+00:00,7.5,13.9,5.7,546
USGS-01649190,2024-01-31 13:15:00+00:00,7.5,13.9,5.7,545
USGS-01649190,2024-01-31 13:20:00+00:00,7.5,13.7,5.7,545
USGS-01649190,2024-01-31 13:25:00+00:00,7.5,14.1,5.7,545
USGS-01649190,2024-01-31 13:30:00+00:00,7.5,13.7,5.7,545
USGS-01649190,2024-01-31 13:35:00+00:00,7.5,13.6,5.7,545
USGS-01649190,2024-01-31 13:40:00+00:00,7.5,13.1,5.7,545
USGS-01649190,2024-01-31 13:45:00+00:00,7.5,13.8,5.7,545
USGS-01649190,2024-01-31 13:50:00+00:00,7.5,13.2,5.7,544
USGS-01649190,2024-01-31 13:55:00+00:00,7.5,13.7,5.7,544
USGS-01649190,2024-01-31 14:00:00+00:00,7.5,13.0,5.7,544
USGS-01649190,2024-01-31 14:05:00+00:00,7.5,13.2,5.7,544
USGS-01649190,2024-01-31 14:10:00+00:00,7.5,13.1,5.7,544
USGS-01649190,2024-01-31 14:15:00+00:00,7.5,13.0,5.7,544
USGS-01649190,2024-01-31 14:20:00+00:00,7.5,13.0,5.7,543
USGS-01649190,2024-01-31 14:25:00+00:00,7.5,12.8,5.7,544
USGS-01649190,2024-01-31 14:30:00+00:00,7.5,13.1,5.7,543
USGS-01649190,2024-01-31 14:35:00+00:00,7.5,12.7,5.7,543
USGS-01649190,2024-01-31 14:40:00+00:00,7.5,12.5,5.7,543
USGS-01649190,2024-01-31 14:45:00+00:00,7.5,12.3,5.7,543
USGS-01649190,2024-01-31 14:50:00+00:00,7.5,12.2,5.7,543
USGS-01649190,2024-01-31 14:55:00+00:00,7.5,12.5,5.8,543
USGS-01649190,2024-01-31 15:00:00+00:00,7.5,12.2,5.8,543
USGS-01649190,2024-01-31 15:05:00+00:00,7.5,12.2,5.8,543
USGS-01649190,2024-01-31 15:10:00+00:00,7.5,12.5,5.8,543
USGS-01649190,2024-01-31 15:15:00+00:00,7.5,12.1,5.8,542
USGS-01649190,2024-01-31 15:20:00+00:00,7.5,11.5,5.8,542
USGS-01649190,2024-01-31 15:25:00+00:00,7.5,12.2,5.8,542
USGS-01649190,2024-01-31 15:30:00+00:00,7.5,12.4,5.8,542
USGS-01649190,2024-01-31 15:35:00+00:00,7.5,11.8,5.8,542
USGS-01649190,2024-01-31 15:40:00+00:00,7.5,11.5,5.9,542
USGS-01649190,2024-01-31 15:45:00+00:00,7.5,11.7,5.9,542
USGS-01649190,2024-01-31 15:50:00+00:00,7.5,11.7,5.9,542
USGS-01649190,2024-01-31 15:55:00+00:00,7.5,11.4,5.9,542
USGS-01649190,2024-01-31 16:00:00+00:00,7.5,11.6,5.9,542
USGS-01649190,2024-01-31 16:05:00+00:00,7.5,11.1,5.9,542
USGS-01649190,2024-01-31 16:10:00+00:00,7.5,11.4,5.9,541
USGS-01649190,2024-01-31 16:15:00+00:00,7.5,11.3,5.9,541
USGS-01649190,2024-01-31 16:20:00+00:00,7.5,11.2,5.9,541
USGS-01649190,2024-01-31 16:25:00+00:00,7.5,11.3,5.9,541
USGS-01649190,2024-01-31 16:30:00+00:00,7.5,11.2,6.0,541
USGS-01649190,2024-01-31 16:35:00+00:00,7.5,11.2,6.0,541
USGS-01649190,2024-01-31 16:40:00+00:00,7.5,11.2,6.0,541
USGS-01649190,2024-01-31 16:45:00+00:00,7.5,11.3,6.0,541
USGS-01649190,2024-01-31 16:50:00+00:00,7.5,10.6,6.0,541
USGS-01649190,2024-01-31 16:55:00+00:00,7.5,10.6,6.0,541
USGS-01649190,2024-01-31 17:00:00+00:00,7.5,10.7,6.0,540
USGS-01649190,2024-01-31 17:05:00+00:00,7.5,10.5,6.0,540
USGS-01649190,2024-01-31 17:10:00+00:00,7.5,10.7,6.0,541
USGS-01649190,2024-01-31 17:15:00+00:00,7.5,10.7,6.1,541
USGS-01649190,2024-01-31 17:20:00+00:00,7.5,10.2,6.1,540
USGS-01649190,2024-01-31 17:25:00+00:00,7.5,10.2,6.1,540
USGS-01649190,2024-01-31 17:30:00+00:00,7.5,10.1,6.1,540
USGS-01649190,2024-01-31 17:35:00+00:00,7.5,10.3,6.1,540
USGS-01649190,2024-01-31 17:40:00+00:00,7.5,10.2,6.1,540
USGS-01649190,2024-01-31 17:45:00+00:00,7.5,10.0,6.1,540
USGS-01649190,2024-01-31 17:50:00+00:00,7.5,9.9,6.1,540
USGS-01649190,2024-01-31 17:55:00+00:00,7.5,10.0,6.1,540
USGS-01649190,2024-01-31 18:00:00+00:00,7.5,9.7,6.1,540
USGS-01649190,2024-01-31 18:05:00+00:00,7.5,9.5,6.1,540
USGS-01649190,2024-01-31 18:10:00+00:00,7.5,9.8,6.2,540
USGS-01649190,2024-01-31 18:15:00+00:00,7.5,9.3,6.2,540
USGS-01649190,2024-01-31 18:20:00+00:00,7.5,9.2,6.2,540
USGS-01649190,2024-01-31 18:25:00+00:00,7.5,9.1,6.2,540
USGS-01649190,2024-01-31 18:30:00+00:00,7.5,9.1,6.2,540
USGS-01649190,2024-01-31 18:35:00+00:00,7.5,9.0,6.2,540
USGS-01649190,2024-01-31 18:40:00+00:00,7.5,8.9,6.2,540
USGS-01649190,2024-01-31 18:45:00+00:00,7.5,9.1,6.2,540
USGS-01649190,2024-01-31 18:50:00+00:00,7.5,9.0,6.2,540
USGS-01649190,2024-01-31 18:55:00+00:00,7.5,8.9,6.2,540
USGS-01649190,2024-01-31 19:00:00+00:00,7.5,8.5,6.2,540
USGS-01649190,2024-01-31 19:05:00+00:00,7.5,8.8,6.2,540
USGS-01649190,2024-01-31 19:10:00+00:00,7.5,8.3,6.3,541
USGS-01649190,2024-01-31 19:15:00+00:00,7.5,8.4,6.3,540
USGS-01649190,2024-01-31 19:20:00+00:00,7.5,8.2,6.3,540
USGS-01649190,2024-01-31 19:25:00+00:00,7.5,8.4,6.3,541
USGS-01649190,2024-01-31 19:30:00+00:00,7.5,8.1,6.3,540
USGS-01649190,2024-01-31 19:35:00+00:00,7.5,7.8,6.3,541
USGS-01649190,2024-01-31 19:40:00+00:00,7.5,7.7,6.3,541
USGS-01649190,2024-01-31 19:45:00+00:00,7.5,7.8,6.3,541
USGS-01649190,2024-01-31 19:50:00+00:00,7.5,7.6,6.3,540
USGS-01649190,2024-01-31 19:55:00+00:00,7.5,7.4,6.3,541
USGS-01649190,2024-01-31 20:00:00+00:00,7.5,7.6,6.3,541
USGS-01649190,2024-01-31 20:05:00+00:00,7.5,7.6,6.3,541
USGS-01649190,2024-01-31 20:10:00+00:00,7.5,7.5,6.3,541
USGS-01649190,2024-01-31 20:15:00+00:00,7.5,7.3,6.3,541
USGS-01649190,2024-01-31 20:20:00+00:00,7.5,7.3,6.3,541
USGS-01649190,2024-01-31 20:25:00+00:00,7.5,7.5,6.3,541
USGS-01649190,2024-01-31 20:30:00+00:00,7.5,7.3,6.3,541
USGS-01649190,2024-01-31 20:35:00+00:00,7.5,7.1,6.3,542
USGS-01649190,2024-01-31 20:40:00+00:00,7.5,7.0,6.3,542
USGS-01649190,2024-01-31 20:45:00+00:00,7.5,7.1,6.3,542
USGS-01649190,2024-01-31 20:50:00+00:00,7.5,7.1,6.3,542
USGS-01649190,2024-01-31 20:55:00+00:00,7.5,7.1,6.3,543
USGS-01649190,2024-01-31 21:00:00+00:00,7.5,6.8,6.3,543
USGS-01649190,2024-01-31 21:05:00+00:00,7.5,6.8,6.3,543
USGS-01649190,2024-01-31 21:10:00+00:00,7.5,6.8,6.3,544
USGS-01649190,2024-01-31 21:15:00+00:00,7.5,6.8,6.3,544
USGS-01649190,2024-01-31 21:20:00+00:00,7.5,6.9,6.3,544
USGS-01649190,2024-01-31 21:25:00+00:00,7.5,6.8,6.4,545
USGS-01649190,2024-01-31 21:30:00+00:00,7.5,6.7,6.4,545
USGS-01649190,2024-01-31 21:35:00+00:00,7.5,6.5,6.4,545
USGS-01649190,2024-01-31 21:40:00+00:00,7.5,6.6,6.4,546
USGS-01649190,2024-01-31 21:45:00+00:00,7.5,6.4,6.4,546
USGS-01649190,2024-01-31 21:50:00+00:00,7.5,6.4,6.4,546
USGS-01649190,2024-01-31 21:55:00+00:00,7.5,6.4,6.4,546
USGS-01649190,2024-01-31 22:00:00+00:00,7.5,6.3,6.4,546
USGS-01649190,2024-01-31 22:05:00+00:00,7.5,6.2,6.4,546
USGS-01649190,2024-01-31 22:10:00+00:00,7.5,6.2,6.4,546
USGS-01649190,2024-01-31 22:15:00+00:00,7.5,6.2,6.4,546
USGS-01649190,2024-01-31 22:20:00+00:00,7.5,6.1,6.4,546
USGS-01649190,2024-01-31 22:25:00+00:00,7.5,6.0,6.4,546
USGS-01649190,2024-01-31 22:30:00+00:00,7.5,6.0,6.4,546
USGS-01649190,2024-01-31 22:35:00+00:00,7.5,5.8,6.4,546
USGS-01649190,2024-01-31 22:40:00+00:00,7.5,5.8,6.3,546
USGS-01649190,2024-01-31 22:45:00+00:00,7.5,5.7,6.3,545
USGS-01649190,2024-01-31 22:50:00+00:00,7.5,5.7,6.3,545
USGS-01649190,2024-01-31 22:55:00+00:00,7.5,5.9,6.3,545
USGS-01649190,2024-01-31 23:00:00+00:00,7.5,5.8,6.3,545
USGS-01649190,2024-01-31 23:05:00+00:00,7.5,5.6,6.3,545
USGS-01649190,2024-01-31 23:10:00+00:00,7.5,5.7,6.3,545
USGS-01649190,2024-01-31 23:15:00+00:00,7.5,5.7,6.3,544
USGS-01649190,2024-01-31 23:20:00+00:00,7.5,6.0,6.3,544
USGS-01649190,2024-01-31 23:25:00+00:00,7.5,6.0,6.3,544
USGS-01649190,2024-01-31 23:30:00+00:00,7.5,5.6,6.3,544
USGS-01649190,2024-01-31 23:35:00+00:00,7.5,5.5,6.3,544
USGS-01649190,2024-01-31 23:40:00+00:00,7.5,5.5,6.3,544
USGS-01649190,2024-01-31 23:45:00+00:00,7.5,6.0,6.3,544
USGS-01649190,2024-01-31 23:50:00+00:00,7.5,5.7,6.3,544
USGS-01649190,2024-01-31 23:55:00+00:00,7.5,5.5,6.3,543
USGS-01649190,2024-02-01 00:00:00+00:00,7.5,5.3,6.3,544
USGS-01649190,2024-02-01 00:05:00+00:00,7.5,5.2,6.3,543
USGS-01649190,2024-02-01 00:10:00+00:00,7.5,5.1,6.2,543
USGS-01649190,2024-02-01 00:15:00+00:00,7.5,5.3,6.2,543
USGS-01649190,2024-02-01 00:20:00+00:00,7.5,5.2,6.2,543
USGS-01649190,2024-02-01 00:25:00+00:00,7.5,5.1,6.2,543
USGS-01649190,2024-02-01 00:30:00+00:00,7.5,5.5,6.2,543
USGS-01649190,2024-02-01 00:35:00+00:00,7.5,5.1,6.2,543
USGS-01649190,2024-02-01 00:40:00+00:00,7.5,4.9,6.2,543
USGS-01649190,2024-02-01 00:45:00+00:00,7.5,5.0,6.2,543
USGS-01649190,2024-02-01 00:50:00+00:00,7.5,4.9,6.2,543
USGS-01649190,2024-02-01 00:55:00+00:00,7.5,4.7,6.1,543
USGS-01649190,2024-02-01 01:00:00+00:00,7.5,4.9,6.1,543
USGS-01649190,2024-02-01 01:05:00+00:00,7.5,4.9,6.1,543
USGS-01649190,2024-02-01 01:10:00+00:00,7.5,4.8,6.1,542
USGS-01649190,2024-02-01 01:15:00+00:00,7.5,4.6,6.1,542
USGS-01649190,2024-02-01 01:20:00+00:00,7.5,4.7,6.1,542
USGS-01649190,2024-02-01 01:25:00+00:00,7.5,4.8,6.1,542
USGS-01649190,2024-02-01 01:30:00+00:00,7.5,4.5,6.1,542
USGS-01649190,2024-02-01 01:35:00+00:00,7.5,4.5,6.1,542
USGS-01649190,2024-02-01 01:40:00+00:00,7.5,4.4,6.0,542
USGS-01649190,2024-02-01 01:45:00+00:00,7.5,4.3,6.0,542
USGS-01649190,2024-02-01 01:50:00+00:00,7.5,4.4,6.0,542
USGS-01649190,2024-02-01 01:55:00+00:00,7.5,4.4,6.0,542
USGS-01649190,2024-02-01 02:00:00+00:00,7.5,4.3,6.0,542
USGS-01649190,2024-02-01 02:05:00+00:00,7.5,4.3,6.0,542
USGS-01649190,2024-02-01 02:10:00+00:00,7.5,4.4,5.9,542
USGS-01649190,2024-02-01 02:15:00+00:00,7.5,4.3,5.9,542
USGS-01649190,2024-02-01 02:20:00+00:00,7.5,4.3,5.9,542
USGS-01649190,2024-02-01 02:25:00+00:00,7.5,4.2,5.9,542
USGS-01649190,2024-02-01 02:30:00+00:00,7.5,4.2,5.9,542
USGS-01649190,2024-02-01 02:35:00+00:00,7.5,4.2,5.9,542
USGS-01649190,2024-02-01 02:40:00+00:00,7.5,4.2,5.9,542
USGS-01649190,2024-02-01 02:45:00+00:00,7.5,4.0,5.8,542
USGS-01649190,2024-02-01 02:50:00+00:00,7.5,4.0,5.8,542
USGS-01649190,2024-02-01 02:55:00+00:00,7.5,4.2,5.8,542
USGS-01649190,2024-02-01 03:00:00+00:00,7.5,4.1,5.8,542
USGS-01649190,2024-02-01 03:05:00+00:00,7.5,3.9,5.8,542
USGS-01649190,2024-02-01 03:10:00+00:00,7.5,3.9,5.8,542
USGS-01649190,2024-02-01 03:15:00+00:00,7.5,4.1,5.8,542
USGS-01649190,2024-02-01 03:20:00+00:00,7.5,3.9,5.7,542
USGS-01649190,2024-02-01 03:25:00+00:00,7.5,4.0,5.7,542
USGS-01649190,2024-02-01 03:30:00+00:00,7.5,3.8,5.7,542
USGS-01649190,2024-02-01 03:35:00+00:00,7.5,3.9,5.7,541
USGS-01649190,2024-02-01 03:40:00+00:00,7.5,3.9,5.7,542
USGS-01649190,2024-02-01 03:45:00+00:00,7.5,3.9,5.7,541
USGS-01649190,2024-02-01 03:50:00+00:00,7.5,3.8,5.7,541
USGS-01649190,2024-02-01 03:55:00+00:00,7.5,3.8,5.6,541
USGS-01649190,2024-02-01 04:00:00+00:00,7.5,6.1,5.6,541
USGS-01649190,2024-02-01 04:05:00+00:00,7.5,5.2,5.6,541
USGS-01649190,2024-02-01 04:10:00+00:00,7.5,4.4,5.6,541
USGS-01649190,2024-02-01 04:15:00+00:00,7.5,5.6,5.6,541
USGS-01649190,2024-02-01 04:20:00+00:00,7.5,5.8,5.6,541
USGS-01649190,2024-02-01 04:25:00+00:00,7.5,4.8,5.5,541
USGS-01649190,2024-02-01 04:30:00+00:00,7.5,4.4,5.5,541
USGS-01649190,2024-02-01 04:35:00+00:00,7.5,4.9,5.5,541
USGS-01649190,2024-02-01 04:40:00+00:00,7.5,4.2,5.5,541
USGS-01649190,2024-02-01 04:45:00+00:00,7.5,4.7,5.5,541
USGS-01649190,2024-02-01 04:50:00+00:00,7.5,4.0,5.5,541
USGS-01649190,2024-02-01 04:55:00+00:00,7.5,4.2,5.5,541
USGS-01649190,2024-02-01 05:00:00+00:00,7.5,4.1,5.4,541
USGS-01649190,2024-02-01 05:05:00+00:00,7.5,3.8,5.4,541
USGS-01649190,2024-02-01 05:10:00+00:00,7.5,3.8,5.4,541
USGS-01649190,2024-02-01 05:15:00+00:00,7.5,3.9,5.4,541
USGS-01649190,2024-02-01 05:20:00+00:00,7.5,3.8,5.4,541
USGS-01649190,2024-02-01 05:25:00+00:00,7.5,3.9,5.4,540
USGS-01649190,2024-02-01 05:30:00+00:00,7.5,3.8,5.4,541
USGS-01649190,2024-02-01 05:35:00+00:00,7.5,3.8,5.3,540
USGS-01649190,2024-02-01 05:40:00+00:00,7.5,3.7,5.3,540
USGS-01649190,2024-02-01 05:45:00+00:00,7.5,3.7,5.3,540
USGS-01649190,2024-02-01 05:50:00+00:00,7.5,3.6,5.3,540
USGS-01649190,2024-02-01 05:55:00+00:00,7.5,3.5,5.3,540
USGS-01649190,2024-02-01 06:00:00+00:00,7.5,3.7,5.3,540
USGS-01649190,2024-02-01 06:05:00+00:00,7.5,3.8,5.3,540
USGS-01649190,2024-02-01 06:10:00+00:00,7.5,3.8,5.2,540
USGS-01649190,2024-02-01 06:15:00+00:00,7.5,3.8,5.2,540
USGS-01649190,2024-02-01 06:20:00+00:00,7.5,3.6,5.2,540
USGS-01649190,2024-02-01 06:25:00+00:00,7.5,3.7,5.2,540
USGS-01649190,2024-02-01 06:30:00+00:00,7.5,3.8,5.2,540
USGS-01649190,2024-02-01 06:35:00+00:00,7.5,3.8,5.2,540
USGS-01649190,2024-02-01 06:40:00+00:00,7.5,3.7,5.1,540
USGS-01649190,2024-02-01 06:45:00+00:00,7.4,3.7,5.1,540
USGS-01649190,2024-02-01 06:50:00+00:00,7.4,3.7,5.1,540
USGS-01649190,2024-02-01 06:55:00+00:00,7.4,3.7,5.1,539
USGS-01649190,2024-02-01 07:00:00+00:00,7.4,3.8,5.1,540
USGS-01649190,2024-02-01 07:05:00+00:00,7.4,3.7,5.1,539
USGS-01649190,2024-02-01 07:10:00+00:00,7.4,3.7,5.1,539
USGS-01649190,2024-02-01 07:15:00+00:00,7.4,3.6,5.0,539
USGS-01649190,2024-02-01 07:20:00+00:00,7.4,3.7,5.0,539
USGS-01649190,2024-02-01 07:25:00+00:00,7.4,3.6,5.0,539
USGS-01649190,2024-02-01 07:30:00+00:00,7.4,3.7,5.0,539
USGS-01649190,2024-02-01 07:35:00+00:00,7.4,3.5,5.0,539
USGS-01649190,2024-02-01 07:40:00+00:00,7.4,3.5,5.0,539
USGS-01649190,2024-02-01 07:45:00+00:00,7.4,3.6,5.0,539
USGS-01649190,2024-02-01 07:50:00+00:00,7.4,3.6,5.0,539
USGS-01649190,2024-02-01 07:55:00+00:00,7.4,3.8,4.9,539
USGS-01649190,2024-02-01 08:00:00+00:00,7.4,3.6,4.9,539
USGS-01649190,2024-02-01 08:05:00+00:00,7.4,3.5,4.9,539
USGS-01649190,2024-02-01 08:10:00+00:00,7.4,3.7,4.9,539
USGS-01649190,2024-02-01 08:15:00+00:00,7.4,3.8,4.9,539
USGS-01649190,2024-02-01 08:20:00+00:00,7.4,3.7,4.9,539
USGS-01649190,2024-02-01 08:25:00+00:00,7.4,4.0,4.9,539
USGS-01649190,2024-02-01 08:30:00+00:00,7.4,3.6,4.8,539
USGS-01649190,2024-02-01 08:35:00+00:00,7.4,3.7,4.8,538
USGS-01649190,2024-02-01 08:40:00+00:00,7.4,3.5,4.8,538
USGS-01649190,2024-02-01 08:45:00+00:00,7.4,3.7,4.8,538
USGS-01649190,2024-02-01 08:50:00+00:00,7.4,3.5,4.8,538
USGS-01649190,2024-02-01 08:55:00+00:00,7.4,3.7,4.8,539
USGS-01649190,2024-02-01 09:00:00+00:00,7.4,3.5,4.8,538
USGS-01649190,2024-02-01 09:05:00+00:00,7.4,3.4,4.7,538
USGS-01649190,2024-02-01 09:10:00+00:00,7.4,3.4,4.7,538
USGS-01649190,2024-02-01 09:15:00+00:00,7.4,3.4,4.7,538
USGS-01649190,2024-02-01 09:20:00+00:00,7.4,3.4,4.7,538
USGS-01649190,2024-02-01 09:25:00+00:00,7.4,3.6,4.7,538
USGS-01649190,2024-02-01 09:30:00+00:00,7.4,3.5,4.7,538
USGS-01649190,2024-02-01 09:35:00+00:00,7.4,3.3,4.7,538
USGS-01649190,2024-02-01 09:40:00+00:00,7.4,3.3,4.6,538
USGS-01649190,2024-02-01 09:45:00+00:00,7.4,3.4,4.6,538
USGS-01649190,2024-02-01 09:50:00+00:00,7.4,3.2,4.6,538
USGS-01649190,2024-02-01 09:55:00+00:00,7.4,3.1,4.6,538
USGS-01649190,2024-02-01 10:00:00+00:00,7.4,3.1,4.6,538
USGS-01649190,2024-02-01 10:05:00+00:00,7.4,3.2,4.6,538
USGS-01649190,2024-02-01 10:10:00+00:00,7.4,3.0,4.6,538
USGS-01649190,2024-02-01 10:15:00+00:00,7.4,3.2,4.6,538
USGS-01649190,2024-02-01 10:20:00+00:00,7.4,3.1,4.5,538
USGS-01649190,2024-02-01 10:25:00+00:00,7.4,3.2,4.5,538
USGS-01649190,2024-02-01 10:30:00+00:00,7.4,3.2,4.5,538
USGS-01649190,2024-02-01 10:35:00+00:00,7.4,3.1,4.5,538
USGS-01649190,2024-02-01 10:40:00+00:00,7.4,3.0,4.5,538
USGS-01649190,2024-02-01 10:45:00+00:00,7.4,3.1,4.5,538
USGS-01649190,2024-02-01 10:50:00+00:00,7.4,2.9,4.5,538
USGS-01649190,2024-02-01 10:55:00+00:00,7.4,3.0,4.5,538
USGS-01649190,2024-02-01 11:00:00+00:00,7.4,2.9,4.4,538
USGS-01649190,2024-02-01 11:05:00+00:00,7.4,2.9,4.4,538
USGS-01649190,2024-02-01 11:10:00+00:00,7.4,2.9,4.4,537
USGS-01649190,2024-02-01 11:15:00+00:00,7.4,2.9,4.4,538
USGS-01649190,2024-02-01 11:20:00+00:00,7.4,2.8,4.4,538
USGS-01649190,2024-02-01 11:25:00+00:00,7.4,2.9,4.4,538
USGS-01649190,2024-02-01 11:30:00+00:00,7.4,2.8,4.4,538
USGS-01649190,2024-02-01 11:35:00+00:00,7.4,2.9,4.3,538
USGS-01649190,2024-02-01 11:40:00+00:00,7.4,2.8,4.3,538
USGS-01649190,2024-02-01 11:45:00+00:00,7.4,2.8,4.3,538
USGS-01649190,2024-02-01 11:50:00+00:00,7.4,2.8,4.3,538
USGS-01649190,2024-02-01 11:55:00+00:00,7.4,2.8,4.3,538
USGS-01649190,2024-02-01 12:00:00+00:00,7.4,2.8,4.3,538
USGS-01649190,2024-02-01 12:05:00+00:00,7.4,2.8,4.3,538
USGS-01649190,2024-02-01 12:10:00+00:00,7.4,2.7,4.3,538
USGS-01649190,2024-02-01 12:15:00+00:00,7.4,2.7,4.2,538
USGS-01649190,2024-02-01 12:20:00+00:00,7.4,2.7,4.2,538
USGS-01649190,2024-02-01 12:25:00+00:00,7.4,2.7,4.2,538
USGS-01649190,2024-02-01 12:30:00+00:00,7.4,2.7,4.2,538
USGS-01649190,2024-02-01 12:35:00+00:00,7.4,2.8,4.2,538
USGS-01649190,2024-02-01 12:40:00+00:00,7.4,2.7,4.2,538
USGS-01649190,2024-02-01 12:45:00+00:00,7.4,2.8,4.2,538
USGS-01649190,2024-02-01 12:50:00+00:00,7.4,2.7,4.2,538
USGS-01649190,2024-02-01 12:55:00+00:00,7.4,2.8,4.2,538
USGS-01649190,2024-02-01 13:00:00+00:00,7.4,2.8,4.2,538
USGS-01649190,2024-02-01 13:05:00+00:00,7.4,2.7,4.1,538
USGS-01649190,2024-02-01 13:10:00+00:00,7.4,2.6,4.1,538
USGS-01649190,2024-02-01 13:15:00+00:00,7.4,2.7,4.1,538
USGS-01649190,2024-02-01 13:20:00+00:00,7.4,2.7,4.1,538
USGS-01649190,2024-02-01 13:25:00+00:00,7.4,2.7,4.1,538
USGS-01649190,2024-02-01 13:30:00+00:00,7.4,2.6,4.1,538
USGS-01649190,2024-02-01 13:35:00+00:00,7.4,2.7,4.1,538
USGS-01649190,2024-02-01 13:40:00+00:00,7.4,2.6,4.1,538
USGS-01649190,2024-02-01 13:45:00+00:00,7.4,2.7,4.1,538
USGS-01649190,2024-02-01 13:50:00+00:00,7.4,2.7,4.1,538
USGS-01649190,2024-02-01 13:55:00+00:00,7.4,2.6,4.1,538
USGS-01649190,2024-02-01 14:00:00+00:00,7.4,2.6,4.1,538
USGS-01649190,2024-02-01 14:05:00+00:00,7.4,2.7,4.1,538
USGS-01649190,2024-02-01 14:10:00+00:00,7.4,2.6,4.1,538
USGS-01649190,2024-02-01 14:15:00+00:00,7.4,2.6,4.1,538
USGS-01649190,2024-02-01 14:20:00+00:00,7.4,2.6,4.1,538
USGS-01649190,2024-02-01 14:25:00+00:00,7.4,2.6,4.1,538
USGS-01649190,2024-02-01 14:30:00+00:00,7.4,2.6,4.1,538
USGS-01649190,2024-02-01 14:35:00+00:00,7.4,2.5,4.1,538
USGS-01649190,2024-02-01 14:40:00+00:00,7.4,2.6,4.1,538
USGS-01649190,2024-02-01 14:45:00+00:00,7.4,2.5,4.2,538
USGS-01649190,2024-02-01 14:50:00+00:00,7.4,2.6,4.2,538
USGS-01649190,2024-02-01 14:55:00+00:00,7.4,2.7,4.2,538
USGS-01649190,2024-02-01 15:00:00+00:00,7.4,2.9,4.2,538
USGS-01649190,2024-02-01 15:05:00+00:00,7.4,2.7,4.2,537
USGS-01649190,2024-02-01 15:10:00+00:00,7.4,2.6,4.2,537
USGS-01649190,2024-02-01 15:15:00+00:00,7.4,2.6,4.3,537
USGS-01649190,2024-02-01 15:20:00+00:00,7.4,2.6,4.3,537
USGS-01649190,2024-02-01 15:25:00+00:00,7.4,2.6,4.3,537
USGS-01649190,2024-02-01 15:30:00+00:00,7.4,2.6,4.4,537
USGS-01649190,2024-02-01 15:35:00+00:00,7.4,2.6,4.4,537
USGS-01649190,2024-02-01 15:40:00+00:00,7.4,2.5,4.4,537
USGS-01649190,2024-02-01 15:45:00+00:00,7.4,2.6,4.4,537
USGS-01649190,2024-02-01 15:50:00+00:00,7.4,2.5,4.5,537
USGS-01649190,2024-02-01 15:55:00+00:00,7.4,2.4,4.5,537
USGS-01649190,2024-02-01 16:00:00+00:00,7.4,2.5,4.5,536
USGS-01649190,2024-02-01 16:05:00+00:00,7.4,2.5,4.6,537
USGS-01649190,2024-02-01 16:10:00+00:00,7.4,2.4,4.6,536
USGS-01649190,2024-02-01 16:15:00+00:00,7.5,2.5,4.6,536
USGS-01649190,2024-02-01 16:20:00+00:00,7.5,2.5,4.6,536
USGS-01649190,2024-02-01 16:25:00+00:00,7.5,2.4,4.7,536
USGS-01649190,2024-02-01 16:30:00+00:00,7.5,2.5,4.7,536
USGS-01649190,2024-02-01 16:35:00+00:00,7.5,2.5,4.7,536
USGS-01649190,2024-02-01 16:40:00+00:00,7.5,2.5,4.7,536
USGS-01649190,2024-02-01 16:45:00+00:00,7.5,2.5,4.8,536
USGS-01649190,2024-02-01 16:50:00+00:00,7.5,2.5,4.8,536
USGS-01649190,2024-02-01 16:55:00+00:00,7.5,2.4,4.9,536
USGS-01649190,2024-02-01 17:00:00+00:00,7.5,2.5,4.9,536
USGS-01649190,2024-02-01 17:05:00+00:00,7.5,2.4,4.9,536
USGS-01649190,2024-02-01 17:10:00+00:00,7.5,2.5,5.0,536
USGS-01649190,2024-02-01 17:15:00+00:00,7.5,2.6,5.0,536
USGS-01649190,2024-02-01 17:20:00+00:00,7.5,2.5,5.0,535
USGS-01649190,2024-02-01 17:25:00+00:00,7.5,2.5,5.1,535
USGS-01649190,2024-02-01 17:30:00+00:00,7.5,2.5,5.1,535
USGS-01649190,2024-02-01 17:35:00+00:00,7.5,2.4,5.1,536
USGS-01649190,2024-02-01 17:40:00+00:00,7.5,2.4,5.2,536
USGS-01649190,2024-02-01 17:45:00+00:00,7.5,2.3,5.2,535
USGS-01649190,2024-02-01 17:50:00+00:00,7.5,2.4,5.2,535
USGS-01649190,2024-02-01 17:55:00+00:00,7.5,2.5,5.3,535
USGS-01649190,2024-02-01 18:00:00+00:00,7.5,2.5,5.3,535
USGS-01649190,2024-02-01 18:05:00+00:00,7.5,2.5,5.4,535
USGS-01649190,2024-02-01 18:10:00+00:00,7.5,2.5,5.4,535
USGS-01649190,2024-02-01 18:15:00+00:00,7.5,2.4,5.4,535
USGS-01649190,2024-02-01 18:20:00+00:00,7.5,2.4,5.5,535
USGS-01649190,2024-02-01 18:25:00+00:00,7.5,2.5,5.5,535
USGS-01649190,2024-02-01 18:30:00+00:00,7.5,2.3,5.5,535
USGS-01649190,2024-02-01 18:35:00+00:00,7.5,2.4,5.5,535
USGS-01649190,2024-02-01 18:40:00+00:00,7.5,2.3,5.6,535
USGS-01649190,2024-02-01 18:45:00+00:00,7.5,2.4,5.6,535
USGS-01649190,2024-02-01 18:50:00+00:00,7.5,2.5,5.7,535
USGS-01649190,2024-02-01 18:55:00+00:00,7.5,2.4,5.7,535
USGS-01649190,2024-02-01 19:00:00+00:00,7.5,2.4,5.7,534
USGS-01649190,2024-02-01 19:05:00+00:00,7.5,2.3,5.7,535
USGS-01649190,2024-02-01 19:10:00+00:00,7.5,2.4,5.7,534
USGS-01649190,2024-02-01 19:15:00+00:00,7.5,2.4,5.8,534
USGS-01649190,2024-02-01 19:20:00+00:00,7.5,2.3,5.8,534
USGS-01649190,2024-02-01 19:25:00+00:00,7.5,2.4,5.8,534
USGS-01649190,2024-02-01 19:30:00+00:00,7.5,2.2,5.8,534
USGS-01649190,2024-02-01 19:35:00+00:00,7.5,2.3,5.9,534
USGS-01649190,2024-02-01 19:40:00+00:00,7.5,2.3,5.9,534
USGS-01649190,2024-02-01 19:45:00+00:00,7.5,2.3,5.9,534
USGS-01649190,2024-02-01 19:50:00+00:00,7.5,2.3,5.9,534
USGS-01649190,2024-02-01 19:55:00+00:00,7.5,2.3,6.0,534
USGS-01649190,2024-02-01 20:00:00+00:00,7.5,2.3,6.0,534
USGS-01649190,2024-02-01 20:05:00+00:00,7.5,2.3,6.0,534
USGS-01649190,2024-02-01 20:10:00+00:00,7.5,2.3,6.0,534
USGS-01649190,2024-02-01 20:15:00+00:00,7.5,2.3,6.0,533
USGS-01649190,2024-02-01 20:20:00+00:00,7.5,2.3,6.0,533
USGS-01649190,2024-02-01 20:25:00+00:00,7.5,2.3,6.1,533
USGS-01649190,2024-02-01 20:30:00+00:00,7.5,2.3,6.1,533
USGS-01649190,2024-02-01 20:35:00+00:00,7.5,2.3,6.1,533
USGS-01649190,2024-02-01 20:40:00+00:00,7.5,2.3,6.1,533
USGS-01649190,2024-02-01 20:45:00+00:00,7.5,2.3,6.2,533
USGS-01649190,2024-02-01 20:50:00+00:00,7.5,2.3,6.2,533
USGS-01649190,2024-02-01 20:55:00+00:00,7.5,2.2,6.2,533
USGS-01649190,2024-02-01 21:00:00+00:00,7.5,2.2,6.2,533
USGS-01649190,2024-02-01 21:05:00+00:00,7.5,2.2,6.2,533
USGS-01649190,2024-02-01 21:10:00+00:00,7.5,2.2,6.3,532
USGS-01649190,2024-02-01 21:15:00+00:00,7.5,2.3,6.3,532
USGS-01649190,2024-02-01 21:20:00+00:00,7.5,2.3,6.3,532
USGS-01649190,2024-02-01 21:25:00+00:00,7.5,2.3,6.3,532
USGS-01649190,2024-02-01 21:30:00+00:00,7.5,2.2,6.4,532
USGS-01649190,2024-02-01 21:35:00+00:00,7.5,2.3,6.4,532
USGS-01649190,2024-02-01 21:40:00+00:00,7.5,2.3,6.4,532
USGS-01649190,2024-02-01 21:45:00+00:00,7.5,2.2,6.4,532
USGS-01649190,2024-02-01 21:50:00+00:00,7.5,2.2,6.4,532
USGS-01649190,2024-02-01 21:55:00+00:00,7.5,2.2,6.4,532
USGS-01649190,2024-02-01 22:00:00+00:00,7.5,2.3,6.4,532
USGS-01649190,2024-02-01 22:05:00+00:00,7.5,2.2,6.4,532
USGS-01649190,2024-02-01 22:10:00+00:00,7.5,2.2,6.4,532
USGS-01649190,2024-02-01 22:15:00+00:00,7.5,2.2,6.4,532
USGS-01649190,2024-02-01 22:20:00+00:00,7.5,2.2,6.4,531
USGS-01649190,2024-02-01 22:25:00+00:00,7.5,2.3,6.4,531
USGS-01649190,2024-02-01 22:30:00+00:00,7.5,2.2,6.4,531
USGS-01649190,2024-02-01 22:35:00+00:00,7.5,2.2,6.4,531
USGS-01649190,2024-02-01 22:40:00+00:00,7.5,2.2,6.3,531
USGS-01649190,2024-02-01 22:45:00+00:00,7.5,2.1,6.3,531
USGS-01649190,2024-02-01 22:50:00+00:00,7.5,2.2,6.3,532
USGS-01649190,2024-02-01 22:55:00+00:00,7.5,2.2,6.3,531
USGS-01649190,2024-02-01 23:00:00+00:00,7.5,2.3,6.3,531
USGS-01649190,2024-02-01 23:05:00+00:00,7.5,2.2,6.3,531
USGS-01649190,2024-02-01 23:10:00+00:00,7.5,2.2,6.3,531
USGS-01649190,2024-02-01 23:15:00+00:00,7.5,2.2,6.2,531
USGS-01649190,2024-02-01 23:20:00+00:00,7.5,2.3,6.2,531
USGS-01649190,2024-02-01 23:25:00+00:00,7.5,2.2,6.2,531
USGS-01649190,2024-02-01 23:30:00+00:00,7.5,2.2,6.2,531
USGS-01649190,2024-02-01 23:35:00+00:00,7.5,2.2,6.2,531
USGS-01649190,2024-02-01 23:40:00+00:00,7.5,2.1,6.2,531
USGS-01649190,2024-02-01 23:45:00+00:00,7.5,2.2,6.2,531
USGS-01649190,2024-02-01 23:50:00+00:00,7.5,2.2,6.2,531
USGS-01649190,2024-02-01 23:55:00+00:00,7.5,2.2,6.1,531
USGS-01649190,2024-02-02 00:00:00+00:00,7.5,2.3,6.1,531
USGS-01649190,2024-02-02 00:05:00+00:00,7.5,2.3,6.1,531
USGS-01649190,2024-02-02 00:10:00+00:00,7.5,2.3,6.1,531
USGS-01649190,2024-02-02 00:15:00+00:00,7.5,2.2,6.1,530
USGS-01649190,2024-02-02 00:20:00+00:00,7.5,2.2,6.1,531
USGS-01649190,2024-02-02 00:25:00+00:00,7.5,2.3,6.1,530
USGS-01649190,2024-02-02 00:30:00+00:00,7.5,2.2,6.1,530
USGS-01649190,2024-02-02 00:35:00+00:00,7.5,2.3,6.1,530
USGS-01649190,2024-02-02 00:40:00+00:00,7.5,2.2,6.1,530
USGS-01649190,2024-02-02 00:45:00+00:00,7.5,2.3,6.1,530
USGS-01649190,2024-02-02 00:50:00+00:00,7.5,2.2,6.1,530
USGS-01649190,2024-02-02 00:55:00+00:00,7.5,2.2,6.0,530
USGS-01649190,2024-02-02 01:00:00+00:00,7.5,2.2,6.0,530
USGS-01649190,2024-02-02 01:05:00+00:00,7.5,2.2,6.0,530
USGS-01649190,2024-02-02 01:10:00+00:00,7.5,2.4,6.0,530
USGS-01649190,2024-02-02 01:15:00+00:00,7.5,2.2,6.0,530
USGS-01649190,2024-02-02 01:20:00+00:00,7.5,2.2,6.0,530
USGS-01649190,2024-02-02 01:25:00+00:00,7.5,2.2,6.0,530
USGS-01649190,2024-02-02 01:30:00+00:00,7.5,2.3,6.0,530
USGS-01649190,2024-02-02 01:35:00+00:00,7.5,2.3,6.0,530
USGS-01649190,2024-02-02 01:40:00+00:00,7.5,2.2,6.0,530
USGS-01649190,2024-02-02 01:45:00+00:00,7.5,2.3,6.0,530
USGS-01649190,2024-02-02 01:50:00+00:00,7.5,2.3,6.0,530
USGS-01649190,2024-02-02 01:55:00+00:00,7.5,2.2,6.0,529
USGS-01649190,2024-02-02 02:00:00+00:00,7.5,2.3,6.0,530
USGS-01649190,2024-02-02 02:05:00+00:00,7.5,2.3,6.0,529
USGS-01649190,2024-02-02 02:10:00+00:00,7.5,2.3,6.0,529
USGS-01649190,2024-02-02 02:15:00+00:00,7.5,2.4,6.0,529
USGS-01649190,2024-02-02 02:20:00+00:00,7.5,2.4,6.0,529
USGS-01649190,2024-02-02 02:25:00+00:00,7.5,2.4,6.0,529
USGS-01649190,2024-02-02 02:30:00+00:00,7.5,2.6,6.0,529
USGS-01649190,2024-02-02 02:35:00+00:00,7.5,2.5,6.0,529
USGS-01649190,2024-02-02 02:40:00+00:00,7.5,2.4,6.0,529
USGS-01649190,2024-02-02 02:45:00+00:00,7.5,2.4,6.0,529
USGS-01649190,2024-02-02 02:50:00+00:00,7.5,2.5,6.0,529
USGS-01649190,2024-02-02 02:55:00+00:00,7.5,2.4,6.0,529
USGS-01649190,2024-02-02 03:00:00+00:00,7.5,2.4,6.0,529
USGS-01649190,2024-02-02 03:05:00+00:00,7.5,2.3,6.0,529
USGS-01649190,2024-02-02 03:10:00+00:00,7.5,2.5,6.0,529
USGS-01649190,2024-02-02 03:15:00+00:00,7.5,2.4,6.0,529
USGS-01649190,2024-02-02 03:20:00+00:00,7.5,2.3,6.0,529
USGS-01649190,2024-02-02 03:25:00+00:00,7.5,2.3,6.0,529
USGS-01649190,2024-02-02 03:30:00+00:00,7.5,2.3,6.0,529
USGS-01649190,2024-02-02 03:35:00+00:00,7.5,2.2,6.0,528
USGS-01649190,2024-02-02 03:40:00+00:00,7.5,2.2,6.0,529
USGS-01649190,2024-02-02 03:45:00+00:00,7.5,2.4,6.0,528
USGS-01649190,2024-02-02 03:50:00+00:00,7.5,2.1,6.0,528
USGS-01649190,2024-02-02 03:55:00+00:00,7.5,2.2,6.0,528
USGS-01649190,2024-02-02 04:00:00+00:00,7.5,2.3,6.0,528
USGS-01649190,2024-02-02 04:05:00+00:00,7.5,2.2,6.0,528
USGS-01649190,2024-02-02 04:10:00+00:00,7.5,2.4,6.1,528
USGS-01649190,2024-02-02 04:15:00+00:00,7.5,2.4,6.1,528
USGS-01649190,2024-02-02 04:20:00+00:00,7.5,2.5,6.1,528
USGS-01649190,2024-02-02 04:25:00+00:00,7.5,3.0,6.1,528
USGS-01649190,2024-02-02 04:30:00+00:00,7.5,2.8,6.1,528
USGS-01649190,2024-02-02 04:35:00+00:00,7.5,2.7,6.1,528
USGS-01649190,2024-02-02 04:40:00+00:00,7.5,2.7,6.1,528
USGS-01649190,2024-02-02 04:45:00+00:00,7.4,2.7,6.1,527
USGS-01649190,2024-02-02 04:50:00+00:00,7.4,2.7,6.1,527
USGS-01649190,2024-02-02 04:55:00+00:00,7.4,2.9,6.1,527
USGS-01649190,2024-02-02 05:00:00+00:00,7.4,2.9,6.1,527
USGS-01649190,2024-02-02 05:05:00+00:00,7.4,2.6,6.1,527
USGS-01649190,2024-02-02 05:10:00+00:00,7.4,2.7,6.1,527
USGS-01649190,2024-02-02 05:15:00+00:00,7.4,2.7,6.1,527
USGS-01649190,2024-02-02 05:20:00+00:00,7.4,2.7,6.1,527
USGS-01649190,2024-02-02 05:25:00+00:00,7.4,2.6,6.1,527
USGS-01649190,2024-02-02 05:30:00+00:00,7.4,2.4,6.1,527
USGS-01649190,2024-02-02 05:35:00+00:00,7.4,2.4,6.1,527
USGS-01649190,2024-02-02 05:40:00+00:00,7.4,2.3,6.1,527
USGS-01649190,2024-02-02 05:45:00+00:00,7.4,2.4,6.1,527
USGS-01649190,2024-02-02 05:50:00+00:00,7.4,2.4,6.1,527
USGS-01649190,2024-02-02 05:55:00+00:00,7.4,2.4,6.1,527
USGS-01649190,2024-02-02 06:00:00+00:00,7.4,2.4,6.1,526
USGS-01649190,2024-02-02 06:05:00+00:00,7.4,2.4,6.1,526
USGS-01649190,2024-02-02 06:10:00+00:00,7.4,2.3,6.1,526
USGS-01649190,2024-02-02 06:15:00+00:00,7.4,2.5,6.1,526
USGS-01649190,2024-02-02 06:20:00+00:00,7.4,2.4,6.1,526
USGS-01649190,2024-02-02 06:25:00+00:00,7.4,2.7,6.1,526
USGS-01649190,2024-02-02 06:30:00+00:00,7.4,2.4,6.1,526
USGS-01649190,2024-02-02 06:35:00+00:00,7.4,2.6,6.1,526
USGS-01649190,2024-02-02 06:40:00+00:00,7.4,2.5,6.1,526
USGS-01649190,2024-02-02 06:45:00+00:00,7.4,2.6,6.1,526
USGS-01649190,2024-02-02 06:50:00+00:00,7.4,2.5,6.1,526
USGS-01649190,2024-02-02 06:55:00+00:00,7.4,2.6,6.1,526
USGS-01649190,2024-02-02 07:00:00+00:00,7.4,2.6,6.1,526
USGS-01649190,2024-02-02 07:05:00+00:00,7.4,2.6,6.2,526
USGS-01649190,2024-02-02 07:10:00+00:00,7.4,2.6,6.1,526
USGS-01649190,2024-02-02 07:15:00+00:00,7.4,2.6,6.2,526
USGS-01649190,2024-02-02 07:20:00+00:00,7.4,2.4,6.2,525
USGS-01649190,2024-02-02 07:25:00+00:00,7.4,2.5,6.2,525
USGS-01649190,2024-02-02 07:30:00+00:00,7.4,2.5,6.2,525
USGS-01649190,2024-02-02 07:35:00+00:00,7.4,2.5,6.2,525
USGS-01649190,2024-02-02 07:40:00+00:00,7.4,2.6,6.2,525
USGS-01649190,2024-02-02 07:45:00+00:00,7.4,2.6,6.2,525
USGS-01649190,2024-02-02 07:50:00+00:00,7.4,2.7,6.2,525
USGS-01649190,2024-02-02 07:55:00+00:00,7.4,2.7,6.2,525
USGS-01649190,2024-02-02 08:00:00+00:00,7.4,2.8,6.2,525
USGS-01649190,2024-02-02 08:05:00+00:00,7.4,2.8,6.2,525
USGS-01649190,2024-02-02 08:10:00+00:00,7.4,2.7,6.2,524
USGS-01649190,2024-02-02 08:15:00+00:00,7.4,2.8,6.2,525
USGS-01649190,2024-02-02 08:20:00+00:00,7.4,2.9,6.2,524
USGS-01649190,2024-02-02 08:25:00+00:00,7.4,2.7,6.2,524
USGS-01649190,2024-02-02 08:30:00+00:00,7.4,2.7,6.2,524
USGS-01649190,2024-02-02 08:35:00+00:00,7.4,2.6,6.2,524
USGS-01649190,2024-02-02 08:40:00+00:00,7.4,2.6,6.2,524
USGS-01649190,2024-02-02 08:45:00+00:00,7.4,2.6,6.2,524
USGS-01649190,2024-02-02 08:50:00+00:00,7.4,2.6,6.2,524
USGS-01649190,2024-02-02 08:55:00+00:00,7.4,2.6,6.2,524
USGS-01649190,2024-02-02 09:00:00+00:00,7.4,2.4,6.2,524
USGS-01649190,2024-02-02 09:05:00+00:00,7.4,2.4,6.2,524
USGS-01649190,2024-02-02 09:10:00+00:00,7.4,2.3,6.2,524
USGS-01649190,2024-02-02 09:15:00+00:00,7.4,2.2,6.2,524
USGS-01649190,2024-02-02 09:20:00+00:00,7.4,2.4,6.2,524
USGS-01649190,2024-02-02 09:25:00+00:00,7.4,2.3,6.2,524
USGS-01649190,2024-02-02 09:30:00+00:00,7.4,2.3,6.2,524
USGS-01649190,2024-02-02 09:35:00+00:00,7.4,2.2,6.2,524
USGS-01649190,2024-02-02 09:40:00+00:00,7.4,2.4,6.2,524
USGS-01649190,2024-02-02 09:45:00+00:00,7.4,2.4,6.2,523
USGS-01649190,2024-02-02 09:50:00+00:00,7.4,2.4,6.2,524
USGS-01649190,2024-02-02 09:55:00+00:00,7.4,2.3,6.2,523
USGS-01649190,2024-02-02 10:00:00+00:00,7.4,2.5,6.2,523
USGS-01649190,2024-02-02 10:05:00+00:00,7.4,3.2,6.2,523
USGS-01649190,2024-02-02 10:10:00+00:00,7.4,2.7,6.2,523
USGS-01649190,2024-02-02 10:15:00+00:00,7.4,2.3,6.2,523
USGS-01649190,2024-02-02 10:20:00+00:00,7.4,2.2,6.2,523
USGS-01649190,2024-02-02 10:25:00+00:00,7.4,2.3,6.2,523
USGS-01649190,2024-02-02 10:30:00+00:00,7.4,2.4,6.2,523
USGS-01649190,2024-02-02 10:35:00+00:00,7.4,2.6,6.2,523
USGS-01649190,2024-02-02 10:40:00+00:00,7.4,2.4,6.2,523
USGS-01649190,2024-02-02 10:45:00+00:00,7.4,2.5,6.2,523
USGS-01649190,2024-02-02 10:50:00+00:00,7.4,2.4,6.2,523
USGS-01649190,2024-02-02 10:55:00+00:00,7.4,2.4,6.2,523
USGS-01649190,2024-02-02 11:00:00+00:00,7.4,2.2,6.2,523
USGS-01649190,2024-02-02 11:05:00+00:00,7.4,2.3,6.2,523
USGS-01649190,2024-02-02 11:10:00+00:00,7.4,2.2,6.2,523
USGS-01649190,2024-02-02 11:15:00+00:00,7.4,2.1,6.2,522
USGS-01649190,2024-02-02 11:20:00+00:00,7.4,2.0,6.2,522
USGS-01649190,2024-02-02 11:25:00+00:00,7.4,2.1,6.3,522
USGS-01649190,2024-02-02 11:30:00+00:00,7.4,2.0,6.3,522
USGS-01649190,2024-02-02 11:35:00+00:00,7.4,2.0,6.3,522
USGS-01649190,2024-02-02 11:40:00+00:00,7.4,1.9,6.3,522
USGS-01649190,2024-02-02 11:45:00+00:00,7.4,2.0,6.3,522
USGS-01649190,2024-02-02 11:50:00+00:00,7.4,2.0,6.3,522
USGS-01649190,2024-02-02 11:55:00+00:00,7.4,2.0,6.3,522
USGS-01649190,2024-02-02 12:00:00+00:00,7.4,1.9,6.3,522
USGS-01649190,2024-02-02 12:05:00+00:00,7.4,2.0,6.3,522
USGS-01649190,2024-02-02 12:10:00+00:00,7.4,2.0,6.3,522
USGS-01649190,2024-02-02 12:15:00+00:00,7.4,2.0,6.3,522
USGS-01649190,2024-02-02 12:20:00+00:00,7.4,2.0,6.3,522
USGS-01649190,2024-02-02 12:25:00+00:00,7.4,2.0,6.3,522
USGS-01649190,2024-02-02 12:30:00+00:00,7.4,2.0,6.3,522
USGS-01649190,2024-02-02 12:35:00+00:00,7.4,1.9,6.3,522
USGS-01649190,2024-02-02 12:40:00+00:00,7.4,2.0,6.3,522
USGS-01649190,2024-02-02 12:45:00+00:00,7.4,2.0,6.3,521
USGS-01649190,2024-02-02 12:50:00+00:00,7.4,2.0,6.3,521
USGS-01649190,2024-02-02 12:55:00+00:00,7.4,2.1,6.3,521
USGS-01649190,2024-02-02 13:00:00+00:00,7.4,2.3,6.3,521
USGS-01649190,2024-02-02 13:05:00+00:00,7.4,2.3,6.3,521
USGS-01649190,2024-02-02 13:10:00+00:00,7.4,2.2,6.3,521
USGS-01649190,2024-02-02 13:15:00+00:00,7.4,2.1,6.3,521
USGS-01649190,2024-02-02 13:20:00+00:00,7.4,2.0,6.3,521
USGS-01649190,2024-02-02 13:25:00+00:00,7.4,2.0,6.3,521
USGS-01649190,2024-02-02 13:30:00+00:00,7.4,2.1,6.3,521
USGS-01649190,2024-02-02 13:35:00+00:00,7.4,2.0,6.3,521
USGS-01649190,2024-02-02 13:40:00+00:00,7.4,1.9,6.3,521
USGS-01649190,2024-02-02 13:45:00+00:00,7.4,2.0,6.3,521
USGS-01649190,2024-02-02 13:50:00+00:00,7.4,1.9,6.3,521
USGS-01649190,2024-02-02 13:55:00+00:00,7.4,1.9,6.3,520
USGS-01649190,2024-02-02 14:00:00+00:00,7.4,1.9,6.3,521
USGS-01649190,2024-02-02 14:05:00+00:00,7.4,1.9,6.3,520
USGS-01649190,2024-02-02 14:10:00+00:00,7.4,1.9,6.3,520
USGS-01649190,2024-02-02 14:15:00+00:00,7.4,1.9,6.3,520
USGS-01649190,2024-02-02 14:20:00+00:00,7.4,1.9,6.3,520
USGS-01649190,2024-02-02 14:25:00+00:00,7.4,1.9,6.3,520
USGS-01649190,2024-02-02 14:30:00+00:00,7.4,1.8,6.4,520
USGS-01649190,2024-02-02 14:35:00+00:00,7.4,1.9,6.4,520
USGS-01649190,2024-02-02 14:40:00+00:00,7.4,1.8,6.4,520
USGS-01649190,2024-02-02 14:45:00+00:00,7.4,1.9,6.4,520
USGS-01649190,2024-02-02 14:50:00+00:00,7.4,1.8,6.4,520
USGS-01649190,2024-02-02 14:55:00+00:00,7.4,1.8,6.4,520
USGS-01649190,2024-02-02 15:00:00+00:00,7.4,1.8,6.4,519
USGS-01649190,2024-02-02 15:05:00+00:00,7.5,1.8,6.4,519
USGS-01649190,2024-02-02 15:10:00+00:00,7.5,1.8,6.5,519
USGS-01649190,2024-02-02 15:15:00+00:00,7.5,1.9,6.5,519
USGS-01649190,2024-02-02 15:20:00+00:00,7.5,1.8,6.5,519
USGS-01649190,2024-02-02 15:25:00+00:00,7.5,1.8,6.5,519
USGS-01649190,2024-02-02 15:30:00+00:00,7.5,1.8,6.5,519
USGS-01649190,2024-02-02 15:35:00+00:00,7.5,1.8,6.5,519
USGS-01649190,2024-02-02 15:40:00+00:00,7.5,1.8,6.6,519
USGS-01649190,2024-02-02 15:45:00+00:00,7.5,1.8,6.6,519
USGS-01649190,2024-02-02 15:50:00+00:00,7.5,1.9,6.6,518
USGS-01649190,2024-02-02 15:55:00+00:00,7.5,1.8,6.6,518
USGS-01649190,2024-02-02 16:00:00+00:00,7.5,1.7,6.6,518
USGS-01649190,2024-02-02 16:05:00+00:00,7.5,1.8,6.6,518
USGS-01649190,2024-02-02 16:10:00+00:00,7.5,1.7,6.6,518
USGS-01649190,2024-02-02 16:15:00+00:00,7.5,1.8,6.6,518
USGS-01649190,2024-02-02 16:20:00+00:00,7.5,1.8,6.6,518
USGS-01649190,2024-02-02 16:25:00+00:00,7.5,1.7,6.6,518
USGS-01649190,2024-02-02 16:30:00+00:00,7.5,1.8,6.6,518
USGS-01649190,2024-02-02 16:35:00+00:00,7.5,1.7,6.6,518
USGS-01649190,2024-02-02 16:40:00+00:00,7.5,1.8,6.7,518
USGS-01649190,2024-02-02 16:45:00+00:00,7.5,1.8,6.7,518
USGS-01649190,2024-02-02 16:50:00+00:00,7.5,1.8,6.7,517
USGS-01649190,2024-02-02 16:55:00+00:00,7.5,1.8,6.7,517
USGS-01649190,2024-02-02 17:00:00+00:00,7.5,1.8,6.8,517
USGS-01649190,2024-02-02 17:05:00+00:00,7.5,1.8,6.8,517
USGS-01649190,2024-02-02 17:10:00+00:00,7.5,1.7,6.8,517
USGS-01649190,2024-02-02 17:15:00+00:00,7.5,1.7,6.8,517
USGS-01649190,2024-02-02 17:20:00+00:00,7.5,1.7,6.9,517
USGS-01649190,2024-02-02 17:25:00+00:00,7.5,1.8,6.9,517
USGS-01649190,2024-02-02 17:30:00+00:00,7.5,1.8,6.9,517
USGS-01649190,2024-02-02 17:35:00+00:00,7.5,1.8,6.9,517
USGS-01649190,2024-02-02 17:40:00+00:00,7.5,1.7,6.9,517
USGS-01649190,2024-02-02 17:45:00+00:00,7.5,1.7,7.0,516
USGS-01649190,2024-02-02 17:50:00+00:00,7.5,1.7,7.0,516
USGS-01649190,2024-02-02 17:55:00+00:00,7.5,1.7,7.0,516
USGS-01649190,2024-02-02 18:00:00+00:00,7.5,1.7,7.0,516
USGS-01649190,2024-02-02 18:05:00+00:00,7.5,1.8,7.0,516
USGS-01649190,2024-02-02 18:10:00+00:00,7.5,1.8,7.0,516
USGS-01649190,2024-02-02 18:15:00+00:00,7.5,1.7,7.1,516
USGS-01649190,2024-02-02 18:20:00+00:00,7.5,1.7,7.1,516
USGS-01649190,2024-02-02 18:25:00+00:00,7.5,1.7,7.1,516
USGS-01649190,2024-02-02 18:30:00+00:00,7.5,1.7,7.1,516
USGS-01649190,2024-02-02 18:35:00+00:00,7.5,1.7,7.1,516
USGS-01649190,2024-02-02 18:40:00+00:00,7.5,1.7,7.2,516
USGS-01649190,2024-02-02 18:45:00+00:00,7.5,1.8,7.2,516
USGS-01649190,2024-02-02 18:50:00+00:00,7.5,1.7,7.2,515
USGS-01649190,2024-02-02 18:55:00+00:00,7.5,1.8,7.2,516
USGS-01649190,2024-02-02 19:00:00+00:00,7.5,1.7,7.2,515
USGS-01649190,2024-02-02 19:05:00+00:00,7.5,1.7,7.2,515
USGS-01649190,2024-02-02 19:10:00+00:00,7.5,1.6,7.3,515
USGS-01649190,2024-02-02 19:15:00+00:00,7.5,1.7,7.3,515
USGS-01649190,2024-02-02 19:20:00+00:00,7.5,1.7,7.3,515
USGS-01649190,2024-02-02 19:25:00+00:00,7.5,1.7,7.3,515
USGS-01649190,2024-02-02 19:30:00+00:00,7.5,1.8,7.3,515
USGS-01649190,2024-02-02 19:35:00+00:00,7.5,1.6,7.3,515
USGS-01649190,2024-02-02 19:40:00+00:00,7.5,1.6,7.3,515
USGS-01649190,2024-02-02 19:45:00+00:00,7.5,1.7,7.4,515
USGS-01649190,2024-02-02 19:50:00+00:00,7.5,1.7,7.4,515
USGS-01649190,2024-02-02 19:55:00+00:00,7.5,1.7,7.4,515
USGS-01649190,2024-02-02 20:00:00+00:00,7.5,1.7,7.4,515
USGS-01649190,2024-02-02 20:05:00+00:00,7.5,1.6,7.4,514
USGS-01649190,2024-02-02 20:10:00+00:00,7.5,1.7,7.4,514
USGS-01649190,2024-02-02 20:15:00+00:00,7.5,1.7,7.4,514
USGS-01649190,2024-02-02 20:20:00+00:00,7.5,1.7,7.4,514
USGS-01649190,2024-02-02 20:25:00+00:00,7.5,1.7,7.4,514
USGS-01649190,2024-02-02 20:30:00+00:00,7.5,1.7,7.4,514
USGS-01649190,2024-02-02 20:35:00+00:00,7.5,1.7,7.4,514
USGS-01649190,2024-02-02 20:40:00+00:00,7.5,1.7,7.4,514
USGS-01649190,2024-02-02 20:45:00+00:00,7.6,1.7,7.5,514
USGS-01649190,2024-02-02 20:50:00+00:00,7.6,1.7,7.4,514
USGS-01649190,2024-02-02 20:55:00+00:00,7.6,1.7,7.4,514
USGS-01649190,2024-02-02 21:00:00+00:00,7.6,1.7,7.5,514
USGS-01649190,2024-02-02 21:05:00+00:00,7.6,1.7,7.4,514
USGS-01649190,2024-02-02 21:10:00+00:00,7.6,1.7,7.5,514
USGS-01649190,2024-02-02 21:15:00+00:00,7.6,1.7,7.5,514
USGS-01649190,2024-02-02 21:20:00+00:00,7.6,1.7,7.5,514
USGS-01649190,2024-02-02 21:25:00+00:00,7.6,1.7,7.5,514
USGS-01649190,2024-02-02 21:30:00+00:00,7.6,1.7,7.5,514
USGS-01649190,2024-02-02 21:35:00+00:00,7.6,1.7,7.5,513
USGS-01649190,2024-02-02 21:40:00+00:00,7.6,1.7,7.5,513
USGS-01649190,2024-02-02 21:45:00+00:00,7.6,1.7,7.4,513
USGS-01649190,2024-02-02 21:50:00+00:00,7.5,1.7,7.4,513
USGS-01649190,2024-02-02 21:55:00+00:00,7.5,1.8,7.4,513
USGS-01649190,2024-02-02 22:00:00+00:00,7.5,1.8,7.4,513
USGS-01649190,2024-02-02 22:05:00+00:00,7.5,1.7,7.4,513
USGS-01649190,2024-02-02 22:10:00+00:00,7.5,1.7,7.4,513
USGS-01649190,2024-02-02 22:15:00+00:00,7.5,1.7,7.4,513
USGS-01649190,2024-02-02 22:20:00+00:00,7.5,1.8,7.4,513
USGS-01649190,2024-02-02 22:25:00+00:00,7.5,1.7,7.4,513
USGS-01649190,2024-02-02 22:30:00+00:00,7.5,1.8,7.4,513
USGS-01649190,2024-02-02 22:35:00+00:00,7.5,1.8,7.4,513
USGS-01649190,2024-02-02 22:40:00+00:00,7.5,1.8,7.4,513
USGS-01649190,2024-02-02 22:45:00+00:00,7.5,1.7,7.4,513
USGS-01649190,2024-02-02 22:50:00+00:00,7.5,1.8,7.4,513
USGS-01649190,2024-02-02 22:55:00+00:00,7.5,1.9,7.4,513
USGS-01649190,2024-02-02 23:00:00+00:00,7.5,2.2,7.4,513
USGS-01649190,2024-02-02 23:05:00+00:00,7.5,2.2,7.3,513
USGS-01649190,2024-02-02 23:10:00+00:00,7.5,2.0,7.3,513
USGS-01649190,2024-02-02 23:15:00+00:00,7.5,2.0,7.3,513
USGS-01649190,2024-02-02 23:20:00+00:00,7.5,2.1,7.3,513
USGS-01649190,2024-02-02 23:25:00+00:00,7.5,2.0,7.3,513
USGS-01649190,2024-02-02 23:30:00+00:00,7.5,2.1,7.3,513
USGS-01649190,2024-02-02 23:35:00+00:00,7.5,2.0,7.3,513
USGS-01649190,2024-02-02 23:40:00+00:00,7.5,2.0,7.3,513
USGS-01649190,2024-02-02 23:45:00+00:00,7.5,2.0,7.3,513
USGS-01649190,2024-02-02 23:50:00+00:00,7.5,2.0,7.3,513
USGS-01649190,2024-02-02 23:55:00+00:00,7.5,2.0,7.2,513
USGS-01649190,2024-02-03 00:00:00+00:00,7.5,2.0,7.2,513
USGS-01649190,2024-02-03 00:05:00+00:00,7.5,2.0,7.2,513
USGS-01649190,2024-02-03 00:10:00+00:00,7.5,1.9,7.2,512
USGS-01649190,2024-02-03 00:15:00+00:00,7.5,1.9,7.2,513
USGS-01649190,2024-02-03 00:20:00+00:00,7.5,1.8,7.2,513
USGS-01649190,2024-02-03 00:25:00+00:00,7.5,1.8,7.2,513
USGS-01649190,2024-02-03 00:30:00+00:00,7.5,2.0,7.2,513
USGS-01649190,2024-02-03 00:35:00+00:00,7.5,2.1,7.2,513
USGS-01649190,2024-02-03 00:40:00+00:00,7.5,2.1,7.2,513
USGS-01649190,2024-02-03 00:45:00+00:00,7.5,2.1,7.2,513
USGS-01649190,2024-02-03 00:50:00+00:00,7.5,2.0,7.2,512
USGS-01649190,2024-02-03 00:55:00+00:00,7.5,1.8,7.2,512
USGS-01649190,2024-02-03 01:00:00+00:00,7.5,2.0,7.1,512
USGS-01649190,2024-02-03 01:05:00+00:00,7.5,2.0,7.1,512
USGS-01649190,2024-02-03 01:10:00+00:00,7.5,1.8,7.1,512
USGS-01649190,2024-02-03 01:15:00+00:00,7.5,1.8,7.1,512
USGS-01649190,2024-02-03 01:20:00+00:00,7.5,1.8,7.1,512
USGS-01649190,2024-02-03 01:25:00+00:00,7.5,1.8,7.1,512
USGS-01649190,2024-02-03 01:30:00+00:00,7.5,1.8,7.1,512
USGS-01649190,2024-02-03 01:35:00+00:00,7.5,1.7,7.1,512
USGS-01649190,2024-02-03 01:40:00+00:00,7.5,1.8,7.1,512
USGS-01649190,2024-02-03 01:45:00+00:00,7.5,1.7,7.1,512
USGS-01649190,2024-02-03 01:50:00+00:00,7.5,1.7,7.0,512
USGS-01649190,2024-02-03 01:55:00+00:00,7.5,1.7,7.0,512
USGS-01649190,2024-02-03 02:00:00+00:00,7.5,1.7,7.0,512
USGS-01649190,2024-02-03 02:05:00+00:00,7.5,1.7,7.0,512
USGS-01649190,2024-02-03 02:10:00+00:00,7.5,1.8,7.0,512
USGS-01649190,2024-02-03 02:15:00+00:00,7.5,1.7,7.0,512
USGS-01649190,2024-02-03 02:20:00+00:00,7.5,1.8,7.0,512
USGS-01649190,2024-02-03 02:25:00+00:00,7.5,1.8,7.0,512
USGS-01649190,2024-02-03 02:30:00+00:00,7.5,1.8,7.0,512
USGS-01649190,2024-02-03 02:35:00+00:00,7.5,1.8,7.0,512
USGS-01649190,2024-02-03 02:40:00+00:00,7.5,1.8,6.9,512
USGS-01649190,2024-02-03 02:45:00+00:00,7.5,1.8,6.9,512
USGS-01649190,2024-02-03 02:50:00+00:00,7.5,1.8,6.9,512
USGS-01649190,2024-02-03 02:55:00+00:00,7.5,1.8,6.9,512
USGS-01649190,2024-02-03 03:00:00+00:00,7.5,1.8,6.9,512
USGS-01649190,2024-02-03 03:05:00+00:00,7.5,1.9,6.9,512
USGS-01649190,2024-02-03 03:10:00+00:00,7.5,2.1,6.9,512
USGS-01649190,2024-02-03 03:15:00+00:00,7.5,1.9,6.9,512
USGS-01649190,2024-02-03 03:20:00+00:00,7.5,1.8,6.9,512
USGS-01649190,2024-02-03 03:25:00+00:00,7.5,1.8,6.9,512
USGS-01649190,2024-02-03 03:30:00+00:00,7.5,1.8,6.9,512
USGS-01649190,2024-02-03 03:35:00+00:00,7.5,1.7,6.8,512
USGS-01649190,2024-02-03 03:40:00+00:00,7.5,1.9,6.8,512
USGS-01649190,2024-02-03 03:45:00+00:00,7.5,1.7,6.8,512
USGS-01649190,2024-02-03 03:50:00+00:00,7.5,1.7,6.8,512
USGS-01649190,2024-02-03 03:55:00+00:00,7.5,1.7,6.8,512
USGS-01649190,2024-02-03 04:00:00+00:00,7.5,1.7,6.8,512
USGS-01649190,2024-02-03 04:05:00+00:00,7.5,1.8,6.8,512
USGS-01649190,2024-02-03 04:10:00+00:00,7.5,1.8,6.8,512
USGS-01649190,2024-02-03 04:15:00+00:00,7.5,1.8,6.7,512
USGS-01649190,2024-02-03 04:20:00+00:00,7.5,1.7,6.7,512
USGS-01649190,2024-02-03 04:25:00+00:00,7.5,1.8,6.7,512
USGS-01649190,2024-02-03 04:30:00+00:00,7.5,1.8,6.7,512
USGS-01649190,2024-02-03 04:35:00+00:00,7.5,1.8,6.7,512
USGS-01649190,2024-02-03 04:40:00+00:00,7.5,1.8,6.7,512
USGS-01649190,2024-02-03 04:45:00+00:00,7.5,1.8,6.7,512
USGS-01649190,2024-02-03 04:50:00+00:00,7.5,1.8,6.6,512
USGS-01649190,2024-02-03 04:55:00+00:00,7.5,1.8,6.6,512
USGS-01649190,2024-02-03 05:00:00+00:00,7.5,1.8,6.6,511
USGS-01649190,2024-02-03 05:05:00+00:00,7.5,1.8,6.6,511
USGS-01649190,2024-02-03 05:10:00+00:00,7.5,1.8,6.6,511
USGS-01649190,2024-02-03 05:15:00+00:00,7.5,1.8,6.6,511
USGS-01649190,2024-02-03 05:20:00+00:00,7.5,1.8,6.6,511
USGS-01649190,2024-02-03 05:25:00+00:00,7.5,1.7,6.5,511
USGS-01649190,2024-02-03 05:30:00+00:00,7.5,1.7,6.5,511
USGS-01649190,2024-02-03 05:35:00+00:00,7.5,1.7,6.5,511
USGS-01649190,2024-02-03 05:40:00+00:00,7.5,1.7,6.5,511
USGS-01649190,2024-02-03 05:45:00+00:00,7.5,1.8,6.5,511
USGS-01649190,2024-02-03 05:50:00+00:00,7.5,1.7,6.5,511
USGS-01649190,2024-02-03 05:55:00+00:00,7.5,1.7,6.4,511
USGS-01649190,2024-02-03 06:00:00+00:00,7.5,1.7,6.4,511
USGS-01649190,2024-02-03 06:05:00+00:00,7.5,1.7,6.4,511
USGS-01649190,2024-02-03 06:10:00+00:00,7.5,1.7,6.4,511
USGS-01649190,2024-02-03 06:15:00+00:00,7.5,1.7,6.4,511
USGS-01649190,2024-02-03 06:20:00+00:00,7.5,1.7,6.4,511
USGS-01649190,2024-02-03 06:25:00+00:00,7.5,1.7,6.4,511
USGS-01649190,2024-02-03 06:30:00+00:00,7.5,1.7,6.3,511
USGS-01649190,2024-02-03 06:35:00+00:00,7.5,1.7,6.3,511
USGS-01649190,2024-02-03 06:40:00+00:00,7.5,1.6,6.3,511
USGS-01649190,2024-02-03 06:45:00+00:00,7.5,1.7,6.3,511
USGS-01649190,2024-02-03 06:50:00+00:00,7.5,1.7,6.3,511
USGS-01649190,2024-02-03 06:55:00+00:00,7.5,1.7,6.3,511
USGS-01649190,2024-02-03 07:00:00+00:00,7.5,1.7,6.2,511
USGS-01649190,2024-02-03 07:05:00+00:00,7.5,1.7,6.2,511
USGS-01649190,2024-02-03 07:10:00+00:00,7.5,1.7,6.2,511
USGS-01649190,2024-02-03 07:15:00+00:00,7.5,1.6,6.2,511
USGS-01649190,2024-02-03 07:20:00+00:00,7.5,1.7,6.2,511
USGS-01649190,2024-02-03 07:25:00+00:00,7.5,1.8,6.2,511
USGS-01649190,2024-02-03 07:30:00+00:00,7.5,1.7,6.1,511
USGS-01649190,2024-02-03 07:35:00+00:00,7.5,1.6,6.1,511
USGS-01649190,2024-02-03 07:40:00+00:00,7.5,1.6,6.1,511
USGS-01649190,2024-02-03 07:45:00+00:00,7.5,1.7,6.1,511
USGS-01649190,2024-02-03 07:50:00+00:00,7.5,1.7,6.1,511
USGS-01649190,2024-02-03 07:55:00+00:00,7.5,1.7,6.0,511
USGS-01649190,2024-02-03 08:00:00+00:00,7.5,1.7,6.0,511
USGS-01649190,2024-02-03 08:05:00+00:00,7.5,1.8,6.0,511
USGS-01649190,2024-02-03 08:10:00+00:00,7.5,1.8,6.0,511
USGS-01649190,2024-02-03 08:15:00+00:00,7.5,1.7,6.0,511
USGS-01649190,2024-02-03 08:20:00+00:00,7.5,1.8,6.0,511
USGS-01649190,2024-02-03 08:25:00+00:00,7.5,1.7,6.0,511
USGS-01649190,2024-02-03 08:30:00+00:00,7.5,1.7,5.9,511
USGS-01649190,2024-02-03 08:35:00+00:00,7.5,1.7,5.9,511
USGS-01649190,2024-02-03 08:40:00+00:00,7.5,1.8,5.9,511
USGS-01649190,2024-02-03 08:45:00+00:00,7.5,1.8,5.9,511
USGS-01649190,2024-02-03 08:50:00+00:00,7.5,2.2,5.9,511
USGS-01649190,2024-02-03 08:55:00+00:00,7.5,1.9,5.9,511
USGS-01649190,2024-02-03 09:00:00+00:00,7.5,2.2,5.9,511
USGS-01649190,2024-02-03 09:05:00+00:00,7.5,2.1,5.8,511
USGS-01649190,2024-02-03 09:10:00+00:00,7.5,2.3,5.8,511
USGS-01649190,2024-02-03 09:15:00+00:00,7.5,2.2,5.8,511
USGS-01649190,2024-02-03 09:20:00+00:00,7.5,2.2,5.8,511
USGS-01649190,2024-02-03 09:25:00+00:00,7.5,2.1,5.8,511
USGS-01649190,2024-02-03 09:30:00+00:00,7.5,2.1,5.7,511
USGS-01649190,2024-02-03 09:35:00+00:00,7.5,2.0,5.7,511
USGS-01649190,2024-02-03 09:40:00+00:00,7.5,2.0,5.7,511
USGS-01649190,2024-02-03 09:45:00+00:00,7.5,2.4,5.7,511
USGS-01649190,2024-02-03 09:50:00+00:00,7.5,2.8,5.7,511
USGS-01649190,2024-02-03 09:55:00+00:00,7.5,2.5,5.7,511
USGS-01649190,2024-02-03 10:00:00+00:00,7.5,2.8,5.7,511
USGS-01649190,2024-02-03 10:05:00+00:00,7.5,2.4,5.6,511
USGS-01649190,2024-02-03 10:10:00+00:00,7.5,2.5,5.6,511
USGS-01649190,2024-02-03 10:15:00+00:00,7.5,2.0,5.6,511
USGS-01649190,2024-02-03 10:20:00+00:00,7.5,2.3,5.6,511
USGS-01649190,2024-02-03 10:25:00+00:00,7.5,2.2,5.6,511
USGS-01649190,2024-02-03 10:30:00+00:00,7.5,2.0,5.5,511
USGS-01649190,2024-02-03 10:35:00+00:00,7.5,2.1,5.5,511
USGS-01649190,2024-02-03 10:40:00+00:00,7.5,2.1,5.5,511
USGS-01649190,2024-02-03 10:45:00+00:00,7.5,2.0,5.5,511
USGS-01649190,2024-02-03 10:50:00+00:00,7.5,2.0,5.5,511
USGS-01649190,2024-02-03 10:55:00+00:00,7.5,2.0,5.5,511
USGS-01649190,2024-02-03 11:00:00+00:00,7.5,2.0,5.4,511
USGS-01649190,2024-02-03 11:05:00+00:00,7.5,1.9,5.4,511
USGS-01649190,2024-02-03 11:10:00+00:00,7.5,1.9,5.4,511
USGS-01649190,2024-02-03 11:15:00+00:00,7.5,1.8,5.4,511
USGS-01649190,2024-02-03 11:20:00+00:00,7.5,1.9,5.4,511
USGS-01649190,2024-02-03 11:25:00+00:00,7.5,1.8,5.4,511
USGS-01649190,2024-02-03 11:30:00+00:00,7.5,1.9,5.3,510
USGS-01649190,2024-02-03 11:35:00+00:00,7.5,1.8,5.3,510
USGS-01649190,2024-02-03 11:40:00+00:00,7.5,1.8,5.3,510
USGS-01649190,2024-02-03 11:45:00+00:00,7.5,1.8,5.3,510
USGS-01649190,2024-02-03 11:50:00+00:00,7.5,1.8,5.3,510
USGS-01649190,2024-02-03 11:55:00+00:00,7.5,1.9,5.3,510
USGS-01649190,2024-02-03 12:00:00+00:00,7.5,1.8,5.2,510
USGS-01649190,2024-02-03 12:05:00+00:00,7.5,1.8,5.2,510
USGS-01649190,2024-02-03 12:10:00+00:00,7.5,1.8,5.2,510
USGS-01649190,2024-02-03 12:15:00+00:00,7.5,1.8,5.2,510
USGS-01649190,2024-02-03 12:20:00+00:00,7.5,1.8,5.2,510
USGS-01649190,2024-02-03 12:25:00+00:00,7.5,1.8,5.2,510
USGS-01649190,2024-02-03 12:30:00+00:00,7.5,1.8,5.2,510
USGS-01649190,2024-02-03 12:35:00+00:00,7.5,1.8,5.1,510
USGS-01649190,2024-02-03 12:40:00+00:00,7.5,1.8,5.1,510
USGS-01649190,2024-02-03 12:45:00+00:00,7.5,1.7,5.1,510
USGS-01649190,2024-02-03 12:50:00+00:00,7.5,1.8,5.1,510
USGS-01649190,2024-02-03 12:55:00+00:00,7.5,1.8,5.1,510
USGS-01649190,2024-02-03 13:00:00+00:00,7.5,1.7,5.1,510
USGS-01649190,2024-02-03 13:05:00+00:00,7.5,1.8,5.1,510
USGS-01649190,2024-02-03 13:10:00+00:00,7.5,1.8,5.0,510
USGS-01649190,2024-02-03 13:15:00+00:00,7.5,1.7,5.0,510
USGS-01649190,2024-02-03 13:20:00+00:00,7.5,1.8,5.0,510
USGS-01649190,2024-02-03 13:25:00+00:00,7.5,1.8,5.0,510
USGS-01649190,2024-02-03 13:30:00+00:00,7.5,1.7,5.0,510
USGS-01649190,2024-02-03 13:35:00+00:00,7.5,1.9,5.0,510
USGS-01649190,2024-02-03 13:40:00+00:00,7.5,1.9,5.0,510
USGS-01649190,2024-02-03 13:45:00+00:00,7.5,1.7,5.0,510
USGS-01649190,2024-02-03 13:50:00+00:00,7.5,1.8,5.0,510
USGS-01649190,2024-02-03 13:55:00+00:00,7.5,1.8,5.0,510
USGS-01649190,2024-02-03 14:00:00+00:00,7.5,1.8,5.0,510
USGS-01649190,2024-02-03 14:05:00+00:00,7.5,1.8,5.0,510
USGS-01649190,2024-02-03 14:10:00+00:00,7.5,1.8,5.0,510
USGS-01649190,2024-02-03 14:15:00+00:00,7.5,1.8,5.0,510
USGS-01649190,2024-02-03 14:20:00+00:00,7.5,1.7,5.0,510
USGS-01649190,2024-02-03 14:25:00+00:00,7.5,1.7,5.0,509
USGS-01649190,2024-02-03 14:30:00+00:00,7.5,1.8,5.0,510
USGS-01649190,2024-02-03 14:35:00+00:00,7.5,1.7,5.0,510
USGS-01649190,2024-02-03 14:40:00+00:00,7.5,1.7,5.0,509
USGS-01649190,2024-02-03 14:45:00+00:00,7.5,1.8,5.0,509
USGS-01649190,2024-02-03 14:50:00+00:00,7.5,1.8,5.0,509
USGS-01649190,2024-02-03 14:55:00+00:00,7.5,1.8,5.0,509
USGS-01649190,2024-02-03 15:00:00+00:00,7.5,1.7,5.0,509
USGS-01649190,2024-02-03 15:05:00+00:00,7.5,1.7,5.1,509
USGS-01649190,2024-02-03 15:10:00+00:00,7.5,1.7,5.1,509
USGS-01649190,2024-02-03 15:15:00+00:00,7.5,1.7,5.1,509
USGS-01649190,2024-02-03 15:20:00+00:00,7.5,1.7,5.1,509
USGS-01649190,2024-02-03 15:25:00+00:00,7.5,1.7,5.1,509
USGS-01649190,2024-02-03 15:30:00+00:00,7.5,1.7,5.1,509
USGS-01649190,2024-02-03 15:35:00+00:00,7.5,1.6,5.2,509
USGS-01649190,2024-02-03 15:40:00+00:00,7.5,1.7,5.2,509
USGS-01649190,2024-02-03 15:45:00+00:00,7.5,1.7,5.2,509
USGS-01649190,2024-02-03 15:50:00+00:00,7.5,1.6,5.2,508
USGS-01649190,2024-02-03 15:55:00+00:00,7.5,1.6,5.2,508
USGS-01649190,2024-02-03 16:00:00+00:00,7.5,1.7,5.3,508
USGS-01649190,2024-02-03 16:05:00+00:00,7.5,1.6,5.3,508
USGS-01649190,2024-02-03 16:10:00+00:00,7.5,1.7,5.3,508
USGS-01649190,2024-02-03 16:15:00+00:00,7.5,1.7,5.3,508
USGS-01649190,2024-02-03 16:20:00+00:00,7.5,1.7,5.4,508
USGS-01649190,2024-02-03 16:25:00+00:00,7.5,1.7,5.4,508
USGS-01649190,2024-02-03 16:30:00+00:00,7.5,1.6,5.4,508
USGS-01649190,2024-02-03 16:35:00+00:00,7.5,1.6,5.5,508
USGS-01649190,2024-02-03 16:40:00+00:00,7.5,1.6,5.5,508
USGS-01649190,2024-02-03 16:45:00+00:00,7.5,1.6,5.5,508
USGS-01649190,2024-02-03 16:50:00+00:00,7.5,1.6,5.5,507
USGS-01649190,2024-02-03 16:55:00+00:00,7.5,1.6,5.6,507
USGS-01649190,2024-02-03 17:00:00+00:00,7.5,1.6,5.6,507
USGS-01649190,2024-02-03 17:05:00+00:00,7.5,1.6,5.6,507
USGS-01649190,2024-02-03 17:10:00+00:00,7.5,1.6,5.7,507
USGS-01649190,2024-02-03 17:15:00+00:00,7.5,1.7,5.7,507
USGS-01649190,2024-02-03 17:20:00+00:00,7.5,1.6,5.7,507
USGS-01649190,2024-02-03 17:25:00+00:00,7.5,1.6,5.7,507
USGS-01649190,2024-02-03 17:30:00+00:00,7.5,1.6,5.8,507
USGS-01649190,2024-02-03 17:35:00+00:00,7.5,1.6,5.8,507
USGS-01649190,2024-02-03 17:40:00+00:00,7.5,1.6,5.8,507
USGS-01649190,2024-02-03 17:45:00+00:00,7.5,1.6,5.9,506
USGS-01649190,2024-02-03 17:50:00+00:00,7.5,1.6,5.9,506
USGS-01649190,2024-02-03 17:55:00+00:00,7.5,1.6,5.9,506
USGS-01649190,2024-02-03 18:00:00+00:00,7.5,1.6,5.9,506
USGS-01649190,2024-02-03 18:05:00+00:00,7.5,1.6,6.0,506
USGS-01649190,2024-02-03 18:10:00+00:00,7.5,1.7,6.0,506
USGS-01649190,2024-02-03 18:15:00+00:00,7.5,1.7,6.0,506
USGS-01649190,2024-02-03 18:20:00+00:00,7.5,1.6,6.1,506
USGS-01649190,2024-02-03 18:25:00+00:00,7.5,1.6,6.1,506
USGS-01649190,2024-02-03 18:30:00+00:00,7.5,1.6,6.1,506
USGS-01649190,2024-02-03 18:35:00+00:00,7.5,1.6,6.1,506
USGS-01649190,2024-02-03 18:40:00+00:00,7.5,1.6,6.1,506
USGS-01649190,2024-02-03 18:45:00+00:00,7.5,1.6,6.2,506
USGS-01649190,2024-02-03 18:50:00+00:00,7.5,1.6,6.2,506
USGS-01649190,2024-02-03 18:55:00+00:00,7.5,1.5,6.2,505
USGS-01649190,2024-02-03 19:00:00+00:00,7.5,1.6,6.2,505
USGS-01649190,2024-02-03 19:05:00+00:00,7.5,1.6,6.2,505
USGS-01649190,2024-02-03 19:10:00+00:00,7.5,1.6,6.2,505
USGS-01649190,2024-02-03 19:15:00+00:00,7.5,1.6,6.3,505
USGS-01649190,2024-02-03 19:20:00+00:00,7.5,1.6,6.3,505
USGS-01649190,2024-02-03 19:25:00+00:00,7.5,1.5,6.3,505
USGS-01649190,2024-02-03 19:30:00+00:00,7.5,1.6,6.3,505
USGS-01649190,2024-02-03 19:35:00+00:00,7.5,1.5,6.3,505
USGS-01649190,2024-02-03 19:40:00+00:00,7.5,1.5,6.3,505
USGS-01649190,2024-02-03 19:45:00+00:00,7.5,1.5,6.3,505
USGS-01649190,2024-02-03 19:50:00+00:00,7.5,1.6,6.3,505
USGS-01649190,2024-02-03 19:55:00+00:00,7.5,1.6,6.4,505
USGS-01649190,2024-02-03 20:00:00+00:00,7.5,1.5,6.4,505
USGS-01649190,2024-02-03 20:05:00+00:00,7.5,1.5,6.4,505
USGS-01649190,2024-02-03 20:10:00+00:00,7.5,1.5,6.4,505
USGS-01649190,2024-02-03 20:15:00+00:00,7.5,1.5,6.4,505
USGS-01649190,2024-02-03 20:20:00+00:00,7.5,1.6,6.4,505
USGS-01649190,2024-02-03 20:25:00+00:00,7.5,1.5,6.4,504
USGS-01649190,2024-02-03 20:30:00+00:00,7.5,1.4,6.5,504
USGS-01649190,2024-02-03 20:35:00+00:00,7.5,1.4,6.5,504
USGS-01649190,2024-02-03 20:40:00+00:00,7.5,1.5,6.5,504
USGS-01649190,2024-02-03 20:45:00+00:00,7.5,1.5,6.5,504
USGS-01649190,2024-02-03 20:50:00+00:00,7.5,1.5,6.5,504
USGS-01649190,2024-02-03 20:55:00+00:00,7.5,1.5,6.5,504
USGS-01649190,2024-02-03 21:00:00+00:00,7.5,1.5,6.5,504
USGS-01649190,2024-02-03 21:05:00+00:00,7.5,1.5,6.6,504
USGS-01649190,2024-02-03 21:10:00+00:00,7.5,1.4,6.5,504
USGS-01649190,2024-02-03 21:15:00+00:00,7.5,1.5,6.6,504
USGS-01649190,2024-02-03 21:20:00+00:00,7.5,1.5,6.6,504
USGS-01649190,2024-02-03 21:25:00+00:00,7.5,1.5,6.6,504
USGS-01649190,2024-02-03 21:30:00+00:00,7.5,1.5,6.6,504
USGS-01649190,2024-02-03 21:35:00+00:00,7.5,1.5,6.6,504
USGS-01649190,2024-02-03 21:40:00+00:00,7.5,1.5,6.6,504
USGS-01649190,2024-02-03 21:45:00+00:00,7.5,1.5,6.6,504
USGS-01649190,2024-02-03 21:50:00+00:00,7.5,1.5,6.6,504
USGS-01649190,2024-02-03 21:55:00+00:00,7.5,1.5,6.7,503
USGS-01649190,2024-02-03 22:00:00+00:00,7.5,1.5,6.7,504
USGS-01649190,2024-02-03 22:05:00+00:00,7.5,1.5,6.6,504
USGS-01649190,2024-02-03 22:10:00+00:00,7.5,1.5,6.7,503
USGS-01649190,2024-02-03 22:15:00+00:00,7.5,1.5,6.7,503
USGS-01649190,2024-02-03 22:20:00+00:00,7.5,1.5,6.6,503
USGS-01649190,2024-02-03 22:25:00+00:00,7.5,1.5,6.6,503
USGS-01649190,2024-02-03 22:30:00+00:00,7.5,1.5,6.6,503
USGS-01649190,2024-02-03 22:35:00+00:00,7.5,1.4,6.6,503
USGS-01649190,2024-02-03 22:40:00+00:00,7.5,1.5,6.6,503
USGS-01649190,2024-02-03 22:45:00+00:00,7.5,1.5,6.6,503
USGS-01649190,2024-02-03 22:50:00+00:00,7.5,1.4,6.6,503
USGS-01649190,2024-02-03 22:55:00+00:00,7.5,1.5,6.6,503
USGS-01649190,2024-02-03 23:00:00+00:00,7.5,1.5,6.5,503
USGS-01649190,2024-02-03 23:05:00+00:00,7.5,1.6,6.5,503
USGS-01649190,2024-02-03 23:10:00+00:00,7.5,1.7,6.5,503
USGS-01649190,2024-02-03 23:15:00+00:00,7.5,2.1,6.5,503
USGS-01649190,2024-02-03 23:20:00+00:00,7.5,1.7,6.5,503
USGS-01649190,2024-02-03 23:25:00+00:00,7.5,1.8,6.5,503
USGS-01649190,2024-02-03 23:30:00+00:00,7.5,1.8,6.4,503
USGS-01649190,2024-02-03 23:35:00+00:00,7.5,1.7,6.4,503
USGS-01649190,2024-02-03 23:40:00+00:00,7.5,1.7,6.4,503
USGS-01649190,2024-02-03 23:45:00+00:00,7.5,1.7,6.4,503
USGS-01649190,2024-02-03 23:50:00+00:00,7.5,1.7,6.3,503
USGS-01649190,2024-02-03 23:55:00+00:00,7.5,1.6,6.3,503
USGS-01649190,2024-02-04 00:00:00+00:00,7.5,1.7,6.3,503
USGS-01649190,2024-02-04 00:05:00+00:00,7.5,1.6,6.3,502
USGS-01649190,2024-02-04 00:10:00+00:00,7.5,1.6,6.2,503
USGS-01649190,2024-02-04 00:15:00+00:00,7.5,1.6,6.2,503
USGS-01649190,2024-02-04 00:20:00+00:00,7.5,1.6,6.2,503
USGS-01649190,2024-02-04 00:25:00+00:00,7.5,1.6,6.2,502
USGS-01649190,2024-02-04 00:30:00+00:00,7.5,1.6,6.1,502
USGS-01649190,2024-02-04 00:35:00+00:00,7.5,1.6,6.1,503
USGS-01649190,2024-02-04 00:40:00+00:00,7.5,1.5,6.1,502
USGS-01649190,2024-02-04 00:45:00+00:00,7.5,1.7,6.1,502
USGS-01649190,2024-02-04 00:50:00+00:00,7.5,1.6,6.1,503
USGS-01649190,2024-02-04 00:55:00+00:00,7.5,1.5,6.0,502
USGS-01649190,2024-02-04 01:00:00+00:00,7.5,1.6,6.0,502
USGS-01649190,2024-02-04 01:05:00+00:00,7.5,1.6,6.0,502
USGS-01649190,2024-02-04 01:10:00+00:00,7.5,1.5,6.0,502
USGS-01649190,2024-02-04 01:15:00+00:00,7.5,1.6,5.9,502
USGS-01649190,2024-02-04 01:20:00+00:00,7.5,1.6,6.0,502
USGS-01649190,2024-02-04 01:25:00+00:00,7.5,1.6,5.9,502
USGS-01649190,2024-02-04 01:30:00+00:00,7.5,1.6,5.9,502
USGS-01649190,2024-02-04 01:35:00+00:00,7.5,1.6,5.9,502
USGS-01649190,2024-02-04 01:40:00+00:00,7.5,1.6,5.9,502
USGS-01649190,2024-02-04 01:45:00+00:00,7.5,1.6,5.9,502
USGS-01649190,2024-02-04 01:50:00+00:00,7.5,1.7,5.8,502
USGS-01649190,2024-02-04 01:55:00+00:00,7.5,1.6,5.8,502
USGS-01649190,2024-02-04 02:00:00+00:00,7.5,1.7,5.8,502
USGS-01649190,2024-02-04 02:05:00+00:00,7.5,1.8,5.8,502
USGS-01649190,2024-02-04 02:10:00+00:00,7.5,1.6,5.8,502
USGS-01649190,2024-02-04 02:15:00+00:00,7.5,1.6,5.8,502
USGS-01649190,2024-02-04 02:20:00+00:00,7.5,1.7,5.8,502
USGS-01649190,2024-02-04 02:25:00+00:00,7.5,1.8,5.7,502
USGS-01649190,2024-02-04 02:30:00+00:00,7.5,1.8,5.7,502
USGS-01649190,2024-02-04 02:35:00+00:00,7.5,1.7,5.7,502
USGS-01649190,2024-02-04 02:40:00+00:00,7.5,1.8,5.7,502
USGS-01649190,2024-02-04 02:45:00+00:00,7.5,1.7,5.7,502
USGS-01649190,2024-02-04 02:50:00+00:00,7.5,1.7,5.7,502
USGS-01649190,2024-02-04 02:55:00+00:00,7.5,1.7,5.7,502
USGS-01649190,2024-02-04 03:00:00+00:00,7.5,1.7,5.6,502
USGS-01649190,2024-02-04 03:05:00+00:00,7.5,1.7,5.6,502
USGS-01649190,2024-02-04 03:10:00+00:00,7.5,1.6,5.6,502
USGS-01649190,2024-02-04 03:15:00+00:00,7.5,1.6,5.6,502
USGS-01649190,2024-02-04 03:20:00+00:00,7.5,1.7,5.6,502
USGS-01649190,2024-02-04 03:25:00+00:00,7.5,1.7,5.6,502
USGS-01649190,2024-02-04 03:30:00+00:00,7.5,1.8,5.6,502
USGS-01649190,2024-02-04 03:35:00+00:00,7.5,1.6,5.6,502
USGS-01649190,2024-02-04 03:40:00+00:00,7.5,1.7,5.5,502
USGS-01649190,2024-02-04 03:45:00+00:00,7.5,1.7,5.5,502
USGS-01649190,2024-02-04 03:50:00+00:00,7.5,1.7,5.5,502
USGS-01649190,2024-02-04 03:55:00+00:00,7.5,1.6,5.5,502
USGS-01649190,2024-02-04 04:00:00+00:00,7.5,1.6,5.5,502
USGS-01649190,2024-02-04 04:05:00+00:00,7.5,1.7,5.5,502
USGS-01649190,2024-02-04 04:10:00+00:00,7.5,1.7,5.5,502
USGS-01649190,2024-02-04 04:15:00+00:00,7.5,1.7,5.5,502
USGS-01649190,2024-02-04 04:20:00+00:00,7.5,1.7,5.4,502
USGS-01649190,2024-02-04 04:25:00+00:00,7.5,1.6,5.4,502
USGS-01649190,2024-02-04 04:30:00+00:00,7.5,1.6,5.4,502
USGS-01649190,2024-02-04 04:35:00+00:00,7.5,1.6,5.4,502
USGS-01649190,2024-02-04 04:40:00+00:00,7.5,1.5,5.4,502
USGS-01649190,2024-02-04 04:45:00+00:00,7.5,1.6,5.4,502
USGS-01649190,2024-02-04 04:50:00+00:00,7.5,1.5,5.3,502
USGS-01649190,2024-02-04 04:55:00+00:00,7.5,1.5,5.3,502
USGS-01649190,2024-02-04 05:00:00+00:00,7.5,1.6,5.3,502
USGS-01649190,2024-02-04 05:05:00+00:00,7.5,1.6,5.3,502
USGS-01649190,2024-02-04 05:10:00+00:00,7.5,1.6,5.3,502
USGS-01649190,2024-02-04 05:15:00+00:00,7.5,1.5,5.3,502
USGS-01649190,2024-02-04 05:20:00+00:00,7.5,1.6,5.3,502
USGS-01649190,2024-02-04 05:25:00+00:00,7.5,1.5,5.2,502
USGS-01649190,2024-02-04 05:30:00+00:00,7.4,1.6,5.2,502
USGS-01649190,2024-02-04 05:35:00+00:00,7.4,1.5,5.2,502
USGS-01649190,2024-02-04 05:40:00+00:00,7.4,1.5,5.2,502
USGS-01649190,2024-02-04 05:45:00+00:00,7.4,1.6,5.2,502
USGS-01649190,2024-02-04 05:50:00+00:00,7.4,1.5,5.2,502
USGS-01649190,2024-02-04 05:55:00+00:00,7.4,1.5,5.2,502
USGS-01649190,2024-02-04 06:00:00+00:00,7.4,1.4,5.1,502
USGS-01649190,2024-02-04 06:05:00+00:00,7.4,1.4,5.1,502
USGS-01649190,2024-02-04 06:10:00+00:00,7.4,1.5,5.1,502
USGS-01649190,2024-02-04 06:15:00+00:00,7.4,1.4,5.1,502
USGS-01649190,2024-02-04 06:20:00+00:00,7.4,1.4,5.1,502
USGS-01649190,2024-02-04 06:25:00+00:00,7.4,1.6,5.1,502
USGS-01649190,2024-02-04 06:30:00+00:00,7.4,1.5,5.1,501
USGS-01649190,2024-02-04 06:35:00+00:00,7.4,1.5,5.0,501
USGS-01649190,2024-02-04 06:40:00+00:00,7.4,1.5,5.0,501
USGS-01649190,2024-02-04 06:45:00+00:00,7.4,1.5,5.0,501
USGS-01649190,2024-02-04 06:55:00+00:00,7.4,1.5,5.0,501
USGS-01649190,2024-02-04 07:00:00+00:00,7.4,1.5,5.0,501
USGS-01649190,2024-02-04 07:05:00+00:00,7.4,1.4,4.9,501
USGS-01649190,2024-02-04 07:10:00+00:00,7.4,1.4,4.9,501
USGS-01649190,2024-02-04 07:15:00+00:00,7.4,1.4,4.9,501
USGS-01649190,2024-02-04 07:20:00+00:00,7.4,1.4,4.9,501
USGS-01649190,2024-02-04 07:25:00+00:00,7.4,1.5,4.9,501
USGS-01649190,2024-02-04 07:30:00+00:00,7.4,1.5,4.9,501
USGS-01649190,2024-02-04 07:35:00+00:00,7.4,1.5,4.9,501
USGS-01649190,2024-02-04 07:40:00+00:00,7.4,1.5,4.9,501
USGS-01649190,2024-02-04 07:45:00+00:00,7.4,1.6,4.8,501
USGS-01649190,2024-02-04 07:50:00+00:00,7.4,1.5,4.8,501
USGS-01649190,2024-02-04 07:55:00+00:00,7.4,1.5,4.8,501
USGS-01649190,2024-02-04 08:00:00+00:00,7.4,1.5,4.8,501
USGS-01649190,2024-02-04 08:05:00+00:00,7.4,1.5,4.8,501
USGS-01649190,2024-02-04 08:10:00+00:00,7.4,1.5,4.8,501
USGS-01649190,2024-02-04 08:15:00+00:00,7.4,1.5,4.8,501
USGS-01649190,2024-02-04 08:20:00+00:00,7.4,1.4,4.7,501
USGS-01649190,2024-02-04 08:25:00+00:00,7.4,1.5,4.7,501
USGS-01649190,2024-02-04 08:30:00+00:00,7.4,1.5,4.7,501
USGS-01649190,2024-02-04 08:35:00+00:00,7.4,1.5,4.7,501
USGS-01649190,2024-02-04 08:40:00+00:00,7.4,1.4,4.7,501
USGS-01649190,2024-02-04 08:45:00+00:00,7.4,1.4,4.7,500
USGS-01649190,2024-02-04 08:50:00+00:00,7.4,1.5,4.7,501
USGS-01649190,2024-02-04 08:55:00+00:00,7.4,1.5,4.6,501
USGS-01649190,2024-02-04 09:00:00+00:00,7.4,1.5,4.6,500
USGS-01649190,2024-02-04 09:05:00+00:00,7.4,1.3,4.6,500
USGS-01649190,2024-02-04 09:10:00+00:00,7.4,1.5,4.6,500
USGS-01649190,2024-02-04 09:15:00+00:00,7.4,1.6,4.6,500
USGS-01649190,2024-02-04 09:20:00+00:00,7.4,1.6,4.6,500
USGS-01649190,2024-02-04 09:25:00+00:00,7.4,1.6,4.6,500
USGS-01649190,2024-02-04 09:30:00+00:00,7.4,1.5,4.5,500
USGS-01649190,2024-02-04 09:35:00+00:00,7.4,1.7,4.5,500
USGS-01649190,2024-02-04 09:40:00+00:00,7.4,1.6,4.5,500
USGS-01649190,2024-02-04 09:45:00+00:00,7.4,1.6,4.5,500
USGS-01649190,2024-02-04 09:50:00+00:00,7.4,1.6,4.5,500
USGS-01649190,2024-02-04 09:55:00+00:00,7.4,1.6,4.5,500
USGS-01649190,2024-02-04 10:00:00+00:00,7.4,1.4,4.4,500
USGS-01649190,2024-02-04 10:05:00+00:00,7.4,1.6,4.4,500
USGS-01649190,2024-02-04 10:10:00+00:00,7.4,1.5,4.4,500
USGS-01649190,2024-02-04 10:15:00+00:00,7.4,1.6,4.4,500
USGS-01649190,2024-02-04 10:20:00+00:00,7.4,1.5,4.4,500
USGS-01649190,2024-02-04 10:25:00+00:00,7.4,1.5,4.4,500
USGS-01649190,2024-02-04 10:30:00+00:00,7.4,1.7,4.4,500
USGS-01649190,2024-02-04 10:35:00+00:00,7.4,1.6,4.4,500
USGS-01649190,2024-02-04 10:40:00+00:00,7.4,1.6,4.3,500
USGS-01649190,2024-02-04 10:45:00+00:00,7.4,1.6,4.3,500
USGS-01649190,2024-02-04 10:50:00+00:00,7.4,1.5,4.3,500
USGS-01649190,2024-02-04 10:55:00+00:00,7.4,1.5,4.3,500
USGS-01649190,2024-02-04 11:00:00+00:00,7.4,1.6,4.3,500
USGS-01649190,2024-02-04 11:05:00+00:00,7.4,1.4,4.3,500
USGS-01649190,2024-02-04 11:10:00+00:00,7.4,1.5,4.2,500
USGS-01649190,2024-02-04 11:15:00+00:00,7.4,1.4,4.2,500
USGS-01649190,2024-02-04 11:20:00+00:00,7.4,1.4,4.2,500
USGS-01649190,2024-02-04 11:25:00+00:00,7.4,1.4,4.2,500
USGS-01649190,2024-02-04 11:30:00+00:00,7.4,1.4,4.2,500
USGS-01649190,2024-02-04 11:35:00+00:00,7.4,1.4,4.2,500
USGS-01649190,2024-02-04 11:40:00+00:00,7.4,1.4,4.2,500
USGS-01649190,2024-02-04 11:45:00+00:00,7.4,1.4,4.2,500
USGS-01649190,2024-02-04 11:50:00+00:00,7.4,1.4,4.1,498
USGS-01649190,2024-02-04 11:55:00+00:00,7.4,1.4,4.1,498
USGS-01649190,2024-02-04 12:00:00+00:00,7.4,1.3,4.1,497
USGS-01649190,2024-02-04 12:05:00+00:00,7.4,1.4,4.1,497
USGS-01649190,2024-02-04 12:10:00+00:00,7.4,1.4,4.1,498
USGS-01649190,2024-02-04 12:15:00+00:00,7.4,1.4,4.1,497
USGS-01649190,2024-02-04 12:20:00+00:00,7.4,1.3,4.0,497
USGS-01649190,2024-02-04 12:25:00+00:00,7.4,1.3,4.0,497
USGS-01649190,2024-02-04 12:30:00+00:00,7.4,1.4,4.0,497
USGS-01649190,2024-02-04 12:35:00+00:00,7.4,1.4,4.0,497
USGS-01649190,2024-02-04 12:40:00+00:00,7.4,1.4,4.0,497
USGS-01649190,2024-02-04 12:45:00+00:00,7.4,1.3,4.0,497
USGS-01649190,2024-02-04 12:50:00+00:00,7.4,1.3,4.0,497
USGS-01649190,2024-02-04 12:55:00+00:00,7.4,1.3,4.0,497
USGS-01649190,2024-02-04 13:00:00+00:00,7.4,1.4,3.9,497
USGS-01649190,2024-02-04 13:05:00+00:00,7.4,1.4,3.9,497
USGS-01649190,2024-02-04 13:10:00+00:00,7.4,1.4,3.9,497
USGS-01649190,2024-02-04 13:15:00+00:00,7.4,1.4,3.9,497
USGS-01649190,2024-02-04 13:20:00+00:00,7.4,1.3,3.9,497
USGS-01649190,2024-02-04 13:25:00+00:00,7.4,1.3,3.9,497
USGS-01649190,2024-02-04 13:30:00+00:00,7.4,1.3,3.9,497
USGS-01649190,2024-02-04 13:35:00+00:00,7.4,1.4,3.9,497
USGS-01649190,2024-02-04 13:40:00+00:00,7.4,1.4,3.9,497
USGS-01649190,2024-02-04 13:45:00+00:00,7.4,1.4,3.9,497
USGS-01649190,2024-02-04 13:50:00+00:00,7.4,1.3,3.9,497
USGS-01649190,2024-02-04 13:55:00+00:00,7.4,1.4,3.9,497
USGS-01649190,2024-02-04 14:00:00+00:00,7.4,1.4,3.9,497
USGS-01649190,2024-02-04 14:05:00+00:00,7.4,1.3,3.9,496
USGS-01649190,2024-02-04 14:10:00+00:00,7.4,1.3,3.9,496
USGS-01649190,2024-02-04 14:15:00+00:00,7.4,1.4,3.9,496
USGS-01649190,2024-02-04 14:20:00+00:00,7.4,1.3,3.9,496
USGS-01649190,2024-02-04 14:25:00+00:00,7.4,1.3,3.9,496
USGS-01649190,2024-02-04 14:30:00+00:00,7.4,1.3,3.9,496
USGS-01649190,2024-02-04 14:35:00+00:00,7.4,1.3,3.9,496
USGS-01649190,2024-02-04 14:40:00+00:00,7.4,1.3,3.9,496
USGS-01649190,2024-02-04 14:45:00+00:00,7.4,1.3,3.9,496
USGS-01649190,2024-02-04 14:50:00+00:00,7.4,1.3,4.0,496
USGS-01649190,2024-02-04 14:55:00+00:00,7.4,1.3,4.0,496
USGS-01649190,2024-02-04 15:00:00+00:00,7.4,1.3,4.0,496
USGS-01649190,2024-02-04 15:05:00+00:00,7.4,1.2,4.0,495
USGS-01649190,2024-02-04 15:10:00+00:00,7.4,1.3,4.0,495
USGS-01649190,2024-02-04 15:15:00+00:00,7.4,1.3,4.0,495
USGS-01649190,2024-02-04 15:20:00+00:00,7.4,1.2,4.1,495
USGS-01649190,2024-02-04 15:25:00+00:00,7.4,1.3,4.1,495
USGS-01649190,2024-02-04 15:30:00+00:00,7.4,1.3,4.1,495
USGS-01649190,2024-02-04 15:35:00+00:00,7.4,1.3,4.1,495
USGS-01649190,2024-02-04 15:40:00+00:00,7.4,1.3,4.2,495
USGS-01649190,2024-02-04 15:45:00+00:00,7.5,1.3,4.2,495
USGS-01649190,2024-02-04 15:50:00+00:00,7.5,1.2,4.2,494
USGS-01649190,2024-02-04 15:55:00+00:00,7.5,1.2,4.2,494
USGS-01649190,2024-02-04 16:00:00+00:00,7.5,1.4,4.3,494
USGS-01649190,2024-02-04 16:05:00+00:00,7.5,1.3,4.3,494
USGS-01649190,2024-02-04 16:10:00+00:00,7.5,1.3,4.3,494
USGS-01649190,2024-02-04 16:15:00+00:00,7.5,1.2,4.4,494
USGS-01649190,2024-02-04 16:20:00+00:00,7.5,1.3,4.4,496
USGS-01649190,2024-02-04 16:25:00+00:00,7.5,1.2,4.4,496
USGS-01649190,2024-02-04 16:30:00+00:00,7.5,1.3,4.4,496
USGS-01649190,2024-02-04 16:35:00+00:00,7.5,1.3,4.5,495
USGS-01649190,2024-02-04 16:40:00+00:00,7.5,1.2,4.5,495
USGS-01649190,2024-02-04 16:45:00+00:00,7.5,1.2,4.6,495
USGS-01649190,2024-02-04 16:50:00+00:00,7.5,1.2,4.6,495
USGS-01649190,2024-02-04 16:55:00+00:00,7.5,1.2,4.6,495
USGS-01649190,2024-02-04 17:00:00+00:00,7.5,1.2,4.7,495
USGS-01649190,2024-02-04 17:05:00+00:00,7.5,1.3,4.7,495
USGS-01649190,2024-02-04 17:10:00+00:00,7.5,1.2,4.7,495
USGS-01649190,2024-02-04 17:15:00+00:00,7.5,1.2,4.7,495
USGS-01649190,2024-02-04 17:20:00+00:00,7.5,1.2,4.8,495
USGS-01649190,2024-02-04 17:25:00+00:00,7.5,1.2,4.8,494
USGS-01649190,2024-02-04 17:30:00+00:00,7.5,1.2,4.8,494
USGS-01649190,2024-02-04 17:35:00+00:00,7.5,1.2,4.9,494
USGS-01649190,2024-02-04 17:40:00+00:00,7.5,1.2,4.9,494
USGS-01649190,2024-02-04 17:45:00+00:00,7.5,1.2,5.0,494
USGS-01649190,2024-02-04 17:50:00+00:00,7.5,1.3,5.0,494
USGS-01649190,2024-02-04 17:55:00+00:00,7.5,1.2,5.0,494
USGS-01649190,2024-02-04 18:00:00+00:00,7.5,1.2,5.0,494
USGS-01649190,2024-02-04 18:05:00+00:00,7.5,1.3,5.1,493
USGS-01649190,2024-02-04 18:10:00+00:00,7.5,1.3,5.1,493
USGS-01649190,2024-02-04 18:15:00+00:00,7.5,1.2,5.2,493
USGS-01649190,2024-02-04 18:20:00+00:00,7.5,1.2,5.1,493
USGS-01649190,2024-02-04 18:25:00+00:00,7.5,1.2,5.2,493
USGS-01649190,2024-02-04 18:30:00+00:00,7.5,1.2,5.3,493
USGS-01649190,2024-02-04 18:35:00+00:00,7.5,1.2,5.3,493
USGS-01649190,2024-02-04 18:40:00+00:00,7.5,1.3,5.3,493
USGS-01649190,2024-02-04 18:45:00+00:00,7.5,1.2,5.3,492
USGS-01649190,2024-02-04 18:50:00+00:00,7.5,1.2,5.3,492
USGS-01649190,2024-02-04 18:55:00+00:00,7.5,1.2,5.4,492
USGS-01649190,2024-02-04 19:00:00+00:00,7.5,1.3,5.4,492
USGS-01649190,2024-02-04 19:05:00+00:00,7.5,1.3,5.4,492
USGS-01649190,2024-02-04 19:10:00+00:00,7.5,1.2,5.4,492
USGS-01649190,2024-02-04 19:15:00+00:00,7.5,1.3,5.4,492
USGS-01649190,2024-02-04 19:20:00+00:00,7.5,1.2,5.5,492
USGS-01649190,2024-02-04 19:25:00+00:00,7.5,1.2,5.5,492
USGS-01649190,2024-02-04 19:30:00+00:00,7.5,1.2,5.5,492
USGS-01649190,2024-02-04 19:35:00+00:00,7.5,1.2,5.5,492
USGS-01649190,2024-02-04 19:40:00+00:00,7.5,1.3,5.5,491
USGS-01649190,2024-02-04 19:45:00+00:00,7.5,1.2,5.6,491
USGS-01649190,2024-02-04 19:50:00+00:00,7.5,1.2,5.6,491
USGS-01649190,2024-02-04 19:55:00+00:00,7.5,1.3,5.6,491
